2020年5月15日	ダウンロードNo.1キーボードアプリ＊「Simeji」、 10代の「新型コロナウィルスに関する意識調査」を実施	https://www.baidu.jp/info/1033/	2020.05.15ダウンロードNo.1キーボードアプリ*「Simeji」、 10代の「新型コロナウィルスに関する意識調査」を実施 10代のSimejiユーザー半数以上が「ソーシャルディスタンス」を認知、感染予防意識に変化 新型コロナウィルスに関連した肺炎に罹患された皆さまに心よりお見舞いを申し上げます。バイドゥ株式会社(本社:東京都港区、代表取締役社長:Charles Zhang)が提供する日本語入力&きせかえ顔文字キーボードアプリ「Simeji」は、10代のSimejiユーザー1,411人を対象に「新型コロナウィルスに関する意識調査」を実施しました。(調査期間:2020年4月21日〜2020年5月7日)本調査により、10代の新型コロナウィルスに対する関心と理解が見えてきました。また、Simejiは新型コロナウィルスへの感染予防促進のため安全で正しい情報をまとめた特設サイトにて情報発信を行っています。*2010年7月〜2019年9月 日本におけるiOSとGooglePlayの合計*App Annie調べ背景Simejiは、スマホ向けのキーボードアプリ(iOS・Android)です。10代を中心に1日あたり約1,000万以上のユーザーにご利用いただいています。この度、10代のSimejiユーザー1,411人に新型コロナウィルスに関する意識調査を実施しました。2020年5月14日、政府による39県の緊急事態宣言の解除決定がなされたことをふまえ、新型コロナウィルスに対する10代の意識調査の結果を発表します。 
2020年5月19日	Baidu, Inc.   2020年第1四半期の業績を発表	https://www.baidu.jp/info/1048/	2020年5月19日(火) 日本時間 - Baidu, Inc.(本社:中華人民共和国北京市、Baidu会長兼CEO:Robin Li、米NASDAQ:BAIDU、以下Baidu)は、2020年第1四半期の業績を発表致しましたので、お知らせ致します。2020年5月18日(月)米国東部標準時、Baidu, Inc.が発表したリリース(英語版)です。http://ir.baidu.com/news-releases/news-release-details/baidu-announces-first-quarter-2020-results Baidu, Inc. についてBaidu, Incは中国の主要なインターネット検索プロバイダーです。Baiduは、テクノロジーによって複雑な世界をシンプルにすることを目指しています。Baidu公式サイト:http://www.baidu.com/ バイドゥ株式会社について中国の検索市場において第1位のシェアを有しており、米国NASDAQへ上場しているBaidu, Inc.(百度)(本社:中国北京市、会長兼CEO:Robin Li)の日本法人です。2006年12月に設立以降、法人企業さまの中国でのマーケティング活動支援、インバウンド、越境EC対策などをサポートすべく、中国語圏向けのリスティング広告、アドネットワーク広告などのインターネット広告商品を提供するほか、累計4,000万ダウンロード(2020年3月時点)を誇る日本語入力&きせかえ顔文字キーボードアプリ「Simeji」(2011年12月よりAndroid版、2014年9月にiOS版を提供)を提供しています。また、2015年5月より、Webメディア様向けレコメンドエンジンやインターネット広告、スマートフォン広告を提供するpopIn株式会社(本社:東京都港区、代表取締役社長:程涛)がグループに加わっています。バイドゥ株式会社公式サイト:https://www.baidu.jp/ 
2020年5月21日	ダウンロードNo.1キーボードアプリ＊「Simeji」、 スマートフォン向けゲームアプリ「少女☆歌劇 レヴュースタァライト -Re LIVE-」× 「初音ミク」との期間限定コラボ決定！	https://www.baidu.jp/info/1050/	2020.05.21ダウンロードNo.1キーボードアプリ*「Simeji」、 スマートフォン向けゲームアプリ「少女歌劇 レヴュースタァライト -Re LIVE-」× 「初音ミク」との期間限定コラボ決定! ミッションクリアで5種類のSimejiオリジナルきせかえをゲットしよう! バイドゥ株式会社(本社:東京都港区、代表取締役社長 Charles Zhang)が提供する日本語入力&きせかえ顔文字キーボードアプリ「Simeji」(iOS、Android版)は、 ミュージカルとアニメーションで紡ぐ二層展開式少女歌劇「少女歌劇 レヴュースタァライト」を題材としたスマートフォン向けゲームアプリ「少女歌劇 レヴュースタァライト -Re LIVE-」との、期間限定のコラボキャンペーンを本日より2020年5月28日(木)まで実施します。本コラボレーションでは、ミッションクリアにより「少女歌劇 レヴュースタァライト -Re LIVE- × 初音ミク」をテーマとしたデザイン1種、「少女歌劇 レヴュースタァライト -Re LIVE-」をテーマとしたデザイン4種、合計5種類のSimejiオリジナルのきせかえデザインをダウンロードしてお楽しみいただけます。※2010年7月〜2019年9月 日本におけるiOSとGoogle Playの合計※App Annie調べ1. オリジナルきせかえGetミッション1)「Simeji」をスマホにダウンロード(すでにダウンロードしている場合は不要)2)「少女歌劇 レヴュースタァライト -Re LIVE-」をダウンロード3)「少女歌劇 レヴュースタァライト -Re LIVE-」ダウンロード完了後、アプリ内「お知らせ」より、特設サイトにアクセスすると、全5種の限定きせかえを入手できます。(既に「少女歌劇 レヴュースタァライト -Re LIVE-」を使用中で条件をクリアしている方は、アプリ内「お知らせ」よりきせかえデザインを取得できます。)※当コラボきせかえはiPad非対応です。※本コラボきせかえは適用後180日間ご利用いただけます。※Simejiの無料きせかえは、端末間での引き継ぎをサポートしておりませんので、アンインストールや機種変更の際はご注意ください。
2020年5月27日	アフターコロナ、新しい日常は自分で“作る“！？ Simejiランキング10代女子1,000人が選んだ 「新しく始めたいことTOP10」	https://www.baidu.jp/info/1054/	2020.05.27アフターコロナ、新しい日常は自分で作る!? Simejiランキング10代女子1,000人が選んだ 「新しく始めたいことTOP10」 ～上達したい!第1位「料理・スイーツ作り」!新しいことへも意欲的、第2位「勉強」!～ バイドゥ株式会社(本社:東京都港区、代表取締役社長 Charles Zhang)が提供する日本語入力&きせかえ顔文字キーボードアプリ「Simeji」は、10代女子のSimejiユーザーへアプリ上でアンケート調査を行い、そのデータをランキング化した「Simejiランキング」を発表します。今回のテーマは、10代女子1,000人が選んだ「新しく始めたいことTOP10」※集計期間 2020/4/21～2020/5/14  有効回答数 10代女子1,237 【Simejiチームの総評】全国で緊急事態解除を迎え、手洗いうがい、人と2mの距離の確保や、外出時のマスクの着用など新たな生活様式が日々浸透しています。これまでと過ごし方が変わり、新しいことに挑戦する10代女子も多いようです。Simejiランキングは、10代女子の「新しく始めたいことTOP10」を調査しました。第1位 料理・スイーツ作り料理を始めたい!スイーツ作りをしたい!という回答が最も多く、堂々の第1位。おいしいものは、いつでも幸せな気持ちにしてくれますよね。得意料理を増やしたり作ったものを誰かと一緒に食べたり、今後さらに楽しみが増えそうです。第2位 勉強韓国語やイタリア語などの外国語や手話を習いたい、オンラインで習い事がしたいなど10代女子は勉強にとても前向きです。また、休校が続いたことで宿題や課題に取り組みたいという声も多く寄せられました。第3位 運動ストレッチやダンスなど、体を動かしたい、鍛えたい「運動」が第3位です。ヨガや卓球など、換気と距離に気を付ければ誰かと一緒にできるものから、コツコツ一人で鍛えられる筋トレまで幅広く人気です。今までやったことがないジャンルの運動にも関心が集まっています。第4位 手芸・ハンドメイド裁縫、編み物、レジン、DIYなど10代女子の「何かを作りたい」気持ちが高まっているようです。中には「マスクづくり」をしたいという回答も。今後外出時の必須アイテムともいえるマスク。毎日つけるものだからこそ自分の好きな素材や柄を選んで、作る楽しみも倍増の予感です。第5位 イラスト・絵イラストがうまくなりたい、水彩画や墨絵を描いてみたいなどクリエイティブな趣味が人気です。YouTubeで描き方のコツを紹介している動画も多く、気軽にトライできそうです。今まで気が付かなかった新たな才能に出会えるかもしれません。第6位 楽器第6位に「楽器」がランクイン、特にギターやピアノが10代女子に人気です。最近ではオンラインレッスンや楽器に関連するアプリも増えていますね。星野源さんがSNSに投稿した「うちで踊ろう」のように、自分も演奏して投稿できますね。コンサートに行くことが難しい今、好きな曲を練習しながらエンタメ業界の復活を心待ちにしたいです。第7位 ゲーム新しいゲームに挑戦したい!という回答が多数。中でも「あつ森」ことNintendo Switch「あつまれどうぶつの森」が10代女子の熱い注目を集めています。自粛中だったあの時も、これからの新しい日常も、ゲームを通して人とつながることが今後さらに浸透していくのかもしれません。第8位 読書小説・マンガなどを含む「読書」が第8位にランクイン。たくさん読みたい、読書を習慣にしたいという回答が寄せられました。さらに、読むだけでなくオリジナルのマンガや小説書いてみたいという創作活動にも意欲的なようです。第9位 ダイエット永遠のテーマともいえる第9位「ダイエット」。久しぶりに友達や彼氏に会うからこそこの前よりもっとかわいい自分で登場したいのが女子心。第3位の「運動」と合わせて、自分にぴったりのダイエット方法を見つけたいですね。第10位 そうじいつか整理しようと思っていたお部屋のそうじが進んでいるようです。断捨離や模様替えで、きれいになったスペースに「推し」(好きなアーティストやキャラクター)のグッズを飾りたいという声も。好きなものに囲まれて、自分時間を大切に過ごしていただきたいです。以上、いかがでしたでしょうか。外出しづらくなり、家での過ごし方を考える中でクリエイティブなことに挑戦したいと思う人が増えているようです。緊急事態宣言は解除されましたが今後、第二波、第三波と再流行する恐れがあると言われています。急に変わってしまった生活にストレスを感じている方が多いかと思います。そんな中での楽しみ方や自己表現の方法を模索し乗り越えようという気持ちをSimejiランキングチームは感じました。Simejiは、新型コロナウィルスに関するニュースを配信するなどキーボードアプリとして可能なサービスを提供し、より便利に皆様へ寄り添うツールとして運営してまいります。Simeji「新型コロナウィルスに関する情報まとめサイト」についてSimejiは、ユーザー様および周辺のご家族やお友達の安全を願い、公的情報や信頼性の高い情報のまとめサイトを開設、Simejiキーボード及びアプリよりアクセスいただけます。<特設サイトへのアクセス方法>・Simejiアプリ内に特設サイトを設けています。こちらのURLから直接アクセスも可能です。https://api.simeji.me/static/simeji-miniapp/pneumonia.html・Simejiキーボードでころなと入力した場合に特設サイトへのリンクを表示します。<情報まとめサイトURL>https://api.simeji.me/static/simeji-miniapp/pneumonia.html 日本語入力&きせかえ顔文字キーボードアプリ「Simeji」についてSimeji(シメジ) -日本語入力&きせかえ顔文字キーボードアプリ」は、Google Play™で最初に公開されたサードパーティー日本語キーボードです。現在はGoogle Play™にて、累計約2,060万以上のダウンロード数を誇る日本語入力アプリとなっています。さらに、2014年9月に はiOS版を提供開始、2020年3月時点で1,940万ダウンロードを達成、両OS併せて4,000万ダウンロードを達成しました。また、App Store「Best of 2016 今年のベスト」ランキング:無料カテゴリにもランクインしました。フリック入力や顔文字入力、アスキーアート入力のようなユニークな入力キーボードに加え、中国百度のAI技術を活用した音声入力にも対応し、ユニークできめ細やかな文字入力体験を提供しています。またメールやSNSのコミュニケーションが豊かになる絵文字や顔文字を多数、App内に搭載しています。更にクラウド超変換を使用する事で、端末メモリ使用量をおさえたまま豊富な顔文字変換を表示する事や、入力した瞬間におもしろ変換を表示する事が可能です。またキーボードのデザインを自由に変更できる洗練されたデザインのきせかえ機能により、カスタマイズすることができ、スマホやタブレット端末を使う楽しみがいっそう高まります。2015年3月には初の有料アプリとなる「Simeji Pro」もiOS向けに提供開始しました。また、おかげさまで2020年、Simejiは誕生から12周年を迎えました。Simejiオフィシャルサイト:https://simeji.me/Simejiランキング:https://simeji.me/simeji-ranking/Android版URL:https://play.google.com/store/apps/details?id=com.adamrocker.android.input.simejiiOS版URL:https://itunes.apple.com/jp/app/id899997582?mt=8Simeji Pro【iPhone版のみ、1,100円(税込)】URL:https://itunes.apple.com/jp/app/id959791915?mt=8 
2020年6月1日	ダウンロードNo.1キーボードアプリ＊「Simeji」、 サブスクリプションサービス「Simeji VIP」にて、 大人気の「サンリオキャラクターズ」と期間限定コラボ決定！	https://www.baidu.jp/info/1056/	2020.06.01ダウンロードNo.1キーボードアプリ*「Simeji」、 サブスクリプションサービス「Simeji VIP」にて、 大人気の「サンリオキャラクターズ」と期間限定コラボ決定! ハローキティ、ポチャッコ、ポムポムプリンなどのきせかえデザインが手に入るのは今だけ! バイドゥ株式会社(本社:東京都港区、代表取締役社長:Charles Zhang)が提供する日本語入力&きせかえ顔文字キーボードアプリ「Simeji」(iOS、Android版)は、 Simejiのサブスクリプションサービス「Simeji VIP」(月額400円 税込)にて株式会社サンリオ(本社:東京都品川区、代表取締役社長:辻 信太郎)が展開するハローキティやシナモロールをはじめとした「サンリオキャラクターズ」とのきせかえコラボレーションを本日より2021年5月31日(月)まで、1年間の期間限定で実施いたします。コラボレーション第1弾では、ハローキティ・ポチャッコ・ポムポムプリン・シナモロール・けろけろけろっぴのきせかえデザイン(全6種)をお楽しみいただけます。これらのきせかえデザインは、サブスクリプションサービス「Simeji VIP」(月額400円 税込)に登録いただくことでダウンロードが可能となり、iOS版を6月1日(月)より先行公開、Android版を6月下旬に公開(予定)いたします。続く第2弾、第3弾のコラボレーションをご期待ください。※2010年7月〜2019年9月 日本におけるiOSとGoogle Playの合計※App Annie調べ 1. きせかえ入手方法 1)「Simeji」をスマホにダウンロード(すでにダウンロードしている場合は不要)2)アプリ内のコラボ案内のバナー、またはサンリオキャラクターズコラボきせかえ表示をタップ、「適用」をタップでご利用いただけます。アプリを立ち上げ、左上にある「VIPになる」をタップし、プランを選択し登録を行います。※1 VIP会員は月額プランと年間プランがございます。※2 きせかえのダウンロード可能期間は、2020年6月1日(月)～2021年5月31日(月)の1年間となります。ダウンロードしたきせかえは、VIP会員である期間中、引き続き利用することが可能です。
2020年6月8日	Simejiランキング 日テレ、TBS、フジ!? こんな時だからこそ！ Simejiランキング10代女子1,800人が選んだ 「再放送してほしいドラマ・映画 TOP10」	https://www.baidu.jp/info/1074/	2020.06.08Simejiランキング 日テレ、TBS、フジ!? こんな時だからこそ! Simejiランキング10代女子1,800人が選んだ 「再放送してほしいドラマ・映画 TOP10」 不動の人気、第1位「3年A組」!劇場版が公開間近、第2位「今日から俺は‼」! バイドゥ株式会社(本社:東京都港区、代表取締役社長 Charles Zhang)が提供する日本語入力&きせかえ顔文字キーボードアプリ「Simeji」は、10代女子のSimejiユーザーへアプリ上でアンケート調査を行い、そのデータをランキング化した「Simejiランキング」を発表します。今回のテーマは、10代女子1,800人が選んだ 「再放送してほしいドラマ・映画TOP10」※集計期間 2020/5/28～2020/6/2  有効回答数 10代女子1,836  【Simejiチームの総評】全国で新型コロナウイルスの感染拡大による緊急事態宣言の解除を迎えましたが、第二波の可能性や東京アラートなどまだまだ安心はできない日々が続いています。そんな中で過去に放送された人気のドラマや映画の再放送を各局が行なって話題となっています。そこでSimejiはこんな時期だからこそ再放送して欲しいドラマ・映画についてアンケートを取り、ランキングにしました。テレビ局の皆さん、是非ご参考にしてください☺️第1位 3年A組 ―今から皆さんは、人質です―(ドラマ)日本テレビ系:2019年1月期 日曜ドラマ菅田将暉さんが主演を演じるサスペンス学園ドラマが1位を飾りました。2位との差はわずか1pt!!「担任がクラス29人全員を人質に取る」と言う衝撃的な内容に、生徒役には川栄李奈さん、片寄涼太さん(GENERATIONS from EXILE TRIBE)、上白石萌歌さんなど超超豪華なキャスティング。先が気になってドキドキしちゃう、こんな今だからこそ、テレビに釘付けてみたいですね!第2位 今日から俺は!!(ドラマ)日本テレビ系:2018年10月期 日曜ドラマ西森博之先生原作漫画「今日から俺は!!」の実写化ドラマが1pt差で惜しくも2位!日テレさん1・2フィニッシュです。主演の賀来賢人さんとその相棒役の伊藤健太郎さん、その他キャストもとにかく濃い!今年7月には劇場版も予定されており、人気はまだまだ上昇中!劇場版を前に予習しておきたいです。第3位 花のち晴れ〜花男 Next Season〜(ドラマ)TBS系:2018年4月期 火曜ドラマ 同系列で放送されたドラマ「花より男子」シリーズのスピンオフ。主演は連続ドラマ初主演の杉咲花さん。イケメンをずっと眺めていたい10代女子が投票した…かも笑第4位 恋はつづくよどこまでも(ドラマ)TBS系:2020年1月期 火曜ドラマ「魔王」と呼ばれる毒舌超ドSなドクター天堂浬(佐藤健さん)とそんな魔王に憧れ好意を抱き挫けず突き進む姿から「勇者」と呼ばれる佐倉七瀬(上白石萌音さん)の姿を描いたラブコメディ。終了後は「恋つづロス」とまで言われるほど大人気でしたね!第5位 コード・ブルー(ドラマ)フジテレビ系:2008年~3rdシーズンまで放送され、更には映画化もされた山下智久さん、新垣結衣さん、戸田恵梨香さんらが出演する超人気シリーズ。救急医療である「ドクターヘリ」を題材とした医療ドラマ3rdシーズンに映画というボリューム感!こんな時こそ、一気見したい人続出?第6位 あなたの番です(ドラマ)日本テレビ系:2019年4月期 日曜ドラママンションに引っ越してきた年の差婚の新婚夫婦が住民会で行われた「交換殺人ゲーム」に巻き込まれる姿を描いたミステリードラマ、企画・原案はあの秋元康さんってご存知でしたか?2章構成、合計20話の超大作。ドキドキなストーリーと主演の田中圭さん、原田知世さんの演技も必見です!第7位 名探偵コナン(映画)「週刊少年サンデー」で絶賛連載中、青山剛昌先生原作の漫画作品。劇場版24作目となる2020年4月17日に公開予定だった最新作『名探偵コナン 緋色の弾丸』が公開延期となってしまいましたが、最新作だけでなく過去作品を再度観たいという声多数!コナンの人気凄まじい!第8位 天気の子(映画)2019年7月19日公開「秒速5センチメートル」や「君の名は。」でおなじみ新海誠監督による日本のアニメーション。RADWIMPSさんの挿入歌も世界観とマッチして、何度でも観たくなりますよね!キャッチコピーは「これは、僕と彼女だけが知っている、世界の秘密についての物語」Blu-ray&DVD が今年5月27日に発売されましたね、地上波放送はもう少し先でしょうか?待ち遠しい!第9位 コンフィデンスマンJ P(ドラマ)フジテレビ系:2018年4月期 月曜ドラマコンフィデンスマン(信用詐欺師)のダー子(長澤まさみさん)・ボクちゃん(東出昌大さん)・リチャード(小日向文世さん)が、悪徳企業のドンやマフィアのボスなど欲望にまみれた金の亡者達から、あらゆる手段を使って金を騙し取る、一話完結型物語。毎回ゲスト出演する豪華俳優陣や、一話完結型のスッキリ感がランクインまで押し込んだか!第10位 俺のスカート、どこ行った?(ドラマ)日本テレビ系:2019年4月期 土曜ドラマ略称「俺スカ」ゲイで女装家の原田のぶお(古田新太さん)が壇上に立ち、真の多様性を生徒だけでなく教師たちにも叩き込む!奇抜なストーリーに込められたメッセージ、最後はどうなるのか!気になりますね!以上、いかがでしたでしょうか。皆さんの好きなドラマ・映画は入っていましたか?最近ですと「凪のお暇(TBS)」や「逃げるは恥だが役に立つ(TBS)」、「ごくせん(日本テレビ)」などは再放送されていたためランクインしなかったのかもしれませんね。緊急事態宣言は解除されましたがまだまだ油断はできません。変わる生活様式と向き合い、どのようにお家での生活を楽しむかが重要となってきます。そんな中で楽しい作品を制作してくださる皆様に感謝しつつ新作・次回作を心待ちにしたいですね。 Simejiランキングとはユーザーの皆様が持つ最新トレンドを積極的に発信し、もっとたくさんの人に広めたい思いから始まったSimejiランキング。 Simejiアプリ上でアンケートを実施し、その結果データをランキング化したり、利用統計などから選出したものです。今後もSimejiランキングは、面白くて楽しいランキングデータを提供してまいります。次回のSimejiランキングをお楽しみに!Simejiランキング https://simeji.me/simeji-ranking/ 日本語入力&きせかえ顔文字キーボードアプリ「Simeji」についてSimeji(シメジ) -日本語入力&きせかえ顔文字キーボードアプリ」は、Google Play™で最初に公開されたサードパーティー日本語キーボードです。現在はGoogle Play™にて、累計約2,060万以上のダウンロード数を誇る日本語入力アプリとなっています。さらに、2014年9月に はiOS版を提供開始、2020年3月時点で1,940万ダウンロードを達成、両OS併せて4,000万ダウンロードを達成しました。また、App Store「Best of 2016 今年のベスト」ランキング:無料カテゴリにもランクインしました。フリック入力や顔文字入力、アスキーアート入力のようなユニークな入力キーボードに加え、中国百度のAI技術を活用した音声入力にも対応し、ユニークできめ細やかな文字入力体験を提供しています。またメールやSNSのコミュニケーションが豊かになる絵文字や顔文字を多数、App内に搭載しています。更にクラウド超変換を使用する事で、端末メモリ使用量をおさえたまま豊富な顔文字変換を表示する事や、入力した瞬間におもしろ変換を表示する事が可能です。またキーボードのデザインを自由に変更できる洗練されたデザインのきせかえ機能により、カスタマイズすることができ、スマホやタブレット端末を使う楽しみがいっそう高まります。2015年3月には初の有料アプリとなる「Simeji Pro」もiOS向けに提供開始しました。また、おかげさまで2020年、Simejiは誕生から12周年を迎えました。Simejiオフィシャルサイト:https://simeji.me/Simejiランキング:https://simeji.me/simeji-ranking/Android版URL:https://play.google.com/store/apps/details?id=com.adamrocker.android.input.simejiiOS版URL:https://itunes.apple.com/jp/app/id899997582?mt=8Simeji Pro【iPhone版のみ、1,100円(税込)】URL:https://itunes.apple.com/jp/app/id959791915?mt=8 
2020年6月10日	ダウンロードNo.1キーボードアプリ＊「Simeji」、 大人気リズム&アドベンチャーゲーム「バンドリ！ ガールズバンドパーティ！」との 期間限定コラボ決定！	https://www.baidu.jp/info/1077/	2020.06.10ダウンロードNo.1キーボードアプリ*「Simeji」、 大人気リズム&アドベンチャーゲーム「バンドリ! ガールズバンドパーティ!」との 期間限定コラボ決定! 今がチャンス!ミッションクリアで7種類のSimejiオリジナルきせかえをゲット! バイドゥ株式会社(本社:東京都港区、代表取締役社長:Charles Zhang)が提供する日本語入力&きせかえ顔文字キーボードアプリ「Simeji」(iOS、Android版)は、 スマートフォン向けゲーム「バンドリ! ガールズバンドパーティ!」との期間限定のコラボキャンペーンを本日より2020年7月6日(月)まで実施します。本コラボレーションでは、ミッションクリアにより、ついに「バンドリ! ガールズバンドパーティ!」に登場するバンド「RAISE A SUILEN(レイズ ア スイレン)」をあしらった新作きせかえデザイン1種を含む、合計7種類のSimejiオリジナルのきせかえデザインをダウンロードできます。※2010年7月〜2019年9月 日本におけるiOSとGoogle Playの合計※App Annie調べ本コラボレーションでは、以下のミッションをクリアするとSimejiオリジナルのきせかえデザインをダウンロードできます。ここでしか手に入らないデザインにご期待ください。1. オリジナルきせかえGetミッション1)「Simeji」をスマホにダウンロード(すでにダウンロードしている場合は不要)2)「バンドリ! ガールズバンドパーティ!」をダウンロード3)「バンドリ! ガールズバンドパーティ!」ダウンロード完了後、アプリ内「お知らせ」>「コンテンツ情報」の該当バナーより、特設サイトにアクセスすると、全7種(新作きせかえデザイン1種 + 復刻きせかえデザイン6種)の限定きせかえを入手できます。(既に「バンドリ! ガールズバンドパーティ!」を使用中で条件をクリアしている方は、バナーからきせかえデザインを取得できます。)※当コラボきせかえはiPad非対応です。※本コラボきせかえは適用後180日間ご利用いただけます。※Simejiの無料きせかえは、端末間での引き継ぎをサポートしておりませんので、アンインストールや機種変更の際はご注意ください。2. ダウンロード可能期間2020年6月10日(水)～2020年7月6日(月)23:593. オリジナルきせかえデザインイメージ(iOS版の場合) 
2020年6月15日	帰宅から就寝まで！あの人の日常をのぞき見⁉  Simejiランキング10代女子4,300人が選んだ 「ナイトルーティン動画を見たい有名人 TOP10」	https://www.baidu.jp/info/1081/	2020.06.15帰宅から就寝まで!あの人の日常をのぞき見⁉  Simejiランキング10代女子4,300人が選んだ 「ナイトルーティン動画を見たい有名人 TOP10」 1,000人に一人の天使、第1位「橋本環奈」!恋つづロス続く⁉第2位「佐藤健」! バイドゥ株式会社(本社:東京都港区、代表取締役社長 Charles Zhang)が提供する日本語入力&きせかえ顔文字キーボードアプリ「Simeji」は、10代女子のSimejiユーザーへアプリ上でアンケート調査を行い、そのデータをランキング化した「Simejiランキング」を発表します。今回のテーマは、10代女子4,300人が選んだ 「ナイトルーティン動画を見たい有名人TOP10」※集計期間 2020/3/12～2020/3/24  有効回答数 10代女子4,363  【Simejiチームの総評】皆様は「ナイトルーティン」という言葉をご存知ですか?最近流行っているテーマで、帰宅後から寝るまでの普段の過ごし方(ルーティン)を指します。YouTubeでも人気なカテゴリで、様々なYouTuberの方が個性的なルーティン動画を配信しています。おうち時間が増えたことや5G通信開始などで、日々の動画視聴がより身近になってきました。以前のSimejiランキング「家での過ごし方TOP10」(https://simeji.me/simeji-ranking/backnumber/2020_19/)では、第1位にYouTubeがランクインしていましたね。トレーニングやメイク方法など、憧れの人の毎日の過ごし方に注目が集まっているようです。今回Simejiは、普段見ることができない「ナイトルーティン」動画を見たい有名人を調査しました。第1位 橋本環奈「1,000年に1人」の逸材として注目を集め、最近では映画「キングダム」「かぐや様は告らせたい～天才たちの恋愛頭脳戦～」など数々のヒット作に出演し活躍中。どうしたらそんなに可愛くなれるのか10代女子の愛が集まる堂々の第1位です。Simejiランキング「再放送してほしいドラマ・映画TOP10」(※1)では、橋本環奈さん出演ドラマ「今日から俺は‼」(日本テレビ系列)が第2位にランクインしています。(※1 Simejiランキング「再放送してほしいドラマ・映画TOP10」https://simeji.me/simeji-ranking/backnumber/2020_21/)第2位 佐藤健YouTube公式チャンネル(※2)を2020年3月に開設、3日後には登録者が100万人突破し、これまでに配信された動画は全て100万回再生超え、生配信ではなんと1,170万回再生(2020年6月時点)と圧倒的な人気を誇る佐藤健さん。いつか公式チャンネルでナイトルーティン動画を拝める日がやってきますように…!(※2 YouTube公式チャンネル「佐藤 健」https://www.youtube.com/channel/UC3BSzbgMn2vLYS4Dp_i-bow)第3位 永野芽郁女子中学生向けファッション誌「nicola(ニコラ)」(新潮社)や「Seventeen」(集英社)で専属モデルとして活躍し、最近では女優としてドラマ「3年A組 -今から皆さんは、人質です-」(日本テレビ系列)や連続テレビ小説「半分、青い。」(NHK)で高い演技力で存在感を放つ永野芽郁さん。最近のおうち時間でギターを猛特訓したのだとか。寝る前に一曲弾いてほしいですね!第4位 すとぷり生放送や動画投稿サイト等で活動中のエンタメユニット「すとろべりーぷりんす」、通称「すとぷり」。莉犬、ジェル、さとみ、ころん、るぅと、ななもりの6人組で、生ライブ以外のメディア出演時は各メンバーの姿はイラストキャラクターで表現されています。今年8月の東京ドームワンマンライブは新型コロナウィルス感染防止の為中止となりましたが、今夏に生配信無観客ライブが開催決定!各メンバーの寝る前の過ごし方を知りたい第4位です。第5位 新田真剣佑彗星のごとく現れ、CMや映画、舞台などで活躍中の新田真剣佑さん。俳優千葉真一さんを父に持ち、国宝級の容姿もさながら、最近ではThe Chainsmokersの名曲をカバーした「Closer(Tokyo Remix)」を配信、英語と日本語で歌う動画が再生回数1,000万回を突破するなど目が離せません!ロサンゼルス出身の真剣佑さん、ナイトルーティンが気になってたまらない第5位のランクインです。第6位 今田美桜「福岡一可愛い女の子」として注目を集め、2018年「花のち晴れ～花男 Next Season～」(TBS系列)の出演やCMでも大活躍中の今田美桜さん。今年1月に発売した写真集「ラストショット」(講談社)も重版が決定するなど、10代女子の憧れの的!もっともっと素顔が知りたいです。第7位 広瀬すずキレイとかわいいを両立、第7位に広瀬すずさんがランクインです。2019年女性タレントCM起用社数ランキング(※3)では渡辺直美さんに次ぎ第2位と、テレビで見ない日はないといっても過言ではないでしょう。今年5月に放送されたリモートドラマ「Living」(NHK)では姉の広瀬アリスさんと初共演が実現しました!大人っぽくなり、さらに輝く広瀬すずさんから目が離せません!(※3 ニホンモニター株式会社「2019年女性タレントCM起用社数ランキング」https://prtimes.jp/main/html/rd/p/000000015.000027092.html)第8位 石原さとみ底なしの魅力にくぎ付け、石原さとみさんが第8位にランクインです。「女性が選ぶなりたい顔ランキング」(※4)にもランキング常連で、10代に限らず幅広い世代から支持されていますね。日頃から筋トレや姿勢にも気を付けているそうで、寝る前にはストレッチポールで背中のマッサージをするのだそう。ナイトルーティンを真似すれば石原さとみさんみたいになれるかも!?参考にしたい!!(※4 ORICON NEWS「女性が選ぶなりたい顔ランキング」 https://www.oricon.co.jp/special/53952/)第9位 平野紫耀(King & Prince)今年5月にデビュー2周年を迎える「King & Prince」のメンバー平野紫耀さんが第9位にランクイン!Sexy Zoneの中島健人さんとW主演の連続ドラマ「未満警察 ミッドナイトランナー」(日本テレビ系列)のウェブ限定企画では2人の「W主題歌、踊ってみた。」動画や、YouTube公式チャンネル「Johnny's official」ではJohnny's Smile Up!ProjectとしてKing & Princeメンバーとのチャレンジ企画などを見ることができます。平野紫耀さんのお茶目なナイトルーティンも見てみたい!第10位 藤田ニコルインスタフォロワー350万人突破するなど「にこるん」の愛称で10代女子から支持されている藤田ニコルさん。YouTube公式チャンネル(※5)ではスキンケアやメイクなど40本以上の動画を配信し(2020年6月時点)、最近では「地雷メイク」動画が話題に。自己プロデュース力のずば抜けたにこるんならではの寝る前の過ごし方、是非配信してほしいですね!(※5 YouTube公式チャンネル「藤田ニコル https://www.youtube.com/channel/UC3d5tppwxYrOtv8fP8jk7nA)いかがでしたでしょうか。全国的に梅雨入りし、そのあとは夏の暑さ到来です。皆様もお気に入りのナイトルーティンを見つけて1日の疲れをリセットし、ご自身の体をいたわってあげてくださいね。 Simejiランキングとはユーザーの皆様が持つ最新トレンドを積極的に発信し、もっとたくさんの人に広めたい思いから始まったSimejiランキング。 Simejiアプリ上でアンケートを実施し、その結果データをランキング化したり、利用統計などから選出したものです。今後もSimejiランキングは、面白くて楽しいランキングデータを提供してまいります。次回のSimejiランキングをお楽しみに!Simejiランキング https://simeji.me/simeji-ranking/ 日本語入力&きせかえ顔文字キーボードアプリ「Simeji」についてSimeji(シメジ) -日本語入力&きせかえ顔文字キーボードアプリ」は、Google Play™で最初に公開されたサードパーティー日本語キーボードです。現在はGoogle Play™にて、累計約2,060万以上のダウンロード数を誇る日本語入力アプリとなっています。さらに、2014年9月に はiOS版を提供開始、2020年3月時点で1,940万ダウンロードを達成、両OS併せて4,000万ダウンロードを達成しました。また、App Store「Best of 2016 今年のベスト」ランキング:無料カテゴリにもランクインしました。フリック入力や顔文字入力、アスキーアート入力のようなユニークな入力キーボードに加え、中国百度のAI技術を活用した音声入力にも対応し、ユニークできめ細やかな文字入力体験を提供しています。またメールやSNSのコミュニケーションが豊かになる絵文字や顔文字を多数、App内に搭載しています。更にクラウド超変換を使用する事で、端末メモリ使用量をおさえたまま豊富な顔文字変換を表示する事や、入力した瞬間におもしろ変換を表示する事が可能です。またキーボードのデザインを自由に変更できる洗練されたデザインのきせかえ機能により、カスタマイズすることができ、スマホやタブレット端末を使う楽しみがいっそう高まります。2015年3月には初の有料アプリとなる「Simeji Pro」もiOS向けに提供開始しました。さらに、会員専用の機能を追加したサブスクリプションサービス「Simeji VIP」(月額プラン:400円税込、年間プラン:2,400円税込)が登場。また、おかげさまで2020年、Simejiは誕生から12周年を迎えました。Simejiオフィシャルサイト:https://simeji.me/Simejiランキング:https://simeji.me/simeji-ranking/Android版URL:https://play.google.com/store/apps/details?id=com.adamrocker.android.input.simejiiOS版URL:https://itunes.apple.com/jp/app/id899997582?mt=8Simeji Pro【iPhone版のみ、1,100円(税込)】URL:https://itunes.apple.com/jp/app/id959791915?mt=8※Apple および Apple ロゴは米国その他の国で登録された Apple Inc. の商標です。App Store は Apple Inc. のサービスマークです。※Google Play、Google Playロゴは、Google Inc. の商標です。
2020年6月23日	飯テロ注意⁉食欲そそる究極の漫画飯！ Simejiランキング10代女子1,700人が選んだ 「食事シーンが美味しそうな漫画・アニメ TOP10」	https://www.baidu.jp/info/1084/	2020.06.23飯テロ注意⁉食欲そそる究極の漫画飯! Simejiランキング10代女子1,700人が選んだ 「食事シーンが美味しそうな漫画・アニメ TOP10」 10代だってジブリ推し、公開から32年!アニメ第1位「となりのトトロ」、漫画は「鬼滅の刃」! バイドゥ株式会社(本社:東京都港区、代表取締役社長 Charles Zhang)が提供する日本語入力&きせかえ顔文字キーボードアプリ「Simeji」は、10代女子のSimejiユーザーへアプリ上でアンケート調査を行い、そのデータをランキング化した「Simejiランキング」を発表します。今回のテーマは、10代女子1,700人が選んだ「食事シーンが美味しそうな漫画・アニメTOP10」※集計期間 2020/2/3～2020/2/13  有効回答数 10代女子1,758  【Simejiチームの総評】食事描写がうまい作品は面白いと誰かが言っていたとかいないとか…。皆様は「漫画飯」好きですか?グルメ漫画に限らず数多くの作品で「食事のシーン」が魅力的に描かれ「お、お腹すいた…」と飯テロにあった方は多いのではないでしょうか。 以前のSimejiランキング「新しく始めたいことTOP10」(https://simeji.me/simeji-ranking/backnumber/2020_20/)では、第1位が「料理・スイーツ作り」ということで、お家で見ながら気分も上がる「食事シーンが美味しそうな漫画・アニメTOP10」を発表します。第1位 となりのトトロ(アニメ)スタジオジブリ、宮崎駿監督の長編アニメーション作品。なんと1988年4月の公開から今年で32年、今なお愛され続ける「となりのトトロ」がダントツの第1位です。畑でとれた新鮮なキュウリの丸かじりするシーンは、ついついマネしたくなりますね。さつき手作りのお弁当は、「一番食べたいジブリ飯TOP10」(https://simeji.me/simeji-ranking/backnumber/2020_17/)第6位にランクインしています。第2位 ハウルの動く城(アニメ)宮崎駿監督の作品がワンツーフィニッシュ、2004年公開の「ハウルの動く城」が第2位です。ハウルが朝食にベーコンエッグを作るシーンが特に印象的ですね。食事シーンは、なんともリアルな音で食欲がかきたてられます。2022年に開業予定の「ジブリパーク」、もしかして作品にまつわる食事体験ができたりしないかと期待が高まります。第3位 鬼滅の刃(漫画)吾峠呼世晴による漫画作品。今年5月に「週刊少年ジャンプ」(集英社)最終回を迎え完結し、漫画もアニメももう何周したことか…という鬼滅ロス中の方も多いのでは。炭次郎が食べていた山かけうどんや天ぷら、甘露寺蜜璃の巣密パンケーキなど、お家で再現して作品を味わい倒すというのも良いかもしれません。2020年7月3日(金)に待望の最新21巻が発売予定です。第4位 天空の城ラピュタ(アニメ)宮崎駿監督の作品は、時代を問わず不動の人気ですね。1986年公開の名作「天空の城ラピュタ」が第4位にランクインしました。お家で簡単にラピュタ気分を味わえる通称「ラピュタパン」(目玉焼きをのせたトースト)はもちろん、女海賊ドーラが肉にかぶりつく豪快な姿など一度見ると忘れがたい食事シーン盛りだくさんです。第5位 食戟のソーマ(漫画)「週刊少年ジャンプ」(集英社)で連載されていた附田祐斗原作、佐伯俊作画の漫画作品。名門料理学校「遠月学園」を舞台に、下町の定食屋の息子である料理人の少年・幸平創真の成長が描かれています。新型コロナウィルスの影響で放送延期していたアニメ「食戟のソーマ 豪ノ皿(ごうのさら)」がTOKYO MX、BS11、ABEMAにて7月3日より放送再開が決定しました。(※ 「食戟のソーマ」公式 http://shokugekinosoma.com/5thplate/onair/)第6位 ラーメン大好き小泉さん(漫画)既刊8巻にして累計発行部数200万部、通称「小泉さん」で愛される鳴見なるの漫画作品。女子高生「小泉さん」が、日ごと美味しいラーメンを食べまくるというストーリー。 東京近郊の関東首都圏が舞台となっており、アニメ・ドラマ化され大人気。ドラマでは初代「小泉さん」に早見あかり、二代目は桜田ひよりが抜擢されています。(※「ラーメン大好き小泉さん 二代目」フジテレビ系列https://www.fujitv.co.jp/ramen_koizumi/)第7位 トリコ(漫画)「週刊少年ジャンプ」(集英社)で連載されていた島袋光年による漫画作品。美食屋トリコと料理人小松が様々な食材を求めて世界中を冒険する中で「金色(こんじき)いくら」や「ベーコンの葉」「バナナきゅうり」「虹の実」「クリーム松茸」など様々なグルメ食材が登場します。第8位 きのう何食べた?(漫画)青年漫画誌「モーニング」(講談社)で連載中のよしながふみによる作品、累計発行部数700万部(電子版含む)突破という人気ぶり。「ドラマ24」(テレビ東京系列)で西島秀俊・内野聖陽のダブル主演にてドラマ化され、放送後Twitterの世界トレンド1位、見逃し配信の再生数が全12話100万回再生を超え歴代最高記録を更新。2021年に映画化(全国東宝系列)が予定されています。(※「きのう何食べた?」ドラマ24 テレビ東京系列 https://www.tv-tokyo.co.jp/kinounanitabeta/news/?trgt=2020.03.27,0)第9位 花のズボラ飯(漫画)「Eleganceイブ」(秋田書店)で連載されていた久住昌之原作、水沢悦子作画の漫画作品。手間いらずでおいしい「ズボラ飯」を作って食べるストーリー。主人公の東京在住30歳主婦、駒沢花の心理描写や食べる時の表情が魅力的です。倉科カナ主演でドラマ化(TBS系列)、さらに公式レシピ本(宝島社)も出版されているので、お家で再現してみるのにぴったりな作品ですね!第10位 クッキングパパ(漫画)青年漫画誌「モーニング」(講談社)にて連載中のうえやまとちによる漫画作品。アニメ化(テレビ朝日系列)もされており長年愛される名作です。にぎらずにできるおにぎり「おにぎらず」、実はクッキングパパで紹介されているレシピなんだそう!今でこそ男性も家事料理をこなすことが当たり前になってきましたが、1985年の連載開始から時代を先取りする主人公の姿が魅力的です。Simejiランキングとはユーザーの皆様が持つ最新トレンドを積極的に発信し、もっとたくさんの人に広めたい思いから始まったSimejiランキング。 Simejiアプリ上でアンケートを実施し、その結果データをランキング化したり、利用統計などから選出したものです。今後もSimejiランキングは、面白くて楽しいランキングデータを提供してまいります。次回のSimejiランキングをお楽しみに!Simejiランキング https://simeji.me/simeji-ranking/ 日本語入力&きせかえ顔文字キーボードアプリ「Simeji」についてSimeji(シメジ) -日本語入力&きせかえ顔文字キーボードアプリ」は、Google Play™で最初に公開されたサードパーティー日本語キーボードです。現在はGoogle Play™にて、累計約2,060万以上のダウンロード数を誇る日本語入力アプリとなっています。さらに、2014年9月に はiOS版を提供開始、2020年3月時点で1,940万ダウンロードを達成、両OS併せて4,000万ダウンロードを達成しました。また、App Store「Best of 2016 今年のベスト」ランキング:無料カテゴリにもランクインしました。フリック入力や顔文字入力、アスキーアート入力のようなユニークな入力キーボードに加え、中国百度のAI技術を活用した音声入力にも対応し、ユニークできめ細やかな文字入力体験を提供しています。またメールやSNSのコミュニケーションが豊かになる絵文字や顔文字を多数、App内に搭載しています。更にクラウド超変換を使用する事で、端末メモリ使用量をおさえたまま豊富な顔文字変換を表示する事や、入力した瞬間におもしろ変換を表示する事が可能です。またキーボードのデザインを自由に変更できる洗練されたデザインのきせかえ機能により、カスタマイズすることができ、スマホやタブレット端末を使う楽しみがいっそう高まります。2015年3月には初の有料アプリとなる「Simeji Pro」もiOS向けに提供開始しました。さらに、会員専用の機能を追加したサブスクリプションサービス「Simeji VIP」(月額プラン:400円税込、年間プラン:2,400円税込)が登場。また、おかげさまで2020年、Simejiは誕生から12周年を迎えました。Simejiオフィシャルサイト:https://simeji.me/Simejiランキング:https://simeji.me/simeji-ranking/Android版URL:https://play.google.com/store/apps/details?id=com.adamrocker.android.input.simejiiOS版URL:https://itunes.apple.com/jp/app/id899997582?mt=8Simeji Pro【iPhone版のみ、1,100円(税込)】URL:https://itunes.apple.com/jp/app/id959791915?mt=8※Apple および Apple ロゴは米国その他の国で登録された Apple Inc. の商標です。App Store は Apple Inc. のサービスマークです。※Google Play、Google Playロゴは、Google Inc. の商標です。
2020年6月29日	胸キュンの新基準！メイクもファッションも自分らしく！ Simejiランキング10代女子1,700人が選ぶ 「恋に落ちたいスーパージェンダータレント TOP10」	https://www.baidu.jp/info/1089/	2020.06.29胸キュンの新基準!メイクもファッションも自分らしく! Simejiランキング10代女子1,700人が選ぶ 「恋に落ちたいスーパージェンダータレント TOP10」 YouTuber「さんこいち」で活躍、第1位「ほりえりく」!おしゃれも育児も、第2位「りゅうちぇる」! バイドゥ株式会社(本社:東京都港区、代表取締役社長 Charles Zhang)が提供する日本語入力&きせかえ顔文字キーボードアプリ「Simeji」は、10代女子のSimejiユーザーへアプリ上でアンケート調査を行い、そのデータをランキング化した「Simejiランキング」を発表します。今回のテーマは、10代女子1,700人が選ぶ「恋に落ちたいスーパージェンダータレント TOP10」※集計期間 2020/2/3～2020/2/13  有効回答数 10代女子1,696 【Simejiチームの総評】今回Simejiランキングでは、自分らしさを体現する魅力的な男子を調査しました。「ニューノーマル」や「新しい日常」など変化することが求められるこの頃。男らしく、女らしくなんて価値観を押し付け合うのはもう古い!自分らしさ、相手らしさを認め合いたいものですね。第1位 ほりえりくクリっとした目に、無邪気な笑顔、おシャレでメイクもうまいと来たもんだ!モデルや人気YouTuberとして活躍する第1位、ほりえりくです。「マイナビ presents 第29回 東京ガールズコレクション 2019 AUTUMN/WINTER」(以下TGC)にも出演するなど、10代を中心に幅広く支持を集めています。ほりえりく、Yapp!(やっぴ)、古川優香の仲良しモデル3人組 YouTuberグループ「さんこいち」ではチャンネル登録者数145万人という人気ぶりです。(2020年6月現在)(※YouTube公式チャンネル「さんこいち」https://www.youtube.com/channel/UCMOWCrRrcdSRT7dCR_dB7qA)第2位 りゅうちぇる原宿の古着ショップ店員からテレビ出演し大ブレイク、現在一児のパパとしてイクメンぶりを発揮する第2位りゅうちぇるです。第1位とはわずかに1票差。ヘアスタイル、ファッション、メイクなど他にはない独自の魅力を放っています。ぺこ&りゅうちぇる夫婦でお互いにメイクをしあう動画も人気を集めるなど、自分らしさが溢れる存在です。(※YouTube公式チャンネル「RYUCHELL」 https://www.youtube.com/channel/UCJ_12htuuUT4-yuRS21zMZA)第3位 井手上漠第31回ジュノンスーパーボーイコンテストでは可愛すぎるジュノンボーイとして注目を集め、サカナクションの「モス」MVにも出演する井手上獏(いでがみ ばく)が第3位にランクイン。「TGC 2020 SPRING/SUMMER」出演や、「みんなを生きるな。自分を生きよう。」というメッセージとともにデジタルハリウッド大学のCMにも登場。ダイバーシティ新時代の訪れを感じる存在です!(※デジタルハリウッド大学 https://www.dhw.ac.jp/jibun/)第4位 Yapp!(やっぴ)モデル、人気YouTuberとして活躍中のYapp!(やっぴ)が第4位です。第1位のほりえりくと結成している「さんこいち」メンバー。さらに独自で「やっぴ先生の美容研究所」というチャンネルでも動画配信し、メイクの方法や恋バナなど10代の身近な話題で支持されています。(※YouTube公式チャンネル「やっぴ先生の美容研究所」 https://www.youtube.com/channel/UCG937GJ3sH_WLE06qGqwulg)第5位 Mattモデル、ミュージシャンとして活躍するMattが第5位です。元プロ野球選手である桑田真澄を父に持ち、まるで人形のような華麗な容姿でミステリアスな雰囲気ただよう唯一無二の存在です。アプリを使って写真をMatt風の容姿に加工する「Matt化」が話題になりました。昨年は歌手としてもデビュー。美への徹底ぶりはテレビ番組でも紹介されるほど、美意識の高さも注目を集めています。第6位 ぎんしゃむ「女子よりも可愛い男の娘」 というキャッチフレーズでYouTubeやSNSで人気、第6位ぎんしゃむです。学校帰りにたまたま友達に撮られた写真をきっかけに1週間でフォロワーが5万人ほど増えたのだそう。注目される自身のメイク方法についても動画で紹介しています。第7位 夢屋まさる「ぐるナイ!新春おもしろ荘」(日本テレビ系列)に出演し、「パンケーキ食べたい!」のキャッチーなリズムネタでブレイクしたお笑い芸人、夢屋まさるが第7位。実は有名私立大学に通う高学歴、モデルとして「TGC 2019 AUTUMN/WINTER」でランウェイを飾っており、初エッセー「パンケーキ食べたいの人です。本当はもなか食べたい。」(宝島社)も出版しています。第8位 ゆうたろう謎の美少年として「マツコ会議」(日本テレビ系列)をきっかけに原宿のカリスマショップ店員から、モデルや俳優としても活躍する、第8位ゆうたろうです。ドラマパラビ「来世ではちゃんとします」(テレビ東京系列)、「湘南純愛組」(AmazonPrimeVideoオリジナルドラマ)、6月18日(木)より配信スタートしたドラマ「シックスティーン症候群」(FODオリジナルドラマ)ではかわいい男の子櫻井直役として出演しています。第9位 新田真剣佑顔面国宝級の容姿、語学堪能、空手をはじめ運動神経抜群、第9位新田真剣佑です。甘い外見が支持されランクインしたのかもしれません。鍛錬されたたくましさと、見る人を引き込む無限大の魅力を持つまさにニュージェネレーションな存在といえるでしょう。以前の「ナイトルーティン動画を見たい有名人TOP10」(https://simeji.me/simeji-ranking/backnumber/2020_22/)では第5位にランクインしました。第10位 木津つばさ人気ダンスボーカルグループXOX(キスハグキス)の最年少メンバーで、2.5次元舞台を中心に俳優としても活躍する第10位、木津つばさです。原作コミックスシリーズ累計発行部数650万部突破の荒川弘(漫画)田中芳樹(原作)の歴史ファンタジーミュージカル「アルスラーン戦記」では主演を務め、アニメ×アプリ×フットサル試合イベント「フットサルボーイズ!!!!!」にも蓮美朔役として出演し活躍しています。 Simejiランキングとはユーザーの皆様が持つ最新トレンドを積極的に発信し、もっとたくさんの人に広めたい思いから始まったSimejiランキング。 Simejiアプリ上でアンケートを実施し、その結果データをランキング化したり、利用統計などから選出したものです。今後もSimejiランキングは、面白くて楽しいランキングデータを提供してまいります。次回のSimejiランキングをお楽しみに!Simejiランキング https://simeji.me/simeji-ranking/ 日本語入力&きせかえ顔文字キーボードアプリ「Simeji」についてSimeji(シメジ) -日本語入力&きせかえ顔文字キーボードアプリ」は、Google Play™で最初に公開されたサードパーティー日本語キーボードです。現在はGoogle Play™にて、累計約2,060万以上のダウンロード数を誇る日本語入力アプリとなっています。さらに、2014年9月に はiOS版を提供開始、2020年3月時点で1,940万ダウンロードを達成、両OS併せて4,000万ダウンロードを達成しました。また、App Store「Best of 2016 今年のベスト」ランキング:無料カテゴリにもランクインしました。フリック入力や顔文字入力、アスキーアート入力のようなユニークな入力キーボードに加え、中国百度のAI技術を活用した音声入力にも対応し、ユニークできめ細やかな文字入力体験を提供しています。またメールやSNSのコミュニケーションが豊かになる絵文字や顔文字を多数、App内に搭載しています。更にクラウド超変換を使用する事で、端末メモリ使用量をおさえたまま豊富な顔文字変換を表示する事や、入力した瞬間におもしろ変換を表示する事が可能です。またキーボードのデザインを自由に変更できる洗練されたデザインのきせかえ機能により、カスタマイズすることができ、スマホやタブレット端末を使う楽しみがいっそう高まります。2015年3月には初の有料アプリとなる「Simeji Pro」もiOS向けに提供開始しました。さらに、会員専用の機能を追加したサブスクリプションサービス「Simeji VIP」(月額プラン:400円税込、年間プラン:2,400円税込)が登場。また、おかげさまで2020年、Simejiは誕生から12周年を迎えました。Simejiオフィシャルサイト:https://simeji.me/Simejiランキング:https://simeji.me/simeji-ranking/Android版URL:https://play.google.com/store/apps/details?id=com.adamrocker.android.input.simejiiOS版URL:https://itunes.apple.com/jp/app/id899997582?mt=8Simeji Pro【iPhone版のみ、1,100円(税込)】URL:https://itunes.apple.com/jp/app/id959791915?mt=8※Apple および Apple ロゴは米国その他の国で登録された Apple Inc. の商標です。App Store は Apple Inc. のサービスマークです。※Google Play、Google Playロゴは、Google Inc. の商標です。
2020年6月30日	ダウンロードNo.1キーボードアプリ＊「Simeji」、 大人気リズム&アドベンチャーゲーム「バンドリ！ ガールズバンドパーティ！」× 「とある科学の超電磁砲T」との期間限定コラボ決定！	https://www.baidu.jp/info/1092/	2020.06.30ダウンロードNo.1キーボードアプリ*「Simeji」、 大人気リズム&アドベンチャーゲーム「バンドリ! ガールズバンドパーティ!」× 「とある科学の超電磁砲T」との期間限定コラボ決定! ミッションをクリアすると2種類のSimejiオリジナルコラボきせかえがもらえる! バイドゥ株式会社(本社:東京都港区、代表取締役社長:Charles Zhang)が提供する日本語入力&きせかえ顔文字キーボードアプリ「Simeji」(iOS、Android版)は、スマートフォン向けゲーム「バンドリ! ガールズバンドパーティ!」との期間限定のコラボキャンペーンを本日より2020年7月10日(金)まで実施します。本コラボレーションでは、ミッションクリアにより、「バンドリ! ガールズバンドパーティ!」と「とある科学の超電磁砲T」コラボによるSimejiオリジナルのきせかえデザイン2種をダウンロードできます。※2010年7月〜2019年9月 日本におけるiOSとGoogle Playの合計※App Annie調べ本コラボレーションでは、以下のミッションをクリアするとSimejiオリジナルのきせかえデザインをダウンロードできます。ここでしか手に入らないデザインにご期待ください。1. オリジナルきせかえGetミッション1)「Simeji」をスマホにダウンロード(すでにダウンロードしている場合は不要)2)「バンドリ! ガールズバンドパーティ!」をダウンロード3)「バンドリ! ガールズバンドパーティ!」ダウンロード完了後、アプリ内「お知らせ」>「コンテンツ情報」の該当バナーより、特設サイトにアクセスすると、2種の限定きせかえを入手できます。(既に「バンドリ! ガールズバンドパーティ!」を使用中で条件をクリアしている方は、バナーからきせかえデザインを取得できます。)※当コラボきせかえはiPad非対応です。※本コラボきせかえは適用後180日間ご利用いただけます。※Simejiの無料きせかえは、端末間での引き継ぎをサポートしておりませんので、アンインストールや機種変更の際はご注意ください2. ダウンロード可能期間2020年6月30日(火)～2020年7月10日(金)23:593. オリジナルきせかえデザインイメージ 「バンドリ! ガールズバンドパーティ!」 について「バンドリ! ガールズバンドパーティ!」は、キャラクターとリアルライブがリンクする次世代ガールズバンドプロジェクト「BanG Dream!(バンドリ!)」の世界観を軸に展開される、リズム&アドベンチャーゲームです。簡単操作のリズムゲームは最大5人で同時に遊ぶことができ、アニメやライブでお馴染みの楽曲や有名アニメソングのカバー楽曲を楽しめます。また、ストーリーシーンではハイクオリティなLive2Dを搭載しており、キャラクターが生き生きと動きます。提供開始から4年目の2020年4月に、国内ユーザー数(※重複なし)が1,200万人を突破するなど、今後も期待が高まっています。「バンドリ! ガールズバンドパーティ!」アプリ概要 日本語入力&きせかえ顔文字キーボードアプリ「Simeji」についてSimeji(シメジ) -日本語入力&きせかえ顔文字キーボードアプリ」は、Google Play™で最初に公開されたサードパーティー日本語キーボードです。現在はGoogle Play™にて、累計約2,060万以上のダウンロード数を誇る日本語入力アプリとなっています。さらに、2014年9月に はiOS版を提供開始、2020年3月時点で1,940万ダウンロードを達成、両OS併せて4,000万ダウンロードを達成しました。また、App Store「Best of 2016 今年のベスト」ランキング:無料カテゴリにもランクインしました。フリック入力や顔文字入力、アスキーアート入力のようなユニークな入力キーボードに加え、中国百度のAI技術を活用した音声入力にも対応し、ユニークできめ細やかな文字入力体験を提供しています。またメールやSNSのコミュニケーションが豊かになる絵文字や顔文字を多数、App内に搭載しています。更にクラウド超変換を使用する事で、端末メモリ使用量をおさえたまま豊富な顔文字変換を表示する事や、入力した瞬間におもしろ変換を表示する事が可能です。またキーボードのデザインを自由に変更できる洗練されたデザインのきせかえ機能により、カスタマイズすることができ、スマホやタブレット端末を使う楽しみがいっそう高まります。2015年3月には初の有料アプリとなる「Simeji Pro」もiOS向けに提供開始しました。さらに、会員専用の機能を追加したサブスクリプションサービス「Simeji VIP」(月額プラン:400円税込、年間プラン:2,400円税込)が登場。また、おかげさまで2020年、Simejiは誕生から12周年を迎えました。Simejiオフィシャルサイト:https://simeji.me/Simejiランキング:https://simeji.me/simeji-ranking/Android版URL:https://play.google.com/store/apps/details?id=com.adamrocker.android.input.simejiiOS版URL:https://itunes.apple.com/jp/app/id899997582?mt=8Simeji Pro【iPhone版のみ、1,100円(税込)】URL:https://itunes.apple.com/jp/app/id959791915?mt=8※Apple および Apple ロゴは米国その他の国で登録された Apple Inc. の商標です。App Store は Apple Inc. のサービスマークです。※Google Play、Google Playロゴは、Google Inc. の商標です。
2020年7月2日	ダウンロードNo.1キーボードアプリ＊「Simeji」、 アバターコミュニティアプリ『ピグパーティ』と 『映画 この素晴らしい世界に祝福を！紅伝説』との期間限定コラボ開始！	https://www.baidu.jp/info/1097/	2020.07.02ダウンロードNo.1キーボードアプリ*「Simeji」、 アバターコミュニティアプリ『ピグパーティ』と 『映画 この素晴らしい世界に祝福を!紅伝説』との期間限定コラボ開始! Simejiオリジナルのコラボきせかえや、キャラクターボイスによる音声エフェクトも楽しめる! バイドゥ株式会社(本社:東京都港区、代表取締役社長:Charles Zhang)が提供する日本語入力&きせかえ顔文字キーボードアプリ「Simeji」(iOS、Android版)は、 アバターコミュニティアプリ『ピグパーティ』との期間限定のコラボキャンペーンを本日より2020年7月31日(金)まで実施します。本コラボレーションでは、ミッションクリアにより、『ピグパーティ』とコラボする『映画 この素晴らしい世界に祝福を!紅伝説』の登場キャラクターをあしらったSimejiオリジナルのコラボきせかえデザインをダウンロードできます。※2010年7月〜2019年9月 日本におけるiOSとGoogle Playの合計※App Annie調べ本コラボレーションでは、以下のミッションをクリアするとSimejiオリジナルのきせかえデザインをダウンロードできます。ここでしか手に入らないデザインにご期待ください。1. オリジナルきせかえGetミッション1)「Simeji」をスマホにダウンロード(すでにダウンロードしている場合は不要)2)『ピグパーティ』をダウンロード3)『ピグパーティ』をダウンロード完了後、アプリ内に表示される「お知らせバナー」から特設サイトにアクセスすると、限定きせかえを入手できます。(既に『ピグパーティ』をご利用中で条件をクリアしている方は、「お知らせバナー」からきせかえデザインを取得できます。)※当コラボきせかえはiPad非対応です。※本コラボきせかえは適用後180日間ご利用いただけます。※Simejiの無料きせかえは、端末間での引き継ぎをサポートしておりませんので、アンインストールや機種変更の際はご注意ください。2. ダウンロード可能期間2020年7月2日(木)～2020年7月31日(金)23:593. オリジナルきせかえデザインイメージ ※画像はイメージです。実際の製品とは異なる場合があります。※本きせかえは適用後180日間ご利用いただけます。版権表記:©暁なつめ・三嶋くろね/KADOKAWA/映画このすば製作委員会 ©CyberAgent, Inc.4.音声エフェクト機能音声エフェクト機能とは、ユーザーが文字を入力し、変換候補より特定のキーワードを選択することで音声が流れる機能です。特定のキーワードを入力することで、「このすば」キャラクターのキャラクターボイスを聞くことができます。是非いろいろなキーワードでの入力をチェックしてみてください。音声エフェクトを実行するキーワードは『ピグパーティ』内のお知らせで紹介しています。5入力エフェクト機能入力エフェクト機能とは、音声エフェクト同様ユーザーが文字を入力し変換候補より特定のキーワードを選択することで、画像がキーボード上に現れる機能です。「アクア」や他の関連ワードを入力することで「このすば」キャラクターのイラストがキーボード上に現れます。ワードを入力して、当コラボレーションならではのエフェクトを体験してください。入力エフェクトを実行するキーワードは『ピグパーティ』内のお知らせで紹介しています。例:「アクア」を入力した場合 
2020年7月10日	10代のイマドキを調査！  「2020年上半期流行ったものTOP10」 Simejiランキングが発表！！	https://www.baidu.jp/info/1101/	2020.07.1010代のイマドキを調査!  「2020年上半期流行ったものTOP10」 Simejiランキングが発表!! 第1位は空前の大ブーム、漫画!ライブ配信は当たり前⁉10代が使うオンラインツールとは⁉ バイドゥ株式会社(本社:東京都港区、代表取締役社長 Charles Zhang)が提供する日本語入力&きせかえ顔文字キーボードアプリ「Simeji」は、10代のSimejiユーザーへアプリ上でアンケート調査を行い、そのデータをランキング化した「Simejiランキング」を発表します。今回のテーマは、10代1,900人が選ぶ 「2020年上半期流行ったものTOP10」※集計期間 2020/6/25～2020/7/2  有効回答数 10代男女1,908   【Simejiチームの総評】今年も気が付けばもう7月…!あっという間に一年の半分が過ぎましたね!今回のSimejiランキングは、2020年上半期における10代若者の流行を調査しました。新型コロナウィルスやステイホームに影響を受けたであろう上半期、若者の総括に注目です!第1位 鬼滅の刃第1位は空前のブームとなった「鬼滅の刃」です。「食事シーンが美味しそうな漫画・アニメTOP10」(https://simeji.me/simeji-ranking/backnumber/2020_23/)をはじめその他のSimejiランキングにも複数テーマで登場しています。主人公の竈門炭次郎(かまどたんじろう)の誕生日である7月14日にABEMAで特番「炭治郎お誕生日会」(※1)が催されるなど盛り上がりは終わりません。劇場版「鬼滅の刃」無限列車編(※2)が10月16日公開予定と上半期も話題は続きます。(※1 ABEMA特番「炭治郎お誕生日会」 https://abema.tv/channels/abema-anime/slots/AUQLUWJe1sEADV)(※2 劇場版「鬼滅の刃」 無限列車編公式サイト https://kimetsu.com/anime/)第2位 あつまれ どうぶつの森2020年3月20日に発売されたNintendo Switch用ゲーム「あつまれ どうぶつの森」、通称「あつ森」が第2位にランクイン。「どうぶつの森」シリーズ1作目は2001年に発売されており、あつ森は8作目。シリーズ初の「無人島」を舞台に新たな生活を体験しつつ、同じ島に住むプレイヤーと同時プレイするなど友達と一緒に楽しめます。材料を使って家具や道具を手作りするといった新要素も追加され、よりカスタマイズ性が強くなった点も話題を呼んだ要素かも。第3位 恋はつづくよどこまでも今年1月に放送された火曜ドラマ「恋はつづくよどこまでも」(TBS系列)は第3位です。「魔王」と呼ばれる毒舌超ドSなドクター天堂浬(佐藤健)と魔王に憧れ突き進む姿から「勇者」と呼ばれる佐倉七瀬(上白石萌音)の姿を描いたラブコメディ。以前の「再放送してほしいドラマ・映画TOP10」(https://simeji.me/simeji-ranking/backnumber/2020_21/)でも第4位に登場しました。胸キュンシーン満載の「恋つづ」が10代の心をわし掴みにし、ドラマとしては上半期首位にランクインする結果となりました。第4位 ツイキャスPCやスマホから手軽にライブ配信できるサービス、第4位「ツイキャス」です。今後ますます誰でもライブ配信することが当たり前になっていくのでしょう。ライブ配信アプリではSHOWROOM、LINE LIVE、MixChannel(ミクチャ)、Instagramライブ(インスタライブ)など数多くのサービスが存在する中で、ツイキャスが単独でのランクインとなりました。第5位 すとぷりニコニコ動画、YouTube、ツイキャスなどで活動中のエンタメユニット「すとろべりーぷりんす」、通称「すとぷり」が第5位です。10代から圧倒的な支持を集め今年6月にはYouTubeのチャンネル登録者数が90万人を突破、Simejiランキングの常連となっています。普段の活動では各メンバーはイラスト姿で登場し、ライブの時だけメンバーの素顔を見ることができる⁉というドキドキ感がたまらない!大注目のすとぷりです。第6位 タピオカ人気はまだまだ継続、第6位「タピオカ」です。昨年9月「流行りの若者言葉・略語TOP10」(https://simeji.me/simeji-ranking/backnumber/2019_05/)で「タピる」(タピオカドリンクを飲むこと)が第3位にランクインしてから早1年以上経ちますが、その美味しさゆえにタピオカ人気はタイムレスなようです。甘くて美味しいドリンクといえば、タピオカ!と王道認定される日も近いかもしれません。第7位 推し貯金推し事(おしごと)、推し活、そしてその活動費用のための「推し貯金」が第7位に登場です。推しとは自分が好きなタレントやキャラクターなどを指し、推しを応援することを「推し事」「推し活」、外出自粛を余儀なくされた上半期は来るべき日にむけての貯金として「推し貯金」が支持されたようです。この推し貯金をここぞと使える日が待ち遠しいですね! 第8位 Nintendo Switch ・ LINEビデオ通話Nintendo SwitchとLINEビデオ通話が同ポイント獲得し第8位にランクイン。どちらも外出自粛時の心強い味方ですね。Nintendo Switchは全国的に品薄状況が続くなど、第2位の「あつまれ どうぶつの森」と合わせて欲しい人続出、大注目の上半期となりました。また、臨時休校やおうち時間を過ごす中で、顔を見ながら話せるLINEビデオ通話が注目されています。第9位 地雷メイク今年10代女子を中心に流行中の「地雷メイク」。赤めのアイシャドウで病みかわいさを演出、目元を大きく盛れるメイクを指します。タレントの藤田ニコル、ゆきぽよ、若益つばさ、りゅうちぇるをはじめ多くのYouTuberも地雷メイクに挑戦した動画を配信するなど、可愛く盛れるメイクの新ジャンルとして人気が広がっているようです。また地雷メイク動画と合わせて、ピンク系ガーリー要素の高い「量産型メイク」も紹介されています。第10位 Zoomオンラインミーティングツール「Zoom」が第10位オにランクイン。リモートワーク中の大人だけではなく10代の間でもZoomが浸透した上半期となりました。友だちとのコミュニケーションでも自分のお気に入り画像を背景にカスタマイズしたり、グループトークをしながら気になる人とこっそり個別チャットしてみたり…と、オンラインならではの楽しみ方がありそうです。 Simejiランキングとはユーザーの皆様が持つ最新トレンドを積極的に発信し、もっとたくさんの人に広めたい思いから始まったSimejiランキング。 Simejiアプリ上でアンケートを実施し、その結果データをランキング化したり、利用統計などから選出したものです。今後もSimejiランキングは、面白くて楽しいランキングデータを提供してまいります。次回のSimejiランキングをお楽しみに!Simejiランキング https://simeji.me/simeji-ranking/ 日本語入力&きせかえ顔文字キーボードアプリ「Simeji」についてSimeji(シメジ) -日本語入力&きせかえ顔文字キーボードアプリ」は、Google Play™で最初に公開されたサードパーティー日本語キーボードです。現在はGoogle Play™にて、累計約2,060万以上のダウンロード数を誇る日本語入力アプリとなっています。さらに、2014年9月に はiOS版を提供開始、2020年3月時点で1,940万ダウンロードを達成、両OS併せて4,000万ダウンロードを達成しました。また、App Store「Best of 2016 今年のベスト」ランキング:無料カテゴリにもランクインしました。フリック入力や顔文字入力、アスキーアート入力のようなユニークな入力キーボードに加え、中国百度のAI技術を活用した音声入力にも対応し、ユニークできめ細やかな文字入力体験を提供しています。またメールやSNSのコミュニケーションが豊かになる絵文字や顔文字を多数、App内に搭載しています。更にクラウド超変換を使用する事で、端末メモリ使用量をおさえたまま豊富な顔文字変換を表示する事や、入力した瞬間におもしろ変換を表示する事が可能です。またキーボードのデザインを自由に変更できる洗練されたデザインのきせかえ機能により、カスタマイズすることができ、スマホやタブレット端末を使う楽しみがいっそう高まります。2015年3月には初の有料アプリとなる「Simeji Pro」もiOS向けに提供開始しました。また、おかげさまで2020年、Simejiは誕生から12周年を迎えました。Simejiオフィシャルサイト:https://simeji.me/Simejiランキング:https://simeji.me/simeji-ranking/Android版URL:https://play.google.com/store/apps/details?id=com.adamrocker.android.input.simejiiOS版URL:https://itunes.apple.com/jp/app/id899997582?mt=8Simeji Pro【iPhone版のみ、1,100円(税込)】URL:https://itunes.apple.com/jp/app/id959791915?mt=8 
2020年7月16日	Simejiランキング10代1,900人が選ぶ 「2020年下半期 さらにヒットしそうなアーティストTOP10」！！	https://www.baidu.jp/info/1104/	2020.07.16Simejiランキング10代1,900人が選ぶ 「2020年下半期 さらにヒットしそうなアーティストTOP10」!! ヒットのきっかけはTikTok⁉あの有名人がYouTubeでカバー動画を配信!! バイドゥ株式会社(本社:東京都港区、代表取締役社長 Charles Zhang)が提供する日本語入力&きせかえ顔文字キーボードアプリ「Simeji」は、10代のSimejiユーザーへアプリ上でアンケート調査を行い、そのデータをランキング化した「Simejiランキング」を発表します。今回のテーマは、10代1,900人が選ぶ 「2020年下半期 さらにヒットしそうなアーティストTOP10」※集計期間 2020/6/25～2020/7/2  有効回答数 10代男女1,908 【Simejiチームの総評】SNSやストリーミングサービスなどで好きな音楽を思いっきり楽しめる時代になりました。最近は楽曲のデジタルリリースが増え、10代に人気のアーティストはYouTubeやSNSで圧倒的な支持を集めているようです。そこでSimejiランキングでは「2020年下半期 さらにヒットしそうなアーティスト」を調査!今話題のアーティストってどうやって流行っていってるの?そのヒントが見えてきました!第1位 ヨルシカ作曲家として活動するn-buna(ナブナ)が女性シンガーsuis(スイ)を迎え2017年に結成したバンド、第1位ヨルシカです。楽曲の世界観やストーリー性が人気を集めYouTubeチャンネル登録者数160万人、動画総再生回数は5億3,400万回超え!(※1)(今年7月現在)スタジオコロリドによるアニメーション映画「泣きたい私は猫をかぶる」(Netflix独占配信)では主題歌「花に亡霊」、挿入歌「夜行」、エンドソング「嘘月」と3曲提供しています。今月29日には3rdアルバム「盗作」がリリースされ下半期の活躍も楽しみです。(※1 YouTube 公式チャンネル「ヨルシカ」 https://www.youtube.com/channel/UCRIgIJQWuBJ0Cv_VlU3USNA)第2位 YOASOBIボーカロイドプロデューサーのAyaseとシンガーソングライターのikura(幾田りら)による2人組の音楽ユニット、YOASOBIが第2位にランクイン。小説を元に作曲する、というのが最大の特徴。星野舞夜による小説「タナトスの誘惑」を原作とした1stシングル「夜に駆ける」は、MVをYouTubeチャンネル(※2)にて公開しています。小説を読み、楽曲を聞き、MVを見て楽しむという新しいスタイルのYOASOBIです。昨年末のデビューから、今回既に2位!新しいスタイルが10代にささっていますね。(※2 YouTube YOASOBI「夜に駆ける」 Official Music Video https://www.youtube.com/watch?v=x8VYWazR5mE)第3位 りりあ。天使の歌声としてネットやSNSで注目を集めている、第3位りりあ。です。透き通るような歌声でAimer「カタオモイ」やMrs. GREEN APPLE「点描の唄 (feat. 井上苑子)」をカバーした動画を配信しています。アップしている動画は、携帯で撮影しているのだそう。今年5月に初のオリジナル曲「浮気されたけどまだ好きって曲。」が各配信サービスからリリースされ、公式YouTubeチャンネルで530万回(※3)(今年7月現在)再生されるなど今後も大注目です。(※3 YouTube 公式チャンネル「りりあ。」https://www.youtube.com/channel/UCDv175RaBA6MbAdvicuVrng)第4位 ずっと真夜中でいいのに。通称「ずとまよ」として愛される、ずっと真夜中でいいのに。が第4位にランクイン。2018年6月にYouTubeへ「秒針を噛む」のMVを投稿し活動開始、現在は5,930万回再生(※4)(今年7月現在)を超えています。また、岡田将生と志尊淳がダブル主演、平手友梨奈出演の原作ヤマシタトモコによる映画「さんかく窓の外側は夜」(今年10月公開)では、この映画のために書き下ろされた楽曲「暗く黒く」が主題歌となっています。(※4 YouTube 公式チャンネル「ずっと真夜中でいいのに。」https://www.youtube.com/channel/UCv6P5nsS9rP4tDtFlqLU_QQ)第5位 瑛人「君のドルチェ&ガッバーナの その香水のせいだよ」のフレーズが印象的な楽曲「香水」がネットで次々とカバーされ話題の第5位瑛人です。TikTokで10代をはじめ若者に爆発的に浸透した同曲はYouTubeで5,500万回以上(※5)(今年7月現在)の再生回数を誇り、FANTASTICS from EXILE TRIBEメンバー中島颯太による弾き語りや、香取慎吾、チョコレートプラネット、オリエンタルラジオ藤森慎吾によるカバー動画が続々と配信されています。(※5 YouTube 公式チャンネル「瑛人」https://www.youtube.com/channel/UChf3Ffwrh-J4LiSlT_7OsXw)第6位 ちゃんみな「練馬のビヨンセ」というパワフルな愛称を持つ、第6位ちゃんみなです。日本語、韓国語、英語を巧みに操るトリリンガルラッパー&シンガー。さらに、作詞作曲はもちろんトラック制作やダンスの振り付けなど全て自分で行うというセルフプロデュース力の高さ。代表楽曲「CHOCOLATE」はYouTubeでのMV再生回数が1,500万回(※6)(今年7月現在)を突破、ROCK IN JAPANやSUMMER SONICへ出演するなど活躍中です。(※6 YouTube 公式チャンネル「ちゃんみな」https://www.youtube.com/channel/UConh1BwKagscq7EAP2Vng-g)第7位 Rin音18歳からラッパーとしてのキャリアをスタートし、数々のMCバトルで結果を残す次世代の実力派ラッパー、第7位Rin音(りんね)がランクイン。ラップスキルは独学で磨いていったのだそう。今年6月に1st Album「swipe sheep」がリリースされました。特にTikTokで大きな注目を集めた楽曲「snow jam」は、その心地よいテンポと世界観に魅了された10代も多かったのではないでしょうか。第8位 DISH//北村匠海、矢部昌暉、橘柊生、泉大智の4人で演奏しながら歌って踊るダンスロックバンド、第8位DISH// (ディッシュ)です。メンバー個々でも活動しており、北村匠海は映画「君の膵臓をたべたい」(2017年)で第41回日本アカデミー賞新人俳優賞を受賞。シンガーソングライターあいみょん作詞作曲をしたラブソング「猫」をアコースティックアレンジした動画「THE FIRST TAKE」(※7)が2,950万回(今年7月現在)再生され話題です。(※7 YouTubeチャンネル「THE FIRST TAKE」 https://www.youtube.com/watch?v=gsT6eKsnT0M)第9位 Uru神秘的な存在感で注目を集めるシンガー、第9位Uruです。2013年からYouTubeチャンネルを立ち上げ、楽曲演奏、アレンジ、プログラミング、動画撮影や編集などすべて自身でこなす熱量の持ち主です。日曜ドラマ「フランケンシュタインの恋」(日本テレビ系列)の挿入歌「しあわせの詩」、金曜ドラマ「コウノドリ」(TBS系列)主題歌「奇蹟」や日曜劇場「テセウスの船」(TBS系列)主題歌「あなたがいることで」など数々の楽曲を手掛けています。第10位 yamaカバー動画を中心に投稿しているシンガー、第10位yamaです。楽曲「春を告げる」がTikTokをはじめSNSで人気を集めています。歌詞のリアルな心の描写が10代若者の心を揺さぶっているのかもしれません。また、デジタル音楽配信サービスSpotifyが発表した「Viral50チャート(日本)」では、同曲が1位(※8)(2020年6月11日公開)にランクインしました。(※8 Spotify 「VIRAL50(日本)」 https://spotifycharts.com/viral/jp/weekly/2020-06-11--2020-06-11 )Simejiランキングとはユーザーの皆様が持つ最新トレンドを積極的に発信し、もっとたくさんの人に広めたい思いから始まったSimejiランキング。 Simejiアプリ上でアンケートを実施し、その結果データをランキング化したり、利用統計などから選出したものです。今後もSimejiランキングは、面白くて楽しいランキングデータを提供してまいります。次回のSimejiランキングをお楽しみに!Simejiランキング https://simeji.me/simeji-ranking/ 日本語入力&きせかえ顔文字キーボードアプリ「Simeji」についてSimeji(シメジ) -日本語入力&きせかえ顔文字キーボードアプリ」は、Google Play™で最初に公開されたサードパーティー日本語キーボードです。現在はGoogle Play™にて、累計約2,060万以上のダウンロード数を誇る日本語入力アプリとなっています。さらに、2014年9月に はiOS版を提供開始、2020年3月時点で1,940万ダウンロードを達成、両OS併せて4,000万ダウンロードを達成しました。また、App Store「Best of 2016 今年のベスト」ランキング:無料カテゴリにもランクインしました。フリック入力や顔文字入力、アスキーアート入力のようなユニークな入力キーボードに加え、中国百度のAI技術を活用した音声入力にも対応し、ユニークできめ細やかな文字入力体験を提供しています。またメールやSNSのコミュニケーションが豊かになる絵文字や顔文字を多数、App内に搭載しています。更にクラウド超変換を使用する事で、端末メモリ使用量をおさえたまま豊富な顔文字変換を表示する事や、入力した瞬間におもしろ変換を表示する事が可能です。またキーボードのデザインを自由に変更できる洗練されたデザインのきせかえ機能により、カスタマイズすることができ、スマホやタブレット端末を使う楽しみがいっそう高まります。2015年3月には初の有料アプリとなる「Simeji Pro」もiOS向けに提供開始しました。また、おかげさまで2020年、Simejiは誕生から12周年を迎えました。Simejiオフィシャルサイト:https://simeji.me/Simejiランキング:https://simeji.me/simeji-ranking/Android版URL:https://play.google.com/store/apps/details?id=com.adamrocker.android.input.simejiiOS版URL:https://itunes.apple.com/jp/app/id899997582?mt=8Simeji Pro【iPhone版のみ、1,100円(税込)】URL:https://itunes.apple.com/jp/app/id959791915?mt=8 
2020年7月22日	ダウンロードNo.1キーボードアプリ＊「Simeji」、 新感覚リアルタイムRPG『ユニゾンリーグ』と TVアニメ『痛いのは嫌なので防御力に極振りしたいと思います。』との 期間限定コラボ決定！	https://www.baidu.jp/info/1106/	2020.07.22ダウンロードNo.1キーボードアプリ*「Simeji」、 新感覚リアルタイムRPG『ユニゾンリーグ』と TVアニメ『痛いのは嫌なので防御力に極振りしたいと思います。』との 期間限定コラボ決定! 今がチャンス!ミッションクリアで3種類のSimejiオリジナルきせかえがもらえる! バイドゥ株式会社(本社:東京都港区、代表取締役社長:Charles Zhang)が提供する日本語入力&きせかえ顔文字キーボードアプリ「Simeji」(iOS、Android版)は、新感覚リアルタイムRPG『ユニゾンリーグ』との期間限定のコラボキャンペーンを本日より2020年8月5日(水)まで実施します。本コラボレーションでは、ミッションクリアにより、『ユニゾンリーグ』とコラボするTVアニメ『痛いのは嫌なので防御力に極振りしたいと思います。』の登場キャラクターをあしらったSimejiオリジナルのコラボきせかえデザイン3種をダウンロードできます。※2010年7月〜2019年9月 日本におけるiOSとGoogle Playの合計※App Annie調べ本コラボレーションでは、以下のミッションをクリアするとSimejiオリジナルのきせかえデザインをダウンロードできます。ここでしか手に入らないデザインにご期待ください。1. オリジナルきせかえGetミッション1)「Simeji」をスマホにダウンロード(すでにダウンロードしている場合は不要)2)『ユニゾンリーグ』をダウンロード3)『ユニゾンリーグ』ダウンロード完了後、アプリ内「お知らせ」より特設サイトにアクセスすると、全3種の限定きせかえを入手できます。(既に『ユニゾンリーグ』をご利用中で条件をクリアしている方は、「お知らせ」からきせかえデザインを取得できます。)※当コラボきせかえはiPad非対応です。※本コラボきせかえは適用後180日間ご利用いただけます。※Simejiの無料きせかえは、端末間での引き継ぎをサポートしておりませんので、アンインストールや機種変更の際はご注意ください。2. ダウンロード可能期間2020年7月22日(水)～2020年8月5日(水)13:593. オリジナルきせかえデザインイメージ(iOS版の場合)
2020年7月22日	ダウンロードNo.1キーボードアプリ＊「Simeji」、 大人気アニメ「ONE PIECE（ワンピース）」と 7月22日「ONE PIECEの日」記念コラボを期間限定で実施！	https://www.baidu.jp/info/1109/	2020.07.22ダウンロードNo.1キーボードアプリ*「Simeji」、 大人気アニメ「ONE PIECE(ワンピース)」と 7月22日「ONE PIECEの日」記念コラボを期間限定で実施! エフェクトやフレームデザインで「ONE PIECEの日」を大満喫!自分の懸賞金をチェックできる特設サイトも! バイドゥ株式会社(本社:東京都港区、代表取締役社長 Charles Zhang)が提供する日本語入力&きせかえ顔文字キーボードアプリ「Simeji」(iOS、Android版)は、原作が週刊少年ジャンプ(集英社)で大人気連載中のアニメ「ONE PIECE(ワンピース)」と7月22日「ONE PIECEの日」を記念するコラボレーションを本日より8月31日(月)まで実施します。本コラボレーションでは、現在放送中「ワノ国編」をモチーフにしたきせかえデザイン3種類の他、特定のキーワード入力によりキーボード上にキャラクターや動画が現れる「エフェクト機能」、LINEやTwitterでONE PIECEにまつわるデザインでメッセージ送信が可能な「フレーム機能」を無料で提供します。また、特設サイトにて自分の名前を入力するとONE PIECEの世界の一員として自身の懸賞金を知ることができる「懸賞金チェッカー」など「ONE PIECEの日」を満喫できる仕組みをご利用いただけます。なお、「懸賞金チェッカー」による結果をSNSでシェアしたユーザー全員を対象に「麦わらの一味海賊旗」デザインきせかえのプレゼントを実施します。※2010年7月〜2019年9月 日本におけるiOSとGoogle Playの合計※App Annie調べ本コラボレーションでは、以下の手順でSimejiオリジナルのきせかえデザインをダウンロードできます。ここでしか手に入らないデザインにご期待ください。1. ダウンロード可能期間2020年7月22日(水)～2020年8月31日(月) 23:592. オリジナルきせかえデザインイメージ(iOS版の場合) 【著作権表記】©尾田栄一郎/集英社・フジテレビ・東映アニメーション ※スペースに限りがあるときの短縮形:©O/S・F・T※当コラボきせかえはiPad非対応です。※本コラボきせかえは適用後2020年12月31日(木)までご利用いただけます。※Simejiの無料きせかえは、端末間での引き継ぎをサポートしておりませんので、アンインストールや機種変更の際はご注意ください。※画像はイメージです。実際のデザインとは異なる場合があります。<オリジナルきせかえ 入手方法>1)「Simeji」をスマホにダウンロード(すでにダウンロードしている場合は不要)2)TOPページより、ワンピースバナーをタップ3)お好みのきせかえデザインをタップして適用3. エフェクト機能 (期間中どなたでも利用可能です)ユーザーが文字を入力し、変換候補より特定のキーワードを選択することで画像や動画がキーボード上に現れる機能です。「麦わらの一味」や「ワンピースの日」他にも関連ワードを入力することで、ONE PIECEでキーボードが埋め尽くされます。全部で14種類、ワードを入力して当コラボレーションならではのエフェクトを体験してください。 4.フレーム機能テキストを入力し、LINEやTwitterでオリジナルデザインのフレームでメッセージ送信ができる機能です。ONE PIECEの世界観溢れるフレームデザインを使って、毎日のコミュニケーションをよりお楽しみいただけます。<フレーム機能 使用方法>1)「Simeji」をスマホにダウンロード(すでにダウンロードしている場合は不要)2)LINEやTwitterでテキストを入力し、右上に表示されるSimejiアシスタントのキャラクターアイコンをタップ3)一番右の「吹き出しタブ」をタップ4) お好みのフレームデザインを選び送信※フレーム機能は「Simeji」アプリを開き、「設定」>「その他の設定」>「Simejiアシスタント」をONに設定の上、ご利用ください。※iOSのみの機能となります。 
2020年7月28日	ダウンロードNo.1キーボードアプリ＊「Simeji」、 キャラクター着せかえアプリ「ポケコロ」と 人気キャラクター「スヌーピー」との期間限定コラボが決定！	https://www.baidu.jp/info/1115/	2020.07.28ダウンロードNo.1キーボードアプリ*「Simeji」、 キャラクター着せかえアプリ「ポケコロ」と 人気キャラクター「スヌーピー」との期間限定コラボが決定! ミッションクリアで「スヌーピー」のオリジナルきせかえをゲット!かわいい入力エフェクトも楽しめる!! バイドゥ株式会社(本社:東京都港区、代表取締役社長 Charles Zhang)が提供する日本語入力&きせかえ顔文字キーボードアプリ「Simeji」(iOS、Android版)は、キャラクター着せかえアプリ「ポケコロ」と「PEANUTS」との期間限定のコラボキャンペーンを本日より8月11日(火)まで実施します。本コラボレーションでは、ミッションクリアにより「PEANUTS」の人気キャラクター「スヌーピー」とのコラボデザインのオリジナルきせかえがダウンロード可能となり、特定の文字を入力することでキーボード上に特殊な演出が施される入力エフェクト機能を楽しむことができます。※2010年7月〜2019年9月 日本におけるiOSとGoogle Playの合計※App Annie調べ本コラボレーションでは、以下のミッションをクリアするとSimejiオリジナルのきせかえデザインをダウンロードできます。ここでしか手に入らないデザインにご期待ください。1. オリジナルきせかえGetミッション1)「Simeji」をスマホにダウンロード(すでにダウンロードしている場合は不要)2)「ポケコロ」をダウンロード3)「ポケコロ」のダウンロード完了後、「お知らせ」から特設ページへ。特設ページ内のきせかえGETボタンからSimejiに戻り、限定きせかえをGETしよう!※当コラボきせかえはiPad非対応です。※本コラボきせかえは適用後180日間ご利用いただけます。※Simejiの無料きせかえは、端末間での引き継ぎをサポートしておりませんので、アンインストールや機種変更の際はご注意ください。2. ダウンロード可能期間2020年7月28日(火)～2020年8月11日(火) 23:593. オリジナルきせかえデザインイメージ © 2020 Peanuts Worldwide LLC ©2011, 2020 cocone corporation. All rights reserved.※画像はイメージです。実際のデザインとは異なる場合があります。※本きせかえの有効期限は適用後180日間限定となります。4. 入力エフェクト機能(期間中どなたでも利用可能です)入力エフェクト機能とは、ユーザーが文字を入力し、変換候補より特定のキーワードを選択することで画像がキーボード上に現れる機能です。「スヌーピー」や他の関連ワードを入力することで可愛いイラストがキーボード上に現れます。ワードを入力して、当コラボレーションならではのエフェクトを体験してください。例:「スヌーピー」を入力した場合「ピーナッツ(PEANUTS)」とは チャールズ M.シュルツ氏が初めて「ピーナッツ」の仲間たちを世の中に紹介したのは、1950年。「ピーナッツ」が7つの新聞紙上でデビューを飾った時でした。それ以来、チャーリー・ブラウン、スヌーピーをはじめとするピーナッツ・ギャングたちは、ポップカルチャーに不滅の足跡を残してきました。2019年11月1日からAppleTV+で始まった新シリーズSnoopy in Spaceをはじめ、「ピーナッツ」のアニメーション作品は、特番や帯番組として、米国ではABCのほか、アニメ専門チャンネルのCartoon Networkやboomerang、カナダではFamily Channel、そして世界規模ではYouTubeのWildBrain Sparkのネットワークなど、主要ネットワークやストリーミングサービスで放送されています。また、世界中のファンの皆様には、多種多様の商品、アミューズメントパークのアトラクション、文化イベント、ソーシャルメディア、そして伝統的な紙媒体からデジタルまで各種媒体で掲載されている連載コミックなどを通して「ピーナッツ」を楽しんでいただいています。さらに2018年、「ピーナッツ」は、NASAとスペース・アクト・アグリーメントで複数年の提携をしました。このスペース・アクト・アグリーメントは、宇宙探査とSTEMへの情熱を啓発するよう次世代の子供たちに向けてデザインされたプログラムです。「ピーナッツ」のキャラクターおよび関連する知的財産権は、Wildbrainが41%、株式会社ソニー・ミュージックエンタテインメントが39%、チャールズ M.シュルツ氏のファミリーが20%を保有しています。「ポケコロ」とは『ポケコロ』は、キャラクターのお洋服や、お部屋をコーディネートして、自分だけの星をつくるアプリです。つくったキャラクターを通じて、友達とのコミュニケーションを楽しむことができます。『ポケコロ』は、自分好みの個性たっぷりのかわいいキャラクターを作成して、好みのファッションに着せ替えたり、気の合う友達とコミュニケーションをとったりと、さまざまな楽しみ方ができます。たとえ日常でうまくいかないことがあっても、ゆるりとした『ポケコロ』の世界に入れば、ほっこりと癒やされること間違いなし!同じ趣味の人を探すことができる「掲示板」機能や、辛いことがあったときに励ましあえる「なぐさめの星」機能など、仲間とつながれる機能も盛りだくさんです。よそいきの自分に疲れたら、‟ホントの自分でいられる『ポケコロ』で、自分の居場所を見つけてみてはいかがでしょうか?「ポケコロ」関連URL『ポケコロ』オフィシャルサイト:https://www.pokecolo.jp/オフィシャルTwitter(ポケコロカワイイ部):https://twitter.com/pokecolo_kawaiiオフィシャル Instagram:https://www.instagram.com/pokecolo/App storeダウンロード:https://apps.apple.com/jp/app/id451684733Google playダウンロード:https://play.google.com/store/apps/details?id=jp.cocone.pocketcolony日本語入力&きせかえ顔文字キーボードアプリ「Simeji」についてSimeji(シメジ) -日本語入力&きせかえ顔文字キーボードアプリ」は、Google Play™で最初に公開されたサードパーティー日本語キーボードです。現在はGoogle Play™にて、累計約2,125万以上のダウンロード数を誇る日本語入力アプリとなっています。さらに、2014年9月に はiOS版を提供開始、2020年7月時点で2,075万ダウンロードを達成、両OS併せて4,200万ダウンロードを達成しました。また、App Store「Best of 2016 今年のベスト」ランキング:無料カテゴリにもランクインしました。フリック入力や顔文字入力、アスキーアート入力のようなユニークな入力キーボードに加え、中国百度のAI技術を活用した音声入力にも対応し、ユニークできめ細やかな文字入力体験を提供しています。またメールやSNSのコミュニケーションが豊かになる絵文字や顔文字を多数、App内に搭載しています。更にクラウド超変換を使用する事で、端末メモリ使用量をおさえたまま豊富な顔文字変換を表示する事や、入力した瞬間におもしろ変換を表示する事が可能です。またキーボードのデザインを自由に変更できる洗練されたデザインのきせかえ機能により、カスタマイズすることができ、スマホやタブレット端末を使う楽しみがいっそう高まります。2015年3月には初の有料アプリとなる「Simeji Pro」もiOS向けに提供開始しました。さらに、会員専用の機能を追加したサブスクリプションサービス「Simeji VIP」(月額プラン:400円税込、年間プラン:2,400円税込)が登場。また、おかげさまで2020年、Simejiは誕生から12周年を迎えました。Simejiオフィシャルサイト:https://simeji.me/Simejiランキング:https://simeji.me/simeji-ranking/Android版URL:https://play.google.com/store/apps/details?id=com.adamrocker.android.input.simejiiOS版URL:https://itunes.apple.com/jp/app/id899997582?mt=8Simeji Pro【iPhone版のみ、1,100円(税込)】URL:https://itunes.apple.com/jp/app/id959791915?mt=8※Apple および Apple ロゴは米国その他の国で登録された Apple Inc. の商標です。App Store は Apple Inc. のサービスマークです。※Google Play、Google Playロゴは、Google Inc. の商標です。
2020年7月30日	10代味覚の最前線！！こんな味食べてみたい！ 10代1,900人が提案する「新しいうまい棒TOP10」 Simejiランキングが発表！！	https://www.baidu.jp/info/1119/	2020.07.3010代味覚の最前線!!こんな味食べてみたい! 10代1,900人が提案する「新しいうまい棒TOP10」 Simejiランキングが発表!! 甘くてかわいいあの味が無敵の第1位!お肉や野菜、おかず系もランクイン! バイドゥ株式会社(本社:東京都港区、代表取締役社長 Charles Zhang)が提供する日本語入力&きせかえ顔文字キーボードアプリ「Simeji」は、10代のSimejiユーザーへアプリ上でアンケート調査を行い、そのデータをランキング化した「Simejiランキング」を発表します。今回のテーマは、10代1,900人が提案する 「新しいうまい棒TOP10」※集計期間 2020/6/25～2020/7/2  有効回答数 10代男女1,908  【Simejiチームの総評】1979年の発売から昨年でなんと発売40周年を迎えた国民的お菓子「うまい棒」!皆さんも一度は食べたことがあるのではないでしょうか?いつ食べても美味しさの変わらない定番めんたい味やコーンポタージュ味はもちろん、ご当地限の味など旅先で見つけるとついお土産に買いたくなっちゃいますよね。味の種類の多さも魅力の一つ!今回Simejiでは、10代がこんな味あったらいいな!と思う「新しいうまい棒」について調査しました。第1位 いちご味ダントツの第1位は「いちご味」!シンプルに「いちご」という回答に続き、その他にも「いちごチョコ味」や「いちごミルク味」などの声も届いています。今すぐいちご味が食べてみたい!という方には、うまい棒にチョコを染み込ませて輪切りにしたようなしみこみチョコの「うまい しっとりいちご」というシリーズもおすすめです。第2位 焼きそば味さくさくのうまい棒に、ソースの香り! 第2位は「焼きそば味」です。想像するだけで間違いなく美味しそう。うまい棒のソース系定番の味では、「とんかつソース味」や「たこ焼味」が販売されています。ソース系シリーズを食べ比べしてみたいですね。第3位 コンソメ味うまい棒シリーズの中にありそうで、実は存在しなかった!第3位「コンソメ味」です。王道といっても良いくらい、みんなに愛される人気の味ですよね。うまい棒がコンソメ味で登場となると、もはや無敵な気がします。第4位 焼肉味食べた時の満足感が期待できそうな、この味!第4位に「焼肉味」がランクイン。お肉系シリーズでは、現在発売されている定番の味の中で「牛タン塩味」があるのをご存知でしたか?定番の味もお店で見つけたら試してみたい!第5位 抹茶味大人だけでなく10代にも人気のほろ苦さ、第5位に「抹茶味」がランクインしました。うまい棒の食感に抹茶の香りが良いアクセントになりそうです!お茶で有名な産地の地域限定などで、いつか抹茶味が登場してくれないかと願うばかりです。第6位 トマト味10代から「トマト味」が支持を集め、第6位にランクイン。さっぱりの酸味と、じゅわっとトマト風味、食べだしたら止まらないかもしれません。さらに、うまい棒のトマト味を使ったアレンジメニューも作れてしまいそうな気がします。第7位 コーラ味お菓子とコーラは切っても切り離せない強い縁を感じます。第7位に「コーラ味」がランクインしました。人気者同士が出会って、美味しくないわけがない…!うまい棒好きにもコーラ好きにもたまらない夢のコラボ、いつか味わってみたいです。第8位 梅味これからの夏にもぴったりな「梅味」が第8位にランクイン。梅系では「梅昆布味」を希望する声も届いています。実は以前うまい棒に「梅おにぎり味」が存在しており、フリーズドライした梅がまぶされていたのだそう。発売時期が1991年というからうまい棒の歴史を感じます。第9位 唐揚げ味お肉系の味は、やはり10代に根強い人気のようです。第9位に「唐揚げ味」がランクインしました。唐揚げ風味とうまい棒のサックサク感のとりこになりそう。お肉系だと他に「サラミ味」や「テリヤキバーガー味」もあるようです!第10位 ラーメン味ごはんにまつわる味が10代に人気を集めています。第10位「ラーメン味」!ラーメンと一言に言っても醤油、塩、みそ、とんこつ…ラーメンだけでもシリーズ化できてしまいそうな可能性を感じます。Simejiランキングとはユーザーの皆様が持つ最新トレンドを積極的に発信し、もっとたくさんの人に広めたい思いから始まったSimejiランキング。 Simejiアプリ上でアンケートを実施し、その結果データをランキング化したり、利用統計などから選出したものです。今後もSimejiランキングは、面白くて楽しいランキングデータを提供してまいります。次回のSimejiランキングをお楽しみに!Simejiランキング https://simeji.me/simeji-ranking/ 日本語入力&きせかえ顔文字キーボードアプリ「Simeji」についてSimeji(シメジ) -日本語入力&きせかえ顔文字キーボードアプリ」は、Google Play™で最初に公開されたサードパーティー日本語キーボードです。現在はGoogle Play™にて、累計約2,125万以上のダウンロード数を誇る日本語入力アプリとなっています。さらに、2014年9月に はiOS版を提供開始、2020年7月時点で2,075万ダウンロードを達成、両OS併せて4,200万ダウンロードを達成しました。また、App Store「Best of 2016 今年のベスト」ランキング:無料カテゴリにもランクインしました。フリック入力や顔文字入力、アスキーアート入力のようなユニークな入力キーボードに加え、中国百度のAI技術を活用した音声入力にも対応し、ユニークできめ細やかな文字入力体験を提供しています。またメールやSNSのコミュニケーションが豊かになる絵文字や顔文字を多数、App内に搭載しています。更にクラウド超変換を使用する事で、端末メモリ使用量をおさえたまま豊富な顔文字変換を表示する事や、入力した瞬間におもしろ変換を表示する事が可能です。またキーボードのデザインを自由に変更できる洗練されたデザインのきせかえ機能により、カスタマイズすることができ、スマホやタブレット端末を使う楽しみがいっそう高まります。2015年3月には初の有料アプリとなる「Simeji Pro」もiOS向けに提供開始しました。さらに、会員専用の機能を追加したサブスクリプションサービス「Simeji VIP」(月額プラン:400円税込、年間プラン:2,400円税込)が登場。また、おかげさまで2020年、Simejiは誕生から12周年を迎えました。Simejiオフィシャルサイト:https://simeji.me/Simejiランキング:https://simeji.me/simeji-ranking/Android版URL:https://play.google.com/store/apps/details?id=com.adamrocker.android.input.simejiiOS版URL:https://itunes.apple.com/jp/app/id899997582?mt=8Simeji Pro【iPhone版のみ、1,100円(税込)】URL:https://itunes.apple.com/jp/app/id959791915?mt=8※Apple および Apple ロゴは米国その他の国で登録された Apple Inc. の商標です。App Store は Apple Inc. のサービスマークです。※Google Play、Google Playロゴは、Google Inc. の商標です。
2020年4月2日	ダウンロードNo.1キーボードアプリ＊「Simeji」、 スマホ向け熱狂バンドリズムゲーム『SHOW BY ROCK!! Fes A Live』との 期間限定コラボきせかえが登場！	https://www.baidu.jp/info/1000/	2020.04.02ダウンロードNo.1キーボードアプリ*「Simeji」、 スマホ向け熱狂バンドリズムゲーム『SHOW BY ROCK!! Fes A Live』との 期間限定コラボきせかえが登場! 条件クリアで人気キャラクターをあしらったSimejiオリジナルきせかえをゲット! バイドゥ株式会社(本社:東京都港区、代表取締役社長:Charles Zhang)が提供する日本語入力&きせかえ顔文字キーボードアプリ「Simeji」(iOS、Android版)は、音楽&バンドがテーマのキャラクタープロジェクト『SHOW BY ROCK!!』のスマートフォン向け熱狂バンドリズムゲーム『SHOW BY ROCK!! Fes A Live』と期間限定のきせかえキャンペーンを本日より4月16日(木)まで実施します。この度のコラボレーションでは、ミッションクリアにより『SHOW BY ROCK!! Fes A Live』のオリジナルきせかえをお楽しみいただけます。※2010年7月～2019年9月 日本におけるiOSとGoogle Playの合計※App Annie調べ1. オリジナルきせかえGetミッション1)「Simeji」をスマホにダウンロード(すでにダウンロードしている場合は不要)2)『SHOW BY ROCK!! Fes A Live』をダウンロード3)『SHOW BY ROCK!! Fes A Live』の「お知らせ」から、きせかえダウンロードページにリンクできます。(既に『SHOW BY ROCK!! Fes A Live』をダウンロード済みの方は、「お知らせ」内からご利用いただけます。)※本施策きせかえはiPad非対応です。※Simejiの無料きせかえは、端末間での引き継ぎをサポートしておりませんので、アンインストールや機種変更の際はご注意ください。
2020年4月8日	ダウンロードNo.1キーボードアプリ（*）「Simeji」、 ５人組女性ボーカルグループ「Little Glee Monster」 と期間限定コラボ開始	https://www.baidu.jp/info/1006/	2020.04.08ダウンロードNo.1キーボードアプリ(*)「Simeji」、 5人組女性ボーカルグループ「Little Glee Monster」 と期間限定コラボ開始 期間限定オリジナルのきせかえやキーボードに画像が現れる入力エフェクトも楽しめる! バイドゥ株式会社(本社:東京都港区、代表取締役社長:Charles Zhang)が提供する日本語入力&きせかえ顔文字キーボードアプリ「Simeji」(iOS、Android版)は、株式会社ワタナベエンターテインメント(本社:東京都渋谷区、代表取締役社長 渡辺 ミキ)に所属する5人組女性ボーカルグループ 「Little Glee Monster」とのキャンペーンを本日より5月8日(金)まで展開します。2020年4月8日(水)にリリースされるDVD/BD『Little Glee Monster 5th Celebration Tour 2019~MONSTER GROOVE PARTY~』を記念した期間限定のコラボとなります。*2010年7月〜2019年9月 日本におけるiOSとGoogle Playの合計*App Annie調べ 
2020年4月13日	ダウンロードNo.1キーボードアプリ＊「Simeji」、 “歩くパワースポット”と呼ばれる「湘南乃風 SHOCK EYE」の 書籍発売記念コラボ「幸せを呼ぶきせかえ」を無料で提供開始	https://www.baidu.jp/info/1011/	オリジナルきせかえ入手方法1)「Simeji」をスマホにダウンロード。(すでにダウンロードしている場合は不要)2)「Simeji」のダウンロード後、アプリ内に表示される「きせかえ」ページ上部よりきせかえを入手できます。※当コラボきせかえはiPad非対応です。※Simejiの無料きせかえは、端末間での引き継ぎをサポートしておりませんので、アンインストールや機種変更の際はご注意ください。3)きせかえデザインイメージパワースポットで撮影されたSHOCK EYEの幸せパワーあふれるきせかえデザインをお楽しみいただけます。 「SHOCK EYE」プロフィール湘南乃風 SHOCK EYE(ショックアイ)/1976年神奈川県生まれ。RED RICE、若旦那、HAN-KUNと共に「湘南乃風」を結成。2003年、アルバム『湘南乃風 ～REAL RIDERS～』でデビュー。これまでにシングル19作品とアルバム7作品、ベスト盤2作品をリリース。2011年にはポルノグラフィティの新藤晴一、サウンドクリエーターの篤志と共にTHE 野党を結成。また、近年は℃-uteやジャニーズWEST、YouTuberのフィッシャーズなど幅広いジャンルのアーティストに楽曲提供を行う。著書に『歩くパワースポットと呼ばれた僕の大切にしている小さな習慣』(講談社)がある。 発売書籍情報歩くパワースポットと呼ばれた僕の大切にしている運気アップの習慣シリーズ7万部!｢スッキリ｣(日本テレビ系)､CM出演、他各メディアで話題沸騰中のSHOCK EYE(ショックアイ)が贈る、いま最強の｢運気アップ｣本。「サイン入り開運カード」「スペシャル待ち受け画像5種」の豪華2特典付き!ある日、人気占い師ゲッターズ飯田氏に「いままで占ってきた中で、1、2位を争う運の強さ」「歩くパワースポット」と言われた男、湘南乃風 SHOCK EYE。SHOCK EYE を待ち受けにすると、いいことがあるらしいいつしか、そんな噂が芸能界、SNSで広まり、「CMの仕事が決まった」「彼氏ができた」など、様々な運気アップ報告が寄せられるように。本書では「歩くパワースポット」と呼ばれたSHOCK EYEが、この1年間「歩くパワースポット」活動をしてみてわかったこと、大切にしている考え方、習慣を余すことなくご紹介。5万部突破の『歩くパワースポットと呼ばれた僕の大切にしている小さな習慣』刊行から1年。さらに運気アップしたSHOCK EYEが、今をよりよく生きたいと願うすべての人に贈る、「運の引き寄せ方」決定版!書籍詳細はこちらhttps://www.amazon.co.jp/dp/4065194423/ 日本語入力&きせかえ顔文字キーボードアプリ「Simeji」について「Simeji(シメジ) -日本語入力&きせかえ顔文字キーボードアプリ」は、Google Play™で最初に公開されたサードパーティー日本語キーボードです。現在はGoogle Play™にて、累計約2,020万以上のダウンロード数を誇る日本語入力アプリとなっています。さらに、2014年9月にはiOS版を提供開始、2020年1月時点で約1,880万ダウンロードを達成、両OS併せて3,900万ダウンロードを達成しました。また、App Store「Best of 2016 今年のベスト」ランキング:無料カテゴリにもランクインしました。フリック入力や顔文字入力、アスキーアート入力のようなユニークな入力キーボードに加え、中国百度のAI技術を活用した音声入力にも対応し、ユニークできめ細やかな文字入力体験を提供しています。またメールやSNSのコミュニケーションが豊かになる絵文字や顔文字を多数、App内に搭載しています。更にクラウド超変換を使用する事で、端末メモリ使用量をおさえたまま豊富な顔文字変換を表示する事や、入力した瞬間におもしろ変換を表示する事が可能です。またキーボードのデザインを自由に変更できる洗練されたデザインのきせかえ機能により、カスタマイズすることができ、スマホやタブレット端末を使う楽しみがいっそう高まります。2015年3月には初の有料アプリとなる「Simeji Pro」もiOS向けに提供開始しました。また、おかげさまで2020年、Simejiは誕生から12周年を迎えました。Simejiオフィシャルサイト:https://simeji.me/Simeji公式Facebook:https://www.facebook.com/Simeji.meSimeji公式Twitter:https://twitter.com/Simeji_prSimeji公式Instagram:https://www.instagram.com/simeji_official/Simejiランキング:https://simeji.me/simeji-ranking/Android版URL:https://play.google.com/store/apps/details?id=com.adamrocker.android.input.simejiiOS版URL:https://itunes.apple.com/jp/app/id899997582?mt=8Simeji Pro【iPhone版のみ、1,100円(税込)】URL:https://itunes.apple.com/jp/app/id959791915?mt=8※Apple および Apple ロゴは米国その他の国で登録された Apple Inc. の商標です。App Store は Apple Inc. のサービスマークです。※Google Play、Google Playロゴは、Google Inc. の商標です。 
2020年4月24日	『イケメン戦国◆時をかける恋』×『Simeji』 大人気のキーボードきせかえに、徳川家康が期間限定で登場！	https://www.baidu.jp/info/1017/	2020.04.24『イケメン戦国時をかける恋』×『Simeji』 大人気のキーボードきせかえに、徳川家康が期間限定で登場! キータッチ音で徳川家康(CV:増田 俊樹)のイケメンボイスが聴ける 株式会社サイバード(本社:東京都渋谷区、代表取締役社長 兼 CEO 本島 匡)の大人気恋愛ゲーム「イケメン戦国♦時をかける恋」は、バイドゥ株式会社(本社:東京都港区、代表取締役社長 Charles Zhang)が提供する、簡単にオリジナルキーボードが作れる人気の日本語入力&きせかえ顔文字キーボードアプリ「Simeji」(iOS、Android版)と、本日2020年4月24日(金)より5月8日(金)までコラボレーションを実施します。本コラボレーションでは、『イケメン戦国時をかける恋』に登場する人気武将、徳川家康(CV:増田俊樹)の限定デザインをキーボードに設定することができます。また、特定のキーをタッチしたり、徳川家康にまつわる特定のキーワードを入力したりすることで、徳川家康のキャラクターボイスを担当する増田俊樹さんの素敵なイケメンボイスを聴くことができますさらに、シークレットキーワード入力することで、限定ボイスをお楽しみ頂ける、スペシャルな演出も用意しました。シークレットキーワードは、4月30日(木)(時間未定)に、『イケメン戦国時をかける恋』の公式Twitter(https://twitter.com/Cyikemensengoku)にて公開予定です。公開までは様々なキーワードを試して、シークレットキーワードで登場する演出をお楽しみください。※ご利用いただくには、『Simeji』と『イケメン戦国時をかける恋』のダウンロードが必要です。 コラボレーション実施概要【きせかえ】ご使用のスマートフォンのキーボード背景を、人気武将の徳川家康のイラストにきせかえ設定できます。さらに、お手持ちのスマートフォンを横向きにすると出現する横キーボードでは、シークレットデザインがお楽しみいただけます。・きせかえダウンロード期間:2020年4月24日(金)～2020年5月8日(金)23:59 【キータッチボイス】(全1種)キータッチ音で徳川家康(CV:増田俊樹)のボイスが流れます。(全1種)ボイス内容「いいんじゃない」・期間:(iOS)きせかえを行ったタイミングから、180日間ボイスをお楽しみいただけます。(Android) きせかえをダウンロードしたタイミングから、180日間ボイスをお楽しみいただけます。※ボイスをお楽しみいただくためには、「[特典]ｲｹﾒﾝ戦国徳川家康コラボ」のダウンロードが必要です。【キーワードボイス】(全2種)特定のキーワード(―例:いえやす、わさび、いけめんせんごく)を入力すると、徳川家康(CV:増田俊樹)のイケメンボイスが流れます。ボイス内容「どこに行っても、何してもいいよ。……俺から離れること以外なら、ね。」さらに、あるキーワードを入力するとシークレットの「天邪鬼なイケメンボイス」が流れます。ぜひ、色々なキーワードをお試しください。(こちらのキーワードはイケメン戦国公式Twitterにて4月30日(木)(時間未定)に公開されます。)・期間:2020年4月24日(金)～5月8日(金)23時59分※このボイスは期間中どなたでも利用可能です オリジナルきせかえGetミッション以下のミッションをクリアするとコラボきせかえデザインをダウンロードできます。1)「Simeji」をスマホにダウンロード。2)ゲーム「イケメン戦国時をかける恋」をダウンロード。3)ゲームのプロローグ終了後に表示されるマイページ下部のコラボバナー、もしくは「イベント」ページにて表示されるコラボバナーから、きせかえがダウンロードできます。(既に「イケメン戦国時をかける恋」をプレイ中の方は、マイページ下部のコラボバナー、もしくは「イベント」ページにて表示されるコラボバナーからご利用いただけます。)※既に「Simeji」「イケメン戦国」をダウンロードしている場合は、ミッション1)2)は不要です。※一部、当きせかえの利用可能期間は、適用より180日間です。※当コラボきせかえはiPad非対応です。※Simejiの無料きせかえは、端末間での引き継ぎをサポートしておりませんので、アンインストールや機種変更の際はご注意ください。 日本語入力&きせかえ顔文字キーボードアプリ『Simeji』とは「Simeji(シメジ) -日本語入力&きせかえ顔文字キーボードアプリ」は、累計約3,900万以上のダウンロード数を誇る日本語入力アプリです。フリック入力や顔文字入力、アスキーアート入力のようなユニークな入力キーボードに加え、中国百度のAI技術を活用した音声入力にも対応し、ユニークできめ細やかな文字入力体験を提供しています。またメールやSNSのコミュニケーションが豊かになる絵文字や顔文字を多数、App内に搭載しています。更にクラウド超変換を使用する事で、端末メモリ使用量をおさえたまま豊富な顔文字変換を表示する事や、入力した瞬間におもしろ変換を表示する事が可能です。またキーボードのデザインを自由に変更できる洗練されたデザインのきせかえ機能によりカスタマイズすることができ、スマホやタブレット端末を使う楽しみがいっそう高まります。Simejiオフィシャルサイト:https://simeji.me/Simejiランキング:https://simeji.me/simeji-ranking/Android版URL:https://play.google.com/store/apps/details?id=com.adamrocker.android.input.simejiiOS版URL:https://itunes.apple.com/jp/app/id899997582?mt=8Simeji Pro【iPhone版のみ、1,100円(税込)】URL:https://itunes.apple.com/jp/app/id959791915?mt=8 
2020年5月1日	ダウンロードNo.1キーボードアプリ＊「Simeji」、 伝説のお笑い芸人「江頭2:50」のYouTubeチャンネル「エガちゃんねる」と 「江頭2:50叫ぶきせかえキーボード」期間限定コラボを実施！	https://www.baidu.jp/info/1024/	2020.05.01ダウンロードNo.1キーボードアプリ*「Simeji」、 伝説のお笑い芸人「江頭2:50」のYouTubeチャンネル「エガちゃんねる」と 「江頭2:50叫ぶきせかえキーボード」期間限定コラボを実施! 「江頭2:50」本人による音声付きオリジナルきせかえや、キーワード入力で「エガちゃんエフェクト」が暴れる! バイドゥ株式会社(本社:東京都港区、代表取締役社長:Charles Zhang)が提供する日本語入力&きせかえ顔文字キーボードアプリ「Simeji」(iOS、Android版)は、伝説のお笑い芸人「江頭2:50(えがしらにじごじゅっぷん)」が配信するYouTubeチャンネル「エガちゃんねる」とのコラボレーションきせかえを2020年5月1日(金)より2020年5月31日(日)まで実施します。この度のコラボレーションでは、本人による音声付きSimejiオリジナルきせかえデザイン「江頭2:50叫ぶきせかえキーボード」をダウンロードしてお楽しみいただけます。*2010年7月〜2019年9月 日本におけるiOSとGooglePlayの合計*App Annie調べ
