2020年4月1日	ソフトバンクとKDDI、地方における5Gネットワークの早期整備を推進する合弁会社を設立	https://www.softbank.jp/corp/news/press/sbkk/2020/20200401_01/	ソフトバンクとKDDI、地方における5Gネットワークの早期整備を推進する合弁会社を設立2020年4月1日ソフトバンク株式会社KDDI株式会社ソフトバンク株式会社(本社:東京都港区、代表取締役 社長執行役員 兼 CEO:宮内 謙、以下「ソフトバンク」)とKDDI株式会社(本社:東京都千代田区、代表取締役社長:髙橋 誠、以下「KDDI」)は、2019年7月の両社の合意※に基づき、地方における第5世代移動通信システム(以下「5G」)のネットワークの早期整備を共同で推進するための合弁会社「株式会社5G JAPAN」(以下「5G JAPAN」)を、2020年4月1日に設立しました。5G JAPANは、5Gネットワークの地方展開を加速するべく、両社が保有する基地局資産を効率的に相互利用するインフラシェアリングを推進し、5G基地局の工事設計や施工管理に関する業務を行います。5G JAPANは、ソフトバンクの「情報革命で人々を幸せに」と、KDDIの「お客さまの期待を超える感動をお届けすることにより、豊かなコミュニケーション社会の発展に貢献」の二つのビジョンの下、あらゆる産業をカバーする5Gネットワークを早期に整備し、日本の産業育成や地方創生、国土強靭化に貢献することで国際競争力の向上を目指していきます。合弁会社の概要(1)
2020年4月1日	ソフトバンクとみずほフィナンシャルグループの新たなライフスタイルに対応した次世代型金融事業における戦略的提携について	https://www.softbank.jp/corp/news/press/sbkk/2020/20200619_02/	ソフトバンクとみずほフィナンシャルグループの新たなライフスタイルに対応した次世代型金融事業における戦略的提携について2020年6月19日ソフトバンク株式会社株式会社みずほフィナンシャルグループソフトバンク株式会社(本社:東京都港区、代表取締役 社長執行役員 兼 CEO:宮内 謙、以下「ソフトバンク」)と株式会社みずほフィナンシャルグループ(本社:東京都千代田区、執行役社長:坂井 辰史、以下「みずほFG」)は、新たなライフスタイルに対応した次世代型金融事業における戦略的提携を行うことについて合意しました。デジタル化の進展に伴う利便性の向上を受け、年齢を問わず、多くの人がスマートフォンを活用し「時間や場所に縛られない、便利で多様なライフスタイル」、すなわちスマートライフを志向する動きが強まっています。また現在、リモートワークや非対面でのサービス提供が拡大する中、その動きは一層加速しています。金融事業においても、生活シーンと密着した利便性の高い、スマートフォンなどを活用したオンラインサービスがますます求められています。ソフトバンクは、「情報革命で人々を幸せに」というソフトバンクグループの経営理念の下、ライフスタイルやワークスタイルに変革をもたらす、さまざまな通信サービスやソリューションを提供しています。現在は「Beyond Carrier」戦略を掲げ、従来の通信事業の基盤を強化するとともに、5G(第5世代移動通信システム)やAI(人工知能)やIoTなどの最先端テクノロジーを活用しながら幅広い産業分野において革新的なサービスを提供し、さらなる成長を目指しています。この一環として、フィンテック領域においてもグループ各社と連携しながらさまざまな取り組みを強化しています。みずほFGは、デジタル化や少子高齢化、グローバル化等の経済･産業･社会の構造変化を受けて、顧客ニーズや金融業界の構造的変化が急速に進む中、2019年度からの5年間を計画期間とする「5ヵ年経営計画」を策定し、新たな時代の顧客ニーズに対応して顧客との新たなパートナーシップを構築していく『次世代金融への転換』の実現を目指しています。「5ヵ年経営計画」の基本戦略として「オープン&コネクト」・「熱意と専門性」を掲げ、「金融そのものの価値」を越えて、非金融を含めた「金融を巡る新たな価値」の創造に向けて、みずほFGがこれまで培ってきた強みである①顧客基盤・ネットワークと信頼・安心感②金融機能・市場プレゼンスと非金融領域への対応力③グループ一体的なビジネス推進体制などを最大限活用し、デジタライゼーションへの取り組みや、外部との積極的な協働を加速していく方針です。これまでソフトバンクとみずほFGは、株式会社みずほ銀行(以下「みずほ銀行」)とソフトバンクによる、国内初のAIスコアレンディング会社である株式会社J.Score(以下「J.Score」)の共同設立や、スマホ証券会社の先駆けである株式会社One Tap BUY(以下「One Tap BUY」)へソフトバンクとみずほ証券株式会社(以下「みずほ証券」)がそれぞれ出資するなど、金融事業においてさまざまな連携・協業を行ってきました。ソフトバンクとみずほFGは、グループ各社と連携しながらこれまで行ってきた領域について一段と強化するとともに、互いの強みを活かせる分野において協業領域をさらに拡大することで、スマートフォンを軸とした生活シーンと金融事業を融合した次世代型金融事業を創出し、利便性の高い新たなオンラインサービスを通じて、お客さまの新たなライフスタイルの実現をサポートしていきます。本提携に基づき、ソフトバンクとみずほFGはレンディング分野、スマホ証券分野および決済代行分野において、以下の連携強化の協議を行い、実現を目指します。さらに両社の強みやノウハウを活かして、上記以外のより幅広い分野での協業を検討していきます。レンディング分野みずほ銀行とソフトバンクの共同出資会社であるJ.Scoreは、2016年の会社設立以降、「より自分を高めたいという気持ちをもったすべての人が、安心して挑戦できる新しい日本をつくる」をビジョンに掲げ、スコアに応じて最適な借り入れ条件を提示する「AIスコア・レンディング」等、「AIスコア」※を活用したフィンテックサービスを展開してきました。今般、上記の取り組みに加え、より幅広いお客さまの生活シーンにおける利便性を高めるという観点から、ソフトバンクのグループ会社であるPayPay株式会社(以下「PayPay」)と協力し、2020年度内の新サービス提供を目指して、検討を進めていきます。具体的には、PayPayの幅広いお客さまに対し、より便利なJ.Scoreのレンディングサービスを提供することを予定しています。この連携を通じてレンディング利用者層のさらなる拡大を図り、多様化する資金ニーズへの対応を強化していきます。また、J.Scoreは、インドをリードする金融サービス事業者であるPaytm社の研究開発部門Paytm Labs Inc.による技術協力を受け、サービスのさらなる高度化を実現することを目指します。Paytmは、最先端技術を活用した決済サービスを展開しておりPayPayへの技術協力も行っています。今後もみずほ銀行とソフトバンクは、J.Scoreを通じた付加価値の高いフィンテックサービスの創出に取り組み、日本におけるレンディングサービス等の健全な発展に貢献してまいります。[注]※スマホ証券分野ソフトバンクの子会社であるOne Tap BUYは、1,000円から3タップで株式の売買ができる証券取引サービスをスマートフォンアプリで提供しています。2020年4月からは新たなサービスとして、PayPayのミニアプリで、PayPayボーナスを用いた疑似運用体験サービス「ボーナス運用」による手軽な投資体験機会の提供も開始しています。みずほ証券は、One Tap BUYがサービスの提供を開始した2016年度から資本参画し、資本面から営業基盤の立ち上げをサポートするとともに、事業における協業の可能性について議論してきました。人生100年時代の到来により資産形成の重要性が一層増す中で、今回の提携の枠組みの下、One Tap BUYをソフトバンクとみずほ証券の共同経営体制へと移行し、「身近で親しみやすい」「分かりやすい」というコンセプトの下、これまでの株式売買サービスに加えて投資信託による積み立て投資サービス等のサービスの拡充を行うことで、従来以上に投資未経験者や初心者にも利用しやすい資産形成の場を提供していきます。具体的には、両社グループのリソースやノウハウ、顧客基盤を活用することで機能強化と基盤拡大を図るとともに、PayPayとのPayPayボーナス等の利用を通した連携強化の検討により、生活に密着した資産運用サービスを提供することで、より多くのお客さまにとって身近でわかりやすく、利便性の高いサービスを実現し、「貯蓄から資産形成へ」の流れを加速していきます。決済代行分野現金に代わる決済手段の多様化やスマートフォンの普及、デジタル化の進展、また現在の社会環境を踏まえ、消費者の行動が「対面から非対面へ」大きく変化しています。これに伴いEC市場の拡大やネット決済の広がりによるオンラインでのキャッシュレス決済が急速に拡大しています。このような環境の中、ソフトバンクの子会社であるSBペイメントサービス株式会社(以下「SBPS」)が展開するネット決済代行機能をみずほグループに提供し、リアル加盟店のEC進出ニーズや法人顧客のEC決済ニーズ・決済手段の多様化に対応し、販売機会の拡大を支援できるよう、共同で検討を進めていきます。また、SBPSが保有するAI不正検知ノウハウと、みずほグループが保有する多様な決済・金融データを活用したAI不正検知ソリューションや、安全・簡単な認証サービスの展開等を検討するとともに、それぞれが保有するオンラインおよびリアル領域の事業基盤やノウハウを融合した新たなソリューションの開発についても検討を進めていきます。[注]※
2020年4月1日	ソフトバンクとグループ2社が「2020 Microsoft Country Partner of the Year」を受賞～国内で最も優秀な実績を上げたパートナーとして選出～	https://www.softbank.jp/corp/news/press/sbkk/2020/20200714_01/	ソフトバンクとグループ2社が「2020 Microsoft Country Partner of the Year」を受賞～国内で最も優秀な実績を上げたパートナーとして選出～2020年7月14日ソフトバンク株式会社SB C&S株式会社SBテクノロジー株式会社ソフトバンク株式会社(以下「ソフトバンク」)、SB C&S株式会社(以下「SB C&S」)およびSBテクノロジー株式会社(以下「SBT」)は、Microsoft Corporation(以下「マイクロソフト」)が選出する「2020 Microsoft Partner of the Year」において、「Microsoft Country Partner of the Year」を受賞しましたのでお知らせします。「Microsoft Partner of the Year」は、マイクロソフトの技術を用い、傑出したソリューションを開発・提供したパートナーを年に1度表彰するものです。アワードはいくつかのカテゴリーに分かれており、今回は世界100カ国、3,300超の企業がエントリーしました。その中からソフトバンク、SB C&SおよびSBTは、過去1年間に国内で最も優秀な実績を上げたパートナーを表彰する「Microsoft Country Partner of the Year」を、ソフトバンクグループとして受賞しました。ソフトバンクは、クラウドプラットフォーム「Microsoft Azure」や、ネットワークサービス「ダイレクトアクセス for Microsoft Azure」をはじめとするさまざまなサービスを提供しています。最近では、専任組織によるMicrosoft Azureを活用したシステムやソリューションの設計・構築をはじめ、ネットワークを含む高品質な保守・運用を行うMSP(Managed Service Provider)サービスを提供しており、この実績と技術力が評価され、Microsoft Azureのパートナー認定プログラムの最高位である「Microsoft Azure Expert MSP」と、ネットワークサービスに特化したパートナー認定プログラム「Microsoft Azure Networking MSP」の二つの認定を、日本の企業として初めて※取得しました。このようにクラウド関連のソリューションを包括的に提供することで、企業のデジタルトランスフォーメーション(DX)を支援してきたことが評価され、このたびの受賞につながりました。SB C&Sは、「Indirect Cloud Solution Provider(CSP)」として、Microsoft AzureやMicrosoft 365のパートナーのマーケット拡大を支援しています。2011年からOffice 365相談センターやAzure相談センターを運営し、パートナーならびにエンドユーザーへタイムリーに情報提供を行うとともに、疑問や懸念点の解消に努めています。特に、Microsoft Azureに関してはSB C&S独自のパートナー向け支援プログラム「SB C&S Azure Club」を提供し、技術者の育成や案件獲得のための支援を行っており、日本市場のクラウドトランスフォーメーションを強力にドライブしたことが評価され、このたびの受賞につながりました。SBTは、2009年からいち早くマイクロソフト クラウドビジネスを開始し、Microsoft 365の導入やMicrosoft Azureを活用した基幹システムの構築、これらに必要不可欠なセキュリティーの導入など、国内大手企業・官公庁向けにトップクラスの導入実績を有しています。また、これまでに培ってきたクラウドとセキュリティーの知見を基に、Microsoft 365向けマネージドセキュリティーサービス「MSS for Microsoft 365」、Microsoft 365の利活用を促進するサービス「clouXion」、IoT活用に必要なモノ・データ・ヒトを統合的に管理するプラットフォームサービス「IoT Core Connect」といったMicrosoft Azureを基盤としたサービスを提供しています。2020年1月にはclouXionを含めたクラウドソリューションの納入実績が1,000社を突破し、これらの活動により多くの企業のDXを支援してきたことが評価され、このたびの受賞につながりました。ソフトバンク、SB C&SおよびSBTは、今後もクラウド分野における各社のノウハウやリソースを活用し、ソフトバンクのグループシナジーを創出することで、お客さまのワークスタイルの変革やDXを支援していきます。関連するサービスの詳細およびお問い合わせについては、下記をご参照ください。<ソフトバンク>MSPサービスMicrosoft Azure<SB C&S>Office 365相談センターMicrosoft 365相談センターAzure相談センター<SBT>MSS for Microsoft 365clouXionIoT Core Connect[注]※
2020年4月7日	ソフトバンクとヤフー、「パ・リーグLIVE」をスポーツ総合サイト「スポーツナビ」で提供～ライブ中継の視聴と、チーム情報や選手情報、個人成績などの閲覧がシームレスに～	https://www.softbank.jp/corp/news/press/sbkk/2020/20200305_06/	ソフトバンクとヤフー、「パ・リーグLIVE」をスポーツ総合サイト「スポーツナビ」で提供～ライブ中継の視聴と、チーム情報や選手情報、個人成績などの閲覧がシームレスに～2020年3月5日ソフトバンク株式会社ヤフー株式会社ソフトバンク株式会社(本社:東京都港区、代表取締役 社長執行役員 兼 CEO:宮内 謙、以下「ソフトバンク」)とヤフー株式会社(本社:東京都千代田区、代表取締役社長 兼 CEO:川邊 健太郎、以下「Yahoo! JAPAN」)は、プロ野球パシフィック・リーグ(以下「パ・リーグ」)のライブ中継サービス「パ・リーグLIVE」を、2020年度パ・リーグ開幕戦より、Yahoo! JAPANが運営するスポーツ総合サイト・アプリ「スポーツナビ」で「Yahoo!プレミアム」会員向けに提供します。「パ・リーグLIVE」は、パ・リーグ公式戦全戦、交流戦(パ・リーグ主催試合)、パ・リーグ クライマックス・シリーズのライブ中継を試合開始から終了まで余すことなく視聴できるサービスで、昨シーズンまでは、「Yahoo!プレミアム」会員向け特典としてソフトバンクの専用ウェブサイト※1で提供していました。このたび、「パ・リーグLIVE」を「スポーツナビ」内で提供することにより、ライブ中継中でも、追っかけ再生機能により試合開始時にさかのぼって最初から視聴したり、ライブ中継と「スポーツナビ」上で公開しているチーム情報や選手情報、個人成績などのプロ野球に関連する情報をシームレスに閲覧できるようになります。これまで同様「Yahoo!プレミアム」(462円/月)会員であれば、パソコンやスマートフォンなどで、追加料金なしで、「パ・リーグLIVE」を視聴可能です。ソフトバンクとYahoo! JAPANは、&ldquo;ソフトバンク&rdquo;のスマートフォンなどのユーザー向けに、「Yahoo!プレミアム」の各種特典を使い放題で提供しているほか、&ldquo;ワイモバイル&rdquo;の「スマホプラン/スマホベーシックプラン」や「データプラン/データベーシックプラン」のユーザー向けに「Yahoo!プレミアム」の各種特典を利用できる「Yahoo!プレミアム for Y!mobile」を提供しており、&ldquo;ソフトバンク&rdquo;や&ldquo;ワイモバイル&rdquo;のユーザーであれば、これまで同様に追加料金なしで「パ・リーグLIVE」を視聴可能です※2。なお、「パ・リーグLIVE」専用ウェブサイトでのサービスの提供は終了します。[注]※1
2020年4月9日	ソフトバンクのB.LEAGUEトップパートナー継続が決定	https://www.softbank.jp/corp/news/press/sbkk/2020/20200610_01/	ソフトバンクのB.LEAGUEトップパートナー継続が決定2020年6月10日ソフトバンク株式会社公益社団法人ジャパン・プロフェッショナル・バスケットボールリーグソフトバンク株式会社(東京都港区、代表取締役 社長執行役員 兼 CEO:宮内 謙、以下「ソフトバンク」)と、公益社団法人ジャパン・プロフェッショナル・バスケットボールリーグ(東京都文京区、チェアマン:大河 正明、以下「B.LEAGUE」)は、「B.LEAGUEトップパートナー」として契約を継続することになりましたのでお知らせいたします。ソフトバンクは、2016年の開幕時からB.LEAGUEのトップパートナーとして、国内バスケットボールのライブ中継が楽しめる「バスケットLIVE」などを通して、スポーツとテクノロジーを融合した、新しいスポーツ観戦体験の提供に取り組んできました。両者は、新たなバスケットボールの観戦方法や体験、エンターテインメントを共につくっていきたいという思いの下、契約を継続する運びとなりました。日本のバスケットボールの普及、B.LEAGUEの全国的なさらなる盛り上げに向けてソフトバンクとB.LEAGUEは連携し、共にチャレンジしていきます。ソフトバンク 代表取締役 副社長執行役員 兼 COO 榛葉 淳のコメントソフトバンクは、日本バスケットボール協会、バスケ男子日本代表、そしてB.LEAGUEを全力でサポートいたします。新型コロナウイルスはスポーツ界にも大きな影響を及ぼしています。そんな中において、常に新しい挑戦をし続けるバスケットボール界やB.LEAGUEに対して、「バスケットLIVE」の応援機能を通した各クラブへの支援を実施していく他、第5世代移動通信システム(5G)を活用した映像配信などの最新テクノロジーによる新サービスである「5G LAB」を通して、B.LEAGUEのファンの皆さまに新しいスポーツの観戦スタイルを提案していきます。B.LEAGUEチェアマン 大河 正明のコメント2016年の開幕時からB.LEAGUEを支えてくださったソフトバンク様がこれからもB.LEAGUEまた日本のバスケットボールを支援してくださるとのこと、これほど頼もしいことはございません。心より感謝申し上げます。島田新チェアマンのもと、BREAK THE BORDERの精神で前例のないことに挑戦し続け、ソフトバンク様と共に飛躍してくれることを願っております。B.LEAGUE チェアマン(候補者たる理事) 島田 慎二のコメントこの度、ソフトバンク様が「B.LEAGUEトップパートナー」として契約を継続してくださること、誠にありがとうございます。難しい情勢ではありますが、このようなタイミングだからこそ、より連携を深め、アグレッシブにスポーツの新たな体験を創っていきたいと思います。そして日本のバスケットボールが、社会になくてはならないものになるように、ソフトバンク様のテクノロジーとバスケットボールを融合した、新たな価値を社会に提案し続けて参ります。
2020年4月15日	テレビ朝日とソフトバンク、5Gで伝送したサーフィンのライブ映像をテレビ局で遠隔操作・編集することに成功	https://www.softbank.jp/corp/news/press/sbkk/2020/20200331_01/	テレビ朝日とソフトバンク、5Gで伝送したサーフィンのライブ映像をテレビ局で遠隔操作・編集することに成功2020年3月31日株式会社テレビ朝日ソフトバンク株式会社株式会社テレビ朝日(本社:東京都港区、代表取締役社長・COO:亀山 慶二、以下「テレビ朝日」)とソフトバンク株式会社(本社:東京都港区、代表取締役 社長執行役員 兼 CEO:宮内 謙、以下「ソフトバンク」)は、2020年3月20日に沖縄県北谷町で沖縄県のプロサーファーがサーフィンする姿を撮影したライブ映像を、第5世代移動通信システム(以下「5G」)を活用して伝送し、テレビ朝日の本社から映像の遠隔操作・編集をリアルタイムに行う実証実験に成功しました。近年、インターネットテレビや動画配信サービスといったインターネットを活用した映像サービスや高精細な4K映像など、臨場感のある映像コンテンツの需要が高まっています。一方、放送業界では映像の高度化に伴う番組制作における作業の負荷や、編集機材のコスト増加などが課題となっています。そこで、テレビ朝日とソフトバンクは、このようなニーズや課題に対して、5Gを活用した実証実験を行いました。実証実験では、沖縄県のプロサーファーがサーフィンする姿を3台のカメラでライブ撮影し、5Gを活用して都内にあるソフトバンクのデータセンターまで伝送し、テレビ朝日の本社から遠隔でスイッチング操作(全映像を遠隔視聴し必要な映像のみを切り換えて転送)できることを確認しました。また、全映像はソフトバンクのデータセンターに設置したサーバー内へリアルタイムで保存され、テレビ朝日の映像制作のエンジニアが遠隔で編集を行えることも確認できました。この実証実験の成功により、これまで撮影現場の中継車などで行っていたスイッチング操作や映像編集をテレビ局から効率的に行うことができるようになります。テレビ朝日とソフトバンクは、放送業界が抱える課題解決や需要に対して、今後も5GやIoTを活用したさまざまな検討を進めていきます。実証実験のイメージ図SoftBankおよびソフトバンクの名称、ロゴは、日本国およびその他の国におけるソフトバンクグループ株式会社の登録商標または商標です。その他、このプレスリリースに記載されている会社名および製品・サービス名は、各社の登録商標または商標です。
2020年4月16日	テレメタリングプランを除くPHS向け料金プランなどの提供終了の延期について	https://www.softbank.jp/corp/news/press/sbkk/2020/20200417_01/	テレメタリングプランを除くPHS向け料金プランなどの提供終了の延期について2020年4月17日ソフトバンク株式会社株式会社ウィルコム沖縄ソフトバンク株式会社および株式会社ウィルコム沖縄は、2020年7月31日に予定していたテレメタリングプランを除く&ldquo;ワイモバイル&rdquo;のPHS向け料金プランなどの提供の終了を、2021年1月31日まで延期します。今回の延期は、新型コロナウイルスの感染拡大の影響により携帯電話への移行手続きが困難になっている事情などを受けて、全国の医療機関をはじめとするお客さまから延期のご要望を多くいただいている状況に鑑みて決定したものです。対象となるお客さまには、個別にご案内します。提供の終了を延期する主な料金プランなどの詳細は、こちらをご覧ください。なお、&ldquo;ワイモバイル&rdquo;のテレメタリングプランは、2023年3月末をもって提供を終了します。ソフトバンク株式会社および株式会社ウィルコム沖縄は、今後もお客さまやビジネスパートナーの皆さま、社員の安全と安心を最優先として、社会情勢に応じた対応を行っていきます。SoftBankおよびソフトバンクの名称、ロゴは、日本国およびその他の国におけるソフトバンクグループ株式会社の登録商標または商標です。その他、このプレスリリースに記載されている会社名および製品・サービス名は、各社の登録商標または商標です。
2020年4月17日	デマンドレスポンス(DR)特許技術を利用したシステム開発～独自特許技術を活用した本格的DRソリューションを小売電気事業者に向けて販売開始～	https://www.encored.co.jp/archives/9667	～ 独自特許技術を活用した本格的DRソリューションを小売電気事業者に向けて販売開始 ～2020年6月18日エンコアードジャパン株式会社エンコアードジャパン株式会社(東京都港区、代表取締役社長 兼CEO:中野 明彦、以下「エンコアード」)は、2018年7月24日に出願し2020年1月に特許庁に正式登録されたスケジューリング機能を含むデマンドレスポンス管理システムに関する特許技術(以下、「DR特許技術」)を利用した小売電気事業者向けデマンドレスポンスコアシステム(以下、「DRシステム」)を開発し、2020年7月に運用を開始します。また、DRシステムは、小売電気事業者のSBパワー株式会社(以下、「SBパワー」)に採用されました。小売電気事業者は、電源の調達価格の変動リスクを常に抱えており、季節や時間帯によっては、小売の販売価格を電源の調達価格が上回る損失が発生する場合があります。また、2022年度より開始される新たなインバランス料金制度により、需給ひっ迫時にはインバランス料金が上昇し、小売電気事業者の利益を圧迫するケースも予想されます。そのため小売電気事業者にとって、必要な時間帯に電力の需要を効率的にコントロールする仕組みを持つことがより一層重要になります。加えて、新型コロナウィルス感染防止のため、自宅で過ごす「おうち時間」が増加したことにより、電気代が増えたと感じている方が多く、そのうち3分の2は節電を心がけていることが分かりました※1 。今後、新たな生活様式において「おうち時間」がこれまで以上に増加し、更に節電を意識する需要家も増加することが予想されます。エンコアードは、これら小売電気事業者の課題解決や需要家の節電ニーズを満たすことを目的に、小売電気事業者が大規模なシステム開発を行わずに導入可能なDRシステムを提供します。DRシステムは、エンコアードのDR特許技術を基盤に、これまで培ったエネルギービッグデータ分析ノウハウを駆使し、需要家ごとの効果的なDR要請時間帯を予測するとともに、需要家に対するDR要請時間帯の通知や参加受付などを行うためのユーザーインターフェイスの提供までをパッケージとする小売電気事業者向け包括的DRソリューションです。DRシステムを採用して2020年7月に運用を開始するSBパワーの取り組みの詳細はこちらをご覧ください。https://www.sbpower.co.jp/news/pdf/20200618_01.pdfエンコアードは、DR特許技術をはじめ、革新的技術によって、エネルギー情報から新たな価値を創造し、人と人、人と社会がつながる豊かな未来の実現を目指していきます。※1 : SB パワーが 2020 年 6 月 4 日に実施した「おうち時間に関するアンケート」より。https://www.sbpower.co.jp/news/pdf/20200604_01.pdfDRシステムの特徴エンコアードは、DRシステムの開発に先立ち、2018年7月24日に本DR特許技術を出願し(特願2018-138870)、2020年1月に特許庁に正式に登録完了しました。エンコアードのDRシステムは、次のような特徴があります。1.包括的なDRソリューションの提供 需要家の電力データの収集および電力需要予測、日本卸電力取引所(以下、「JEPX」)取引価格の予測、DR要請時間帯およびDR目標値の算出、需要家専用インターフェイスの提供、DR制御信号の生成など、DR実施に必要な包括的なソリューションを提供します。小売電気事業者が保有するサーバと連携するだけで、簡単にDRサービスを開始することができます。このDR特許技術は、「電力情報転送装置」、「DRシステム」、「小売電気事業者サーバ」、「加入者(需要家)端末」で構成され、電力情報転送装置で収集した電力データをもとに、DRシステムが小売電気事業者サーバに最適なDR要請時間帯を提供します。小売電気事業者は、DRシステムから受けた情報をもとに、DR実施の判断を行い、DR要請時間帯の情報をDRシステムに送信します。DR要請時間帯の情報を受けたDRシステムは、スケジューリング情報を生成し、その情報を加入者端末に反映させます。加入者は、DR参加有無を加入者端末を通じてDRシステムに送信し、指定された時間にDRを実施します。そのDRの結果はDRシステムから加入者端末に送信されます。2.様々な電力データフォーマットに対応 各送配電事業者から収集する電力データ(Cルート)、スマートメーターからHEMSなどを通じて直接収集する電力データ(Bルート)、分電盤に設置された電力センサにより取得するリアルタイム電力データ、など様々なフォーマットに対応します。3.独自AIを活用した高効率のDR発動ロジック エネトーク技術※2で培われた電力データ分析技術を活用し、高精度の電力需要予測およびJEPX取引価格予測を独自AIアルゴリズムで算出し、最適なDR要請時間帯とDR目標値を算出します。  4.様々な需要制御に対応 需要家自身が需要を制御する行動誘発型DRだけでなく、スマート家電リモコン※3やエコーネットライト※4を通じた家電制御、または家電メーカーが保有する専用サーバとのAPI連携など、様々な需要制御の手段を対応します。※2 :分電盤設置型の電力センサを用いて電力データのリアルタイム分析を行うエンコアードのプラットフォーム技術。※3 :スマートフォンで家電の操作を可能とする通信入り赤外線リモコン機器。※4 : エコーネットコンソーシアムが策定するスマートハウス向けの通信プロトコル。 
2020年4月17日	パワーハラスメントの実態調査と発生リスクのスコア化を行う「Wellness Eye Plus」を7月13日から提供開始	https://www.softbankatwork.co.jp/news/press/2020/07/13/2915/	 ソフトバンク株式会社の子会社で人事系シェアードサービスを提供するSBアットワーク株式会社(本社:東京都港区、代表取締役社長:長崎 健一、以下「SBアットワーク」)は、企業などにおけるパワーハラスメントの実態調査と発生リスクのスコア化を行うサービス「Wellness Eye Plus(ウェルネスアイ プラス)」の提供を、2020年7月13日から開始します。SBアットワークは、株式会社クオレ・シー・キューブ(以下「クオレ・シー・キューブ」)および東京大学大学院 医学系研究科 精神保健分野の川上 憲人研究室と、2年間にわたり共同で研究を続け、クオレ・シー・キューブとサービスを開発しました。「Wellness Eye Plus」は、SBアットワークが開発して現在提供中の、57の質問に回答することにより社員のメンタルコンディションと組織のコンディションを可視化できるストレスチェックサービス「Wellness Eye」※と併せて、専用のウェブサイト上で利用できるサービスです。 このサービスでは、「Wellness Eye」の質問項目に、パワーハラスメントやセクシュアルハラスメントに関する行為の有無やその頻度に関する18の質問と、組織風土や上司のマネジメントスタイルに関する17の質問を追加して、企業および部門単位でのハラスメントの実態を可視化する他、これらの質問への回答内容やストレスチェックの結果からパワーハラスメントの発生リスクをスコア化します。このスコア化には、2019年に「Wellness Eye Plus」(ベータ版)で収集した合計10社・2万862人分の回答データを基に統計解析して精度を検証した独自の予測モデルを活用しています。「Wellness Eye Plus」を活用することで、企業などは法令で年1回の実施が義務付けられているストレスチェックの実施と同時にパワーハラスメントの実態と発生リスクを把握できるため、ハラスメント対策を含めた総合的な職場環境の改善に取り組むことが可能になります。このサービスの提供にあたり共同研究を行ったクオレ・シー・キューブは、2001年にパワーハラスメントという言葉と概念を提唱したハラスメントのコンサルティング会社です。年間約800件の研修や延べ3,000社以上のコンサルティングを行うなど、企業におけるハラスメント対策において豊富な経験と実績を有しています。同社の顧問は、ハラスメントをテーマに多数の論文を執筆している、日本を代表するハラスメント研究者の津野 香奈美氏(神奈川県立保健福祉大学大学院 教員)です。また同じく共同研究を行った東京大学大学院の川上 憲人教授は、労働者のメンタルヘルスをはじめとする精神保健分野の研究に約30年間取り組んでいます。SBアットワークは、パワーハラスメントやメンタルヘルスの分野で豊富な知見を有するクオレ・シー・キューブおよび川上 憲人研究室と連携し、「ハラスメントフリー」な社会の実現に貢献することを目指します。「Wellness Eye Plus」の詳細は、弊社ウェブサイトをご覧ください。https://www.softbankatwork.co.jp/wellness-eye-plus/※ 2014年に提供開始し、2020年7月時点で約380社・40万人に利用いただいています。・ 「ウェルネスアイ」「Wellness Eye」「ウェルネスアイ プラス」「Wellness Eye Plus」およびそのロゴは、SB アットワーク株式会社の登録商標または商標です。・ ソフトバンクの名称、ロゴは、日本国およびその他の国におけるソフトバンクグループ株式会社の登録商標または商標です。・ その他、このプレスリリースに記載されている会社名、サービス名は、各社の登録商標または商標です。・ プレスリリースに記載されている計画・内容、サービス、仕様、お問い合わせ先、その他の情報は、発表時点の情報です。その後予告なしに変更となる場合があります。【本件に関するお問い合わせ】企業・団体からのお問い合わせSBアットワーク株式会社 ソリューション企画部お問い合わせフォーム: https://www.softbankatwork.co.jp/service/contact/E-mail: SBGGRP-WE@g.softbank.co.jp 報道関係者からのお問い合わせSBアットワーク株式会社 経営企画部E-mail: SBGGRP-AW-INFOSYS@g.softbank.co.jp
2020年4月20日	フューチャーショップ、「futureshop」で構築されたECサイトで「PayPay（オンライン決済）」が利用できるオプションサービスを8月リリース	https://www.sbpayment.jp/news/press/2020/20200519_000810/	フューチャーショップ、「futureshop」で構築されたECサイトで「PayPay(オンライン決済)」が利用できるオプションサービスを8月リリース～登録ユーザーは2,800万人以上!たくさんの実店舗で採用されているキャッシュレス決済が、SBペイメントサービス経由でfutureshopでも導入可能に～株式会社フューチャーショップ(以下「フューチャーショップ」)とSBペイメントサービス株式会社(以下「SBPS」)は、フューチャーショップが提供するSaaS型ECサイト構築プラットフォーム「futureshop」および「futureshop omni-channel」(以下、総称として「futureshop」)とPayPay株式会社が提供する決済サービス「PayPay(オンライン決済)」との接続を開始します。(申込受付開始:2020年6月1日 提供開始:2020年8月)これにより、futureshopを利用し、SBPSのオンライン決済サービスを導入した事業者は、ECサイトで「PayPay」を決済方法の1つとして提供できます。※1また、2,800万人以上のPayPayユーザー※2は、futureshopでのお買い物がさらに便利になります。この取り組みは「futureshop」のマルチペイメント対応の1つです。フューチャーショップとSBPSは今後もfutureshopを利用する事業者の自社ECでの決済方法を拡充し、事業者と購入者双方の利便性向上を図ってまいります。futureshopでの「PayPay」導入メリットカゴ落ち防止効果も見込める自社ECサイトでも、PayPay残高を決済手段として利用できます。初回購入時でもクレジットカード番号など、外出先では入力しづらい情報の入力が不要。カゴ落ち防止効果が見込めます。商品出荷時に売上が確定できるSaaS型Eコマースプラットフォームでは初の試みとして※3、課金・売上方式が出荷売上に対応します。購入時にはPayPay残高の仮減算を実施し、商品出荷時に売上が確定します。ECサイトでの物販に発生しうる確定までの金額変更やキャンセル時も、対応が可能です。新たな機能開発不要「PayPay」の導入には追加開発の必要がありません。お申し込み手続き完了後、管理画面での設定だけで利用開始できます。【画面遷移イメージ】 スマートフォンでの購入時、PayPayアプリがインストールされている場合2020年5月28日(木)に開催のオンラインセミナーにおいて、本オプションサービスを紹介します。セミナータイトル
2020年4月20日	ブティックスターが新サービスであるファッション・コスメ業界向け高品質ECサイト制作サービス「Tailormade Plan」を提供開始～信頼性の高いSBPS決済サービスとクリエイティビティの組み合わせでECビジネスを支援～	https://www.sbpayment.jp/news/press/2020/20200108_000772/	ブティックスターが新サービスであるファッション・コスメ業界向け 高品質ECサイト制作サービス「Tailormade Plan」を提供開始 ～信頼性の高いSBPS決済サービスとクリエイティビティの組み合わせでECビジネスを支援～株式会社ブティックスター(以下「ブティックスター」)は、新サービスであるファッション・コスメ業界向けの高品質ECサイト制作サービス「Tailormade Plan(テーラーメイドプラン)」の提供を2020年1月8日より開始します。また、ブティックスターはソフトバンク株式会社の子会社であるSBペイメントサービス株式会社(以下「SBPS」)とパートナー契約を締結し、ブティックスターが提供する「Tailormade Plan」のメイン決済サービスとしてSBPSのオンライン決済サービスを採用しました。そのため、「Tailormade Plan」を利用する事業者は、ECサイト構築プラットフォーム経由でECサイトに信頼性の高いSBPSのオンライン決済サービスを導入できます※1。ブティックスターとSBPSは、ファッション・コスメ業界に必要とされるクリエイティビティと信頼性の高い決済サービスの組み合わせにより、ファッション・コスメを取り扱う事業者のECビジネスを支援していきます。SBPSの決済サービスのメリット信頼性の高い決済サービスSBPSは、12万店舗以上の導入実績と年間3兆円規模の決済処理実績を持つ、国内最大級の決済代行会社です。さらに、Visa、Mastercardの国際的なクレジットカードブランドのライセンスを保有し、決済代行に留まらず、アクワイアラの立場として加盟店審査や管理業務、決済サービスの提供までワンストップで行っています。安心の無償附帯サービス※2近年、ECビジネスにおいてクレジットカードの不正使用が多発しています。SBPSはECサイトの不正使用を未然に防ぐ「不正検知サービス」や、万一チャージバックが発生した際の負担を年間10万円まで保証する「チャージバック保証サービス」を無償で提供しています。SBPSの決済サービスを利用する事業者のECビジネスを不正リスクから守ります。豊富な決済オプションサービス2回目以降の購入時にカード情報入力が不要でユーザーの利便性を向上する「クレジットカード情報お預かりサービス」や、なりすましなどの不正使用を防止する「3Dセキュア(本人認証サービス)」「セキュリティコード(CVV2)」などECビジネスに欠かせない決済オプションサービスを無料で導入できます。「Tailormade Plan」について「Tailormade Plan」は、ファッション業界やビューティー業界の第一線で活躍する著名クリエイターがECサイトのデザインを作り上げるサービスです。【参加クリエイター】千原徹也(れもんらいふ)、ENLIGHTENMENT、梅沢篤(グラムビースト)、竹内祥記、AI NAKAI、Artless従来、ECサイトとブランドサイトは別々のサイトとして作られることが一般的でしたが、昨今ではECサイトとブランドサイトの垣根はなく、2つのサイトを統合化して1つのサイトとして制作するのが世界的なトレンドになっています。そのため、これからのECサイトは買えるだけでは不十分で、ブランドサイトとしてブランディングの役割も必要になります。「Tailormade Plan」ではユーザビリティが高く買いやすいことはもちろん、ブランディング効果の高いECサイトを著名クリエイターと作り上げるサービスとなっています。詳細については、こちらをご覧ください。https://boutiquestar.jp/tailormadeplan
2020年4月22日	ホークスを自宅でリモート応援！ 5G時代の新しい野球観戦スタイルをスタート～クラブホークス会員やタカポイント会員などは31日間、会員でない方も開幕3連戦のVRライブ配信が無料！ コカ・コーラシートからの応援が自宅で可能に～	https://www.softbank.jp/corp/news/press/sbkk/2020/20200612_02/	ホークスを自宅でリモート応援! 5G時代の新しい野球観戦スタイルをスタート～クラブホークス会員やタカポイント会員などは31日間、会員でない方も開幕3連戦のVRライブ配信が無料! コカ・コーラシートからの応援が自宅で可能に～2020年6月12日福岡ソフトバンクホークス株式会社ソフトバンク株式会社福岡ソフトバンクホークス株式会社(本社:福岡市中央区、代表取締役社長:後藤 芳光、以下「ソフトバンクホークス」)とソフトバンク株式会社(本社:東京都港区、代表取締役 社長執行役員 兼 CEO:宮内 謙、以下「ソフトバンク」)は、新型コロナウイルス感染症拡大の影響から当面は無観客での開催となるプロ野球公式戦の開幕を盛り上げるため、ソフトバンクが提供する5G時代ならではの臨場感溢れる視聴体験を実現するコンテンツ配信サービス「5G LAB」とのコラボレーション施策を、2020年6月19日の開幕戦に合わせて実施します。今回の取り組みにより、「5G LAB」のサービスである「VR SQUARE」「FR SQUARE」「AR SQUARE」で提供する、ソフトバンクホークス関連のコンテンツを自宅でより一層お楽しみいただけるようになります。「VR SQUARE」では、福岡PayPayドーム(以下「PayPayドーム」)で開催するソフトバンクホークスの公式戦全60試合を4台のカメラでVR(Virtual Realityの略、仮想現実)ライブ配信する「ソフトバンクホークスチャンネル」を提供していますが、無観客試合の期間は、ライトスタンドのカメラを人気のコカ・コーラシートに移設します。これにより、選手に近いコカ・コーラシートから、さらに臨場感のある映像をお楽しみいただけるようになります。また、クラブホークス会員とタカポイント会員、ホークス筑後ファンクラブ会員全員に、「ソフトバンクホークスチャンネル」の31日間無料視聴券をプレゼントするキャンペーンを実施します※1。会員でない方にも、PayPayドームで開催する千葉ロッテマリーンズとの開幕3連戦を無料で配信します。「FR SQUARE」でも、PayPayドームで開催する千葉ロッテマリーンズとの開幕3連戦を無料で配信します。「FR SQUARE」では、映像を自由に回転させて好きな視点で視聴することができます。「AR SQUARE」では、「いざゆけ若鷹軍団」のBGM付きのハリーホークのAR(Augmented Realityの略、拡張現実)をラインアップしています。今後、ARを用いたキャンペーンなど、自宅観戦をSNSでも盛り上げる企画を実施する予定です。各取り組みの概要は、下記の通りです。「VR SQUARE」での取り組み「VR SQUARE」では、PayPayドームで開催するソフトバンクホークスの公式戦全60試合をVRライブ配信する「ソフトバンクホークスチャンネル」を提供しています。球場に4台のカメラ(ホームベース後方、一塁ベンチ横、三塁ベンチ横、ライトスタンド)を設置し、立体的(3D)で視点が切り替えられる、高品質な映像をお楽しみいただけます。無観客試合の期間中は、ライトスタンドのカメラを人気のコカ・コーラシートに移設し、より選手に近い映像をお届けします。また、クラブホークス会員とタカポイント会員、ホークス筑後ファンクラブ会員全員を対象に、「ソフトバンクホークスチャンネル」の31日間無料視聴券をプレゼントするキャンペーンを実施します※1。また、会員でない方にも、PayPayドームで開催する千葉ロッテマリーンズとの開幕3連戦を無料で配信します。コカ・コーラシートへのカメラ設置1. 期間6月19日～[注]※2. 内容PayPayドーム内に設置されている4台のカメラ(ホームベース後方、一塁ベンチ横、三塁ベンチ横、ライトスタンド)のうち、ライトスタンドのカメラをコカ・コーラシートに移設。コカ・コーラシートからの視聴イメージ「ソフトバンクホークスチャンネル」31日間無料視聴券配布1. 視聴券の登録期間6月19日～11月30日2. 内容クラブホークス会員とタカポイント会員、ホークス筑後ファンクラブ会員全員を対象に、「ソフトバンクホークスチャンネル」(月額980円)の31日間無料視聴券をプレゼントします※1。詳細はウェブサイトをご覧ください。3. 視聴方法6月16日からクラブホークス会員とタカポイント会員、ホークス筑後ファンクラブ会員にご案内します。ソフトバンクホークスの開幕3連戦の無料配信1. 実施期間6月19～21日2. 内容PayPayドームで開催する千葉ロッテマリーンズとの開幕3連戦を無料で配信。3. 視聴方法「VR SQUARE」アプリをダウンロードしていただくと、無料期間中はログイン不要でお楽しみだけます。また、応援ボード掲出権利や応援グッズセットと「ソフトバンクホークスチャンネル」の31日間無料視聴券※1をセットにして、ソフトバンクホークス公式オンラインストアで販売中です。詳細は下記のお知らせをご覧ください。応援ボード掲出権利セット:https://www.softbankhawks.co.jp/news/detail/00003355.htmlおうち観戦セット:https://www.softbankhawks.co.jp/news/detail/00003376.html「応援ボード掲出権利セット」イメージ画像/「おうち観戦セット」イメージ画像「FR SQUARE」での取り組み「FR SQUARE」では、Yahoo!プレミアム会員(月額462円)を対象に、PayPayドームで開催するソフトバンクホークス戦をライブ配信しています。FRは、「Free view point Reality(多視点)」というコンセプトに基づいた造語で、バックネット裏や天井など4台のカメラで撮影している映像を選んで好きなアングルで視聴することができます。またPayPayドーム内に専用カメラを設置することにより、映像を自由に回転させることも可能です。スマホをテレビにつないで視聴することで、家族で楽しむこともできます。今回、多くの方にご自宅で観戦いただくため、PayPayドームで開催する千葉ロッテマリーンズとの開幕3連戦をYahoo!プレミアム会員でない方にも無料で配信します。ソフトバンクホークスの開幕3連戦の無料配信1. 実施期間6月19～21日2. 内容PayPayドームで開催する千葉ロッテマリーンズとの開幕3連戦を無料で配信。3. 視聴方法「FR SQUARE」アプリをダウンロードしていただくと、無料期間中はログイン不要でお楽しみだけます。スマホをテレビに接続して視聴するイメージ映像を自由に回転するイメージ映像を自由に回転するイメージその他、ソフトバンクが提供する、プロ野球パシフィック・リーグのライブ配信サービス「パ・リーグLIVE」では、通常Yahoo!プレミアム会員(月額462円)への登録が必要なところ、開幕3連戦の全9試合をYahoo!プレミアム会員でない方にも無料で配信します。なお、「パ・リーグLIVE」はYahoo! JAPANが運営するスポーツ総合サイト・アプリ「スポーツナビ」でご視聴いただけます。「AR SQUARE」での取り組み「AR SQUARE」では、実際の風景にデジタルデータを合成することで、現実世界を「拡張」するAR技術を活用したコンテンツをアプリでお楽しみいただけます。アイドルやキャラクターなどを拡大・縮小・回転して自由に鑑賞したり、好きなアイドルやキャラクターを出現させ、スマホのカメラを通して現実の背景や人物と一緒に写真や動画を撮影したりすることができます。また、撮影した写真や動画をSNSに投稿することもできます。「AR SQUARE」では、「いざゆけ若鷹軍団」のBGM付きのハリーホークのARをラインアップしています。今後、ARを用いたキャンペーンなど、自宅観戦をSNSでも盛り上げる企画を実施する予定です。ハリーホークのARとの撮影イメージ[注]※1
2020年4月22日	メンタルヘルスとハラスメント対策に関する動画教材サービス「Wellness Eye Study」を2020年4月から提供開始	https://www.softbankatwork.co.jp/news/press/2020/03/16/2917/	ソフトバンク株式会社(以下「ソフトバンク」)の子会社で人事系シェアードサービスを提供するSBアットワーク株式会社(本社:東京都港区、代表取締役社長:長崎 健一、以下「SBアットワーク」)は、メンタルヘルスとハラスメント対策に関する法人向け動画教材サービス「Wellness Eye Study(ウェルネスアイ スタディ)」を、2020年4月1日から提供開始します。「Wellness Eye Study」は、東邦大学 医学部 精神神経医学講座 客員教授の平 陽一氏と株式会社クオレ・シー・キューブ(以下「クオレ・シー・キューブ」)の監修の下で制作したものです。「Wellness Eye Study」は、「いつでも・どこでも・わかりやすく・簡単に・効果的に」をコンセプトにしたマイクロラーニング形式の教材サービスです。よくある事例をベースにしたドラマ仕立ての動画プログラムで、パソコンやスマートフォンで1本当たり3〜5分程度で学習できます。サービス開始時は、20本の動画プログラムを用意し、その後は毎年数十本の動画プログラムを新たに追加していく予定です。企業などはその中から必要なプログラムを、1本当たり年間2万円(税抜き)から※で、学習ツールとして社員研修などに活用できます。本サービスの監修者である平 陽一氏は、産業精神医学を専門として東邦大学医療センター佐倉病院でリワーク・プログラム(職場復帰支援プログラム)を担当する一方で、ERI産業医労働衛生コンサルタント事務所を開設し、企業のメンタルヘルスや労働衛生コンサルティングに取り組んでいます。また、平 陽一氏と共に本サービスを監修するクオレ・シー・キューブは、2001年にパワーハラスメントという言葉と概念を提唱したハラスメントのコンサルティング会社で、年間800件の研修や延べ3,000社以上のコンサルティングを行っています。SBアットワークは、メンタルヘルスやハラスメント対策の分野で豊富な知見と実績を有する平 陽一氏およびクオレ・シー・キューブと連携し、メンタルヘルスケアの充実や「ハラスメントフリー」な社会の実現に貢献することを目指します。「Wellness Eye Study」の詳細は、ウェブサイトをご覧ください。https://www.softbankatwork.co.jp/wellness-eye-study/※ 料金は、契約する動画プログラム数や利用人数などの条件により変動します。・ 「ウェルネスアイ」「Wellness Eye」「ウェルネスアイ スタディ」「Wellness Eye Study」およびそのロゴは、SB アットワーク株式会社の登録商標または商標です。・ ソフトバンクの名称、ロゴは、日本国およびその他の国におけるソフトバンクグループ株式会社の登録商標または商標です。・ その他、このプレスリリースに記載されている会社名、サービス名は、各社の登録商標または商標です。・ プレスリリースに記載されている計画・内容、サービス、仕様、お問い合わせ先、その他の情報は、発表時点の情報です。その後予告なしに変更となる場合があります。【本件に関する問い合わせ先】企業・団体からの問い合わせ先SBアットワーク株式会社 ソリューション企画部Tel: 03-6889-2722E-mail: SBGGRP-WE@g.softbank.co.jp報道関係者からの問い合わせ先SBアットワーク株式会社 経営企画部Tel: 03-6889-2700E-mail: SBGGRP-AW-INFOSYS@g.softbank.co.jp
2020年4月27日	モバイルデバイス向けエンドポイントセキュリティ「Cybereason Mobile」を提供開始	https://www.cybereason.co.jp/news/press-release/4647/	
2020年4月27日	モビリティサービスのアプリ接続事業者であるSplytのシリーズB投資ラウンドを主導	https://www.softbank.jp/corp/news/press/sbkk/2020/20200618_02/	モビリティサービスのアプリ接続事業者であるSplytのシリーズB投資ラウンドを主導2020年6月18日ソフトバンク株式会社ソフトバンク株式会社(以下「ソフトバンク」)は、モビリティサービスのアプリと旅行予約プラットフォームの相互接続事業者で、英国のスタートアップであるSplyt Group Ltd.(本社:英国ロンドン、以下「Splyt(スプリット)」)の1,950万米ドル(約21億円※)のシリーズB投資ラウンドを主導し、このたび同社の主要株主になりましたのでお知らせします。この投資ラウンドには、American Expressの戦略的投資グループ会社であるAmerican Express Venturesなども参加しています。今回の出資に合わせて、ソフトバンクはSplytと業務提携し、法人事業統括 グローバル営業本部 執行役員本部長の野崎 大地がSplytの取締役に就任して、同社のグローバルな事業展開を加速させます。Splytは、旅行予約プラットフォームや、複数サービスを組み合わせたアプリ、また決済プラットフォームなどを、配車アプリなどのモビリティサービスのアプリと接続し、海外旅行におけるシームレスなスマートフォン(スマホ)の利用体験を実現しています。アプリなどの相互接続により、一つのアプリでさまざまなサービスの利用が可能となり、エンドユーザーにはサービスの利便性向上、パートナー企業にはエンドユーザーによるサービスの利用機会の拡大などの付加価値を提供しています。Splytは、すでにAlipayやGrab、Booking.comなどのさまざまなアプリをモビリティサービスのアプリに接続させており、その実績と幅広いパートナーシップが最大の強みです。Splytは、今回調達した資金で、シェアサイクルやシェアバイクなどのモビリティサービスも加えて、グローバルネットワークのさらなる拡大に取り組みます。ソフトバンクは、グループ全体でスマホをベースとしたさまざまな革新的なサービスを提供しており、通信サービスに加えて、これらのサービスをさらに拡大させていくことが成長戦略である「Beyond Carrier」を推進する上で非常に重要です。これまでは多くのサービスがそれぞれのアプリやプラットフォーム上で独立して運営されており、本来発揮できるシナジーを十分に生かしきれていないという課題がありました。Splytとの協業により、グループ企業やパートナー企業のアプリなどを相互に接続することで、一つのインターフェースに複数のサービスをシームレスに統合したスーパーアプリを実現し、サービス間のシナジーを最大化することが可能になります。Splytの共同創業者でCEOのPhilipp Mintchin(フィリップ・ミンチン)氏は、次のように述べています。「Splytは、世界のどこにいても普段と同じ操作で利用できるシームレスなモビリティサービスを、パートナー企業がエンドユーザーに提供できる基盤の整備を目指しています。世界的にも優れた企業とパートナーシップを組み、今回新たにソフトバンクおよびAmerican Express Venturesを出資者として迎え入れられたことを大変うれしく思います」ソフトバンクの代表取締役 社長執行役員 兼 CEOの宮内 謙は、次のように述べています。「スマホの普及により、買い物や食事、旅行などの日々の生活にスマホアプリが欠かせないものになった一方、さまざまなアプリが急増したことで、複数の機能を一つに集約するスーパーアプリの必要性が高まっています。モビリティサービスのアプリと決済や旅行予約プラットフォームなどの相互接続において、Splytの先を行く企業はなく、同社との提携はスーパーアプリの顧客基盤の強化と利用機会の拡大を可能にします。また、Splytが持つテクノロジーと同社のグローバルネットワークは、ソフトバンクが保有するアセットの価値をさらに引き出し、『Beyond Carrier』戦略の推進を加速させます。Philippと彼の非常に優秀なチームと長期にわたる関係を構築できることをうれしく思います」[注]※Splytの事業イメージSplytについてSplytは、グローバルモビリティネットワークのリーディングカンパニーです。Splytのテクノロジーは、パートナー企業の旅行予約プラットフォームなどを既存の配車サービスや空港送迎サービス、シェアサイクル・バイクサービスのアプリに接続して、利便性を格段に向上させます。Splytは、150カ国2,000都市以上にまたがるモビリティネットワークとの連携により、旅行予約プラットフォームや決済プラットフォーム、スーパーアプリ運営事業者が独自のアプリ内においてエンドユーザーによるモビリティサービスの利用を可能にし、エンドユーザーの満足度と運営事業者の収益向上を実現します。Splytは、ロンドンとシンガポールに拠点を置く、優秀な人材を多く抱えるスタートアップです。合計で20カ国語以上を話し、17の国籍にまたがる50人の従業員が在籍しています。詳細は、こちらをご覧ください。SoftBankおよびソフトバンクの名称、ロゴは、日本国およびその他の国におけるソフトバンクグループ株式会社の登録商標または商標です。その他、このプレスリリースに記載されている会社名および製品・サービス名は各社の登録商標または商標です。
2020年4月27日	ユナイテッドアローズにYext Search Experience Cloudを導入しデジタル・サービス上での「正しい」店舗情報の発信を強化 
	http://www.scigineer.com/news/20200609/2904/	～ ブランド・イメージの向上、店舗情報の一元管理に向けた取り組みを展開 ～複雑ネットワーク理論や人工知能技術を活用したマーケティングサービスを提供するサイジニア株式会社(本社:東京都港区、代表取締役CEO:吉井 伸一郎、証券コード:6031東証マザーズ)は、ユナイテッドアローズに、検索エンジンや地図アプリ、SNS上での企業や店舗の正しい情報発信を可能にするYext(NYSE:YEXT、日本法人:株式会社Yext(イエクスト)、代表取締役会長兼CEO:宇陀 栄次)の「Yext Search Experience Cloud」を導入しました。これにより、デジタル・サービス上での「正しい」店舗情報の発信の強化とユナイテッドアローズ、ビューティ&ユース ユナイテッドアローズ、ユナイテッドアローズ グリーンレーベル リラクシングなどを含めた国内で展開するストアブランド、約250店舗への送客を支援しています。ユナイテッドアローズは従来、デジタル・サービス上で社名等の検索時に店舗が表示されない、また同社の営業時間や閉鎖店舗について誤った情報が表示されるなど、インターネット上での情報発信に課題を抱えていました。加えて、Googleマップの中国版である、Baiduマップ(百度地図)など、海外の検索エンジンやマップでの店舗情報の表示を通じて、インバウンドの集客拡大も課題の一つでした。この解決策として、昨年3月からYext Search Experience Cloudの「Yext Knowledge Graph」「Yext Listings」「Yext Knowledge Tag」を活用し、自社店舗ページやGoogle、Baiduマップなどの世界の主要な検索サービス上での「正しい」店舗情報の表示・一元管理に取り組んでいます。【資料】サイジニア株式会社について http://www.scigineer.com/サイジニアは、「検索エンジンでは見つけられない幸せがある」という思いから、北海道大学大学院 複雑系工学講座の准教授と研究メンバーが立ち上げたテクノロジー企業です。サイエンス+エンジニアリング=「サイジニア」として、先端科学の知見を工学的に応用、「複雑ネットワーク理論」や人工知能を活用した解析技術を実用化し、情報が多すぎて欲しいものが見つけられないという21世紀の課題を解決することを目指しています。Yext(イエクスト)について http://www.yext.co.jp/Yextは、自社ウェブサイト、検索サイト、マップ、SNSなどの、あらゆるデジタル・サービス上での正確な情報発信を可能にするYext Search Experience Cloudを提供しています。Yextは、営業時間、サービス、ロケーション、メニューやイベントなど、企業の正しい情報を集めた信頼できる唯一の情報源を提供することにより、検索する消費者に「正しい答え」を届けています。日本では2017年に日本法人を設立し、事業活動を展開しており、顧客企業は株式会社JTB、株式会社日比谷花壇、株式会社三井住友銀行、ヤマト運輸株式会社ほかです。Yext (NYSE:YEXT)は本社をニューヨークに、支社をアムステルダム、ベルリン、シカゴ、ダラス、ジュネーブ、ロンドン、マイアミ、ミラノ、パリ、サンフランシスコ、上海、東京、ワシントンD.C.に構えています。印刷用PDF
2020年4月27日	ワンストップでキャッシュレス決済を導入できるサービス「PayCAS」を提供開始	https://cas.softbank.jp/press/200304_01/	SB C&S株式会社(以下「SB C&S」)は、決済端末およびネットワーク、初期設定やアフターサポートなどの関連するサービスをひとつのパッケージにした新サービス「PayCAS(ペイキャス)」の提供を開始します。さまざまな決済端末がネットワークへ接続するIT機器へと日々進化し、決済とITの垣根は無くなってきています。SB C&SはIT商材の流通事業で培ってきたノウハウを生かし、キャッシュレス導入を検討中の事業者に向けて決済端末および関連サービスをワンストップで提供し、キャッシュレス化を促進していきます。決済事業者は「PayCAS」を利用することで、キャッシュレス決済の導入に関わる業務や加盟店のアフターサポートをSB C&Sにアウトソーシングすることができます。また、加盟店は煩雑な手続きが必要だったサービス導入までの時間を短縮し、スムーズにキャッシュレス決済を導入することが可能です。サービス開始にあたり、決済端末は米国トップシェアのVerifone社製を採用。決済ネットワークは国内で豊富な実績を持つベスカ株式会社、決済代行サービスはグループ企業のSBペイメントサービス株式会社を採用します。【サービスに関するお問い合わせ】SBCASGRP-fintech@g.softbank.co.jp一覧に戻る
2020年4月27日	世界最大級ECプラットフォームの「Shopify」とSBペイメントサービスの決済サービスが連携～「Shopify」で初！ 楽天ペイ（オンライン決済）が利用可能に～	https://www.sbpayment.jp/news/press/2020/20200625_000819/	また、今回のサービス連携を記念してキャンペーンを実施します。2020年8月31日までに専用フォームからお問い合わせいただき、SBPS決済サービスのクレジットカード決済もしくは楽天ペイ(オンライン決済)を初めて導入した事業者に、SBPS決済サービスの初期・月額費用が無料になる特典を提供します※3。SBPSの決済サービスのメリット 信頼性の高い決済サービスSBPSは、年間3兆円規模の決済処理実績を持つ国内最大級の決済代行会社です。さらに、Visa、Mastercardの国際的なクレジットカードブランドのライセンスを保有し、決済代行に留まらず、アクワイアラの立場として加盟店審査や管理業務、決済サービスの提供までワンストップで行っています。安心の不正利用対策サービス※4近年、ECビジネスにおいてクレジットカードの不正利用が多発しています。SBPSはECサイトでの不正利用を未然に防ぐ「不正検知サービス」や、万一チャージバックが発生した際の負担を一定条件で保証する「不正チャージバック保証サービス」を無償で提供しています。SBPSの決済サービスを利用する事業者のECビジネスを不正リスクから守ります。 集客を支援するマーケティング支援プラン※5SBPSの決済サービスを導入した事業者は、新店舗のご案内や新商品発売などのPR時に効率的なプロモーションができる「NEWSCAST」や、手軽にSNSマーケティングを実施できる「asagake」を無料で利用できます。事業者の有効なビジネスチャンスの創出に貢献します。「Shopify」について Shopifyは、国内に限らず海外へのオンライン販売も、専門知識がない中で手軽に始められる、クラウド基盤のマルチチャネルコマースプラットフォームです。ウェブ、モバイル、ソーシャルメディア、マーケットプレイス、実店舗などの複数の販売チャネルを持つオンラインストアの作成、カスタマイズ、在庫連携、売上管理を簡単に行うことができます。プラットフォームには、ストアの経営者にとって強力なバックオフィス機能も備えられており、オンライン販売に必要なものすべてはShopifyで一元管理ができる、という手軽さが大きな特徴です。カナダのオタワに本社を置くShopifyは、現在まで約175か国で100万以上の企業をサポートしており、国内ではBASE FOOD(ベースフード)、Tabio(タビオ)、Go Go Curry(ゴーゴーカレー)、海外ではAllbirds(オールバーズ)、PepsiCo(ペプシコ)、Staples(ステープルズ)などの大手有名企業から世界的な著名人まで国内外において、多くのブランドより信頼されています。詳細については、www.shopify.jpをご覧ください。
2020年4月28日	主要株主の異動に関するお知らせ	https://www.softbank.jp/corp/news/press/sbkk/2020/20200219_01/	主要株主の異動に関するお知らせ2020年2月19日ソフトバンク株式会社本日付けで、以下のとおり当社の主要株主に異動がありましたので、お知らせいたします。1. 異動が生じた経緯当社の親会社であるソフトバンクグループ株式会社(以下「ソフトバンクグループ」)から、ソフトバンクグループの100%子会社であるソフトバンクグループジャパン株式会社(以下「ソフトバンクグループジャパン」)が保有する当社株式の一部を担保とするマージン・ローンの実行について決定した旨の連絡を受けました。ソフトバンクグループジャパンが本日提出した大量保有報告書(変更報告書)によると、ソフトバンクグループジャパンが保有する当社株式3,182,919,470株のうち、953,000,000株(以下「本貸借株式」)についてソフトバンクグループジャパンの100%子会社である日の出1号合同会社に貸出することを主旨とする、契約期限2023年2月24日までの「株式等貸借取引に関する基本契約書」等(以下「本株式等貸借契約書等」)が2020年2月18日付で締結され、本日当該貸出が行われました。これにより、日の出1号合同会社は当社の主要株主に該当することになりましたので、お知らせいたします。なお、日の出1号合同会社は、ソフトバンクグループジャパンを特別株主として取り扱う旨の申出をしているため、本貸借株式の名義および議決権は、実質的にはソフトバンクグループジャパンが保有しております。そのため、日の出1号合同会社は当社のその他の関係会社に該当しません。2. 異動した株主の概要①
2020年4月28日	九州新幹線のトンネル内における携帯電話のサービスエリア拡大について	https://www.softbank.jp/corp/news/press/sbkk/2020/20200128_02/	九州新幹線のトンネル内における携帯電話のサービスエリア拡大について2020年1月28日ソフトバンク株式会社株式会社NTTドコモKDDI株式会社ソフトバンク株式会社、株式会社NTTドコモ、KDDI株式会社は、九州新幹線の「出水駅～川内駅」間の全てのトンネル内で、2020年1月31日から携帯電話サービスの提供を開始します。これにより、九州新幹線の「博多駅～川内駅」間で携帯電話サービスを快適にご利用いただけるようになります。今後もサービスエリア拡大や品質向上、ならびにお客さまによりご利用いただきやすい環境の整備を進めていきます。1. サービス開始日2020年1月31日(金)始発列車からサービス開始予定2. サービスエリア拡大区間九州新幹線 「出水・川内駅間(途中)※1～川内駅」間(5トンネル、総延長約11.0km)[注]※1
2020年4月30日	九州新幹線の全区間のトンネル内で携帯電話サービスが利用可能に	https://www.softbank.jp/corp/news/press/sbkk/2020/20200527_01/	九州新幹線の全区間のトンネル内で携帯電話サービスが利用可能に2020年5月27日ソフトバンク株式会社株式会社NTTドコモKDDI株式会社ソフトバンク株式会社、株式会社NTTドコモ、KDDI株式会社(以下「通信3社」)は、九州新幹線の「川内駅～鹿児島中央駅」間のトンネル内で、2020年5月30日から携帯電話サービスの提供を開始します。これにより、九州新幹線の全区間のトンネル内で携帯電話サービスをご利用いただけるようになります。通信3社は、今後もサービスエリア拡大や品質向上ならびにお客さまによりご利用いただきやすい環境の整備を進めていきます。1. サービス開始日2020年5月30日(土) 始発列車からサービス開始予定2. サービスエリア拡大区間九州新幹線 「川内駅～鹿児島中央駅」間(18トンネル、総延長約24km)3. サービス提供事業者ソフトバンク株式会社※株式会社NTTドコモKDDI株式会社[注]※
2020年4月30日	交差点からの危険情報を5Gで遠隔運転車両へ提供するフィールド実証実験を北九州学術研究都市で実施	https://www.softbank.jp/corp/news/press/sbkk/2020/20200420_01/	交差点からの危険情報を5Gで遠隔運転車両へ提供するフィールド実証実験を北九州学術研究都市で実施2020年4月20日Wireless City Planning株式会社ソフトバンク株式会社日本信号株式会社Wireless City Planning株式会社(以下「WCP」)とソフトバンク株式会社(以下「ソフトバンク」)、日本信号株式会社(以下「日本信号」)は、総務省の「高速移動時において無線区間1ms、End-to-Endで10msの低遅延かつ高信頼な通信を可能とする第5世代移動通信システムの技術的条件等に関する調査検討」の請負において、「北九州学術研究都市」(北九州市若松区)で、第5世代移動通信システム(5G)を活用して遠隔運転車両へ交差点からの危険情報を提供する応用事例に関するフィールド実証実験を2020年3月25日に実施しました。この実証実験では、災害発生時を想定し、模擬交通管制システムから信号制御機まで信号情報を5Gで送信し、信号灯器を閃光信号※状態にする実験と、交差点に設置したカメラで車両を検出し、遠隔運転車両に対して交差点の危険情報(車両停止メッセージ)を5Gで通知する実験を行いました。今後、自動運転が普及した際には、交差点の情報は「高速・大容量」「超低遅延」で車両に伝える必要があります。今回の実験では、5Gの有効性についての検証を実施しました。[注]※
2020年5月11日	人事について	https://cas.softbank.jp/press/200331_01/	SB C&S株式会社(本社:東京都港区、代表取締役社長 兼 CEO:溝口 泰雄)は、人事について、次の通り決定しましたのでお知らせします。1.常務執行役員(担当職務変更)(2020年4月1日付)
2020年5月11日	人事について	https://www.softbank.jp/corp/news/press/sbkk/2020/20200131_01/	人事について2020年1月31日ソフトバンク株式会社ソフトバンク株式会社は、人事について、次の通り決定しましたのでお知らせします。統括部長の選任(2020年2月1日付)新役職名氏名旧役職名
2020年5月11日	人事について	https://www.softbank.jp/corp/news/press/sbkk/2020/20200228_02/	人事について2020年2月28日ソフトバンク株式会社ソフトバンク株式会社は、人事について、次の通り決定しましたのでお知らせします。1. 本部長の選任(2020年3月1日付)新役職名氏名旧役職名
2020年5月13日	人事について	https://www.softbank.jp/corp/news/press/sbkk/2020/20200529_01/	人事について2020年5月29日ソフトバンク株式会社ソフトバンク株式会社は、人事について、次の通り決定しましたのでお知らせします。室長の選任(2020年6月1日付)新役職名氏名旧役職名
2020年5月14日	人事について	https://www.softbank.jp/corp/news/press/sbkk/2020/20200630_04/	人事について2020年6月30日ソフトバンク株式会社ソフトバンク株式会社は、人事について、次の通り決定しましたのでお知らせします。副本部長・統括部長の選任(2020年7月1日付)新役職名氏名旧役職名
2020年5月14日	人事について（PDF形式）	https://www.softbank.jp/corp/news/press/sbkk/2020/20200331_02/	
2020年5月15日	令和2年度「需要家側エネルギーリソースを活用したバーチャルパワープラント構築実証事業」について	https://www.sbenergy.co.jp/ja/news/pdf/press_20200629_01.pdf	
2020年5月18日	企業のテレワークセキュリティを支援、clouXion を6カ月無償提供～新型コロナウイルス感染拡大対策、在宅勤務に必要な端末のセキュリティサービスなど～	https://www.softbanktech.co.jp/news/release/press/2020/008	SBテクノロジー株式会社(本社:東京都新宿区、代表取締役社長 CEO:阿多 親市、以下SBT)は、新型コロナウイルスの感染拡大対策として、これから在宅勤務などのテレワークを検討・導入される企業や、テレワークをしている従業員との情報共有に課題を抱えている企業向けに、SBTの独自サービス clouXion(クラウジョン)シリーズからテレワークに必要なサービスをまとめた2種類のパッケージをご用意し、6か月間無償提供する『clouXion テレワーク支援キャンペーン』を実施いたします。キャンペーンで提供するパッケージ※両パック共に単体サービスでも導入が可能です。テレワークにおける各サービスの活用範囲パッケージに含まれるサービスについて左右にスクロールしてご覧ください。
2020年5月19日	企業や自治体のMaaSの実現を支援する「MONETプラットフォーム」の本格運用を開始～さまざまなデータやシステムのAPIを提供する「MONETマーケットプレイス」をプレオープン～	https://www.monet-technologies.com/news/press/2020/20200427_01	2020年4月27日企業や自治体のMaaSの実現を支援する「MONETプラットフォーム」の本格運用を開始～さまざまなデータやシステムのAPIを提供する「MONETマーケットプレイス」をプレオープン～MONET Technologies株式会社(モネ・テクノロジーズ、本社:東京都港区、代表取締役社長 兼 CEO:宮川 潤一、以下「MONET」)は、移動における社会課題の解決を目指して、企業や自治体のMaaS(Mobility as a Service)の実現を支援するためのデータ基盤やAPIなどを備えた「MONETプラットフォーム」の機能を拡充し、2020年4月27日から本格的に運用を開始しました。また、機能の拡充に伴い、オンデマンドバスの配車システムをはじめ、天気・観光・地図情報などのデータやシステムのAPIを提供する「MONETマーケットプレイス」を、「MONETコンソーシアム」の加盟企業※でシステム開発などを行う企業向けにプレオープンしました。MONETは、今夏をめどに「MONETマーケットプレイス」を一般企業向けにもオープンする他、複数のAPIなどを組み合わせ、開発不要ですぐにMaaS事業を開始できるパッケージの提供を予定しています。また、MaaSの実現を推進するパートナーとして、「MONETマーケットプレイス」にAPIを提供していただける企業からの申し込みを受け付ける予定です。開始時期などの詳細が決定次第、ウェブサイトなどでお知らせします。今後もMONETは、さまざまな企業や自治体と連携し、MaaS事業の推進に取り組んでいきます。「MONETプラットフォーム」は、車両データや移動データなどを集約するデータ基盤と、さまざまなデータやシステムのAPIなどを提供する「MONETマーケットプレイス」を備えた、MaaSの実現を包括的に支援するプラットフォームです。企業や自治体は「MONETプラットフォーム」を活用することで、さまざまな社会課題の解決や地域の活性化に役立つ新しいモビリティサービスを、短期間で構築することができます。これまでに、機能の一つとしてオンデマンド配車システムを提供しており、多くの自治体や企業で実証実験や実用化が進んでいます。また、自治体においては、実証実験などを通して収集した移動データなどをデータ基盤に蓄積し、サービスの高度化やさらなる利便性向上に活用されています。「MONETプラットフォーム」の詳細は、こちら をご覧ください。
2020年5月19日	企業属性をもとにビジネスユーザーやリモートワーカーにターゲティング配信する「デクワス.AD Biz」の提供開始	http://www.scigineer.com/news/20200604/2897/	ランドスケイプ社が保有する日本最大級の企業データベース「LBC」と連携し、より効果的な配信が可能に複雑ネットワーク理論や人工知能技術を活用したマーケティングサービスを提供するサイジニア株式会社(本社:東京都港区、代表取締役CEO:吉井 伸一郎、証券コード:6031東証マザーズ)は、本日より、デクワス株式会社(本社:東京都港区、代表取締役:吉村 真弥)が開発・運営する「KANADE DSP」において、株式会社ランドスケイプ(本社:東京都新宿区 代表取締役社長:長竹 克仁)が提供する企業データベース「LBC」と連携し、特定のビジネスユーザーを推定してネット広告をターゲティング配信する「デクワス.AD Biz」を開始しました。ランドスケイプの企業データベース「LBC」は、社名、住所といった基本属性から売上高、資本金、従業員数、上場区分、IPアドレスなどの属性情報を保持している日本最大級の企業データベースです。こうした企業データベースを活用することで、ユーザーが使用しているデバイスのIPアドレスをもとに特定の企業ユーザーに広告を配信することが可能です。しかし、スマートフォンの普及やコロナウイルスへの対応としてテレワークが浸透しつつある現在、ビジネスユーザーが使用するデバイスは増加し働く環境は多様化していることから、企業のIPアドレスを前提としたターゲティングだけでは、ビジネスユーザーに十分にリーチすることができませんでした。サイジニアは、複雑ネットワーク理論や人工知能技術によって、個人情報を利用せずに類似するユーザー群を抽出するコミュニティターゲティング技術を有しています。この度、この技術を「LBC」と連携させることにより、新しい働き方にも対応したビジネスユーザーにターゲティング配信することが可能になりました。例えば、「デクワス.AD Biz」では、以下のようなターゲットを推定して広告配信を行うことができるようになります。・『売上10億円以上の首都圏の事業所に勤務していて、テレワーク中のユーザー』・『中部地方の官公庁や教育機関に勤務しているユーザーの生活圏で利用されているデバイス』ビジネスユーザーにリーチしたい広告主様の広告キャンペーンだけでなく、メディア企業様には自社データを活かした広告商品として技術提供することも可能です。将来的にネット広告業界はサードパーティークッキーが利用できなくなることに伴い、大きな変革の時を迎えようとしています。サイジニアは今後も新たな時代を見据えた技術開発を推進していきます。【資料】サイジニア株式会社について http://www.scigineer.com/サイジニア株式会社は、「検索エンジンでは見つけられない幸せがある」という思いから、北海道大学大学院 複雑系工学講座の准教授と研究メンバーが立ち上げたテクノロジー企業です。サイエンス+エンジニアリング=「サイジニア」として、先端科学の知見を工学的に応用、「複雑ネットワーク理論」や人工知能を活用した解析技術を実用化し、情報が多すぎて欲しいものが見つけられないという21世紀の課題を解決することを目指しています。デクワス株式会社について http://www.deqwas.co.jp/デクワス株式会社は、サイジニアの子会社としてKANADE DSP 事業を行うデジタルマーケティング企業です。KANADE DSPは、きめ細やかなターゲティングが可能なデジタル広告配信サービスです。ウェブサイトユーザの興味・関心に合わせた広告のパーソナライズによりデジタル広告の費用対効果を改善するだけでなく、独自のユーザー行動履歴解析技術により、提携サイトから潜在顧客を発掘することで、広告主様のブランド認知拡大・優良顧客の醸成に貢献します。株式会社ランドスケイプについて https://www.landscape.co.jp/ランドスケイプはデータベースマーケティング支援会社として、日本最大のデータベースを独自構築・維持してきたマーケティングノウハウを柱に、クライアント企業に対して新規顧客の発見と顧客育成を支援しています。独自構築した820万拠点を網羅する日本最大級の法人データベース「LBC」を用いて、クライアント企業が保有する顧客データの名寄せやターゲティングを実現できる顧客データ統合ツール「ユーソナー」などのサービスを提供しています。所在地  :東京都新宿区西新宿3丁目20-2 東京オペラシティ15階代表者  :代表取締役社長 長竹 克仁設 立  :1990年9月10日資本金  :4億66百万円事業内容 :データベースマーケティング支援事業印刷用PDF
2020年5月20日	会社分割（簡易吸収分割）に関するお知らせ	https://www.softbank.jp/corp/news/press/sbkk/2020/20200720_02/	会社分割(簡易吸収分割)に関するお知らせ2020年7月20日ソフトバンク株式会社ソフトバンク株式会社(以下「当社」)は、本日開催の取締役会において、当社のアニメ専門コンテンツ配信サービスであるアニメ放題(以下「本事業」)を株式会社U-NEXT(以下「U-NEXT」)に、会社分割(吸収分割)により承継させること(以下「本会社分割」)に関する吸収分割契約書(以下「本契約」)の締結を決議しましたので、下記の通りお知らせします。なお、本会社分割は当社の総資産の減少額がその直近事業年度の末日における純資産額の10%未満であり、かつ、当社の売上高の減少がその直近事業年度の売上高の3%未満であると見込まれる会社分割であるため、開示事項および内容を一部省略して開示しています。1. 本会社分割の目的当社グループは、変化の激しい情報通信業界において継続的な企業価値の向上を図るべく、成長戦略「Beyond Carrier」を推進しています。これと同時に、構造改革にも取り組むことにより、経営の効率化を進めており、その一環として、従前から本事業の運営を行っていたU-NEXTへの本事業を承継させることを決定しました。当社グループは、「情報革命で人々を幸せに」という経営理念の下、世界の人々が最も必要とするサービスやテクノロジーを提供する企業グループを目指し、従来の通信キャリアという枠組みを超え、通信事業に加えて、ヤフーおよび新領域の3つの領域を伸ばしていくことで収益基盤を強化し、持続的な成長を目指しています。また、組織および事業の合理化を図り、当社グループ全体で保有する経営資源の効率化を進める中で、アニメ作品に係る調達・企画・配信に関する運営ノウハウを有する協業パートナーであるU-NEXTとの協議を重ね、本事業をU-NEXTへ承継することが本事業そのものの強化および提供価値の拡大にあたり最適であると判断しました。2. 本会社分割の要旨(1)本会社分割の日程(1)取締役会決議日
2020年5月20日	全国の“ソフトバンク”および“ワイモバイル”携帯電話取扱店の手提げ袋に新素材を使用した「Bio LIMEX Bag」を導入し、地球環境保護に貢献～全国約6,000店舗で年間約550万枚のプラスチック素材の手提げ袋を廃止し、石油由来プラスチックの使用量を削減～	https://www.softbank.jp/corp/news/press/sbkk/2020/20200217_01/	全国の&ldquo;ソフトバンク&rdquo;および&ldquo;ワイモバイル&rdquo;携帯電話取扱店の手提げ袋に新素材を使用した「Bio LIMEX Bag」を導入し、地球環境保護に貢献～全国約6,000店舗で年間約550万枚のプラスチック素材の手提げ袋を廃止し、石油由来プラスチックの使用量を削減～2020年2月17日ソフトバンク株式会社株式会社TBMソフトバンク株式会社(本社:東京都港区、代表取締役 社長執行役員 兼 CEO:宮内 謙、以下「ソフトバンク」)と、紙・プラスチックの代替となる環境配慮型の新素材「LIMEX(ライメックス)」を開発・製造・販売する株式会社TBM(本社:東京都中央区、代表取締役CEO:山﨑 敦義、以下「TBM」)は、全国約6,000の全ての&ldquo;ソフトバンク&rdquo;および&ldquo;ワイモバイル&rdquo;の携帯電話取扱店で使用する手提げ袋に、石灰石と植物由来樹脂を使用した「Bio LIMEX Bag(バイオライメックスバッグ)」を2020年5月から順次導入することを発表します。「Bio LIMEX Bag」は、従来のプラスチック製の袋と比較して石油由来プラスチックの使用量や二酸化炭素(CO2)の排出量を大幅に削減できる高い環境性能を有しており、2019年6月に開催されたG20大阪サミットの会場内の運営品としても採用されました。ソフトバンクは、店舗で年間約550万枚を使用しているプラスチック製の手提げ袋を廃止し、「Bio LIMEX Bag」へ切り替えることでプラスチックごみを削減するとともに、資源保全や気候変動対策など、地球環境保護に貢献していきます。ソフトバンクとTBMは、LIMEX製品の活用を通して地球環境に配慮した循環型社会の実現に取り組んでいきます。背景持続可能な開発目標(SDGs)やプラスチック問題の課題解決に向けて、企業の対応が求められています。海外で使い捨てプラスチックを規制する動きは強まり、アフリカ諸国やインド、中国など40カ国以上が既にレジ袋の使用を厳しく制限されている他、欧州連合(EU)は使い捨てプラスチックを禁止する法案が可決されています。日本国内でも、プラスチックの資源循環を総合的に推進するための重点戦略の1つとして、経済産業省より2020年7月からの「レジ袋有料義務化」が発表されました。世界各地でプラスチック規制が高まる中、プラスチック袋の代替素材として、石灰石を主原料にした「Bio LIMEX Bag」は、G20大阪サミットの運営品に採用され、また自治体などのイベント時の袋として導入が進んでいます。TBMは昨年12月、マドリードで開催されたCOP25(第25回国連気候変動枠組条約締約国会議)に日本政府代表団として参加し、「Bio LIMEX Bag」および「LIMEX Bag」を紹介しました。現在、LIMEXは、世界中から500件以上の引き合いを頂くなど注目を集めています。概要ソフトバンクは、地球環境保護への貢献の取り組みとして、&ldquo;ソフトバンク&rdquo;および&ldquo;ワイモバイル&rdquo;の携帯電話取扱店で、お客さまにカタログなどをお渡しする際に使用しているプラスチック製手提げ袋について、紙袋など代替素材への切り替えを検討してきました。2019年12月から、全国の直営店や神奈川県と福井県の一部店舗でLIMEX製品の試験導入を実施し、石油由来プラスチックの使用量を削減できる環境性能に加えて、プラスチック製品と変わらない十分な耐久性、柔軟な手触りなどを評価した結果、全店舗での導入に至りました。「Bio LIMEX Bag」は、主原料として石灰石と植物由来樹脂を使用しており、従来のプラスチック製の袋と比較して石油由来プラスチックの使用量やCO2の排出量を大幅に削減できます。2020年5月から全国の&ldquo;ソフトバンク&rdquo;および&ldquo;ワイモバイル&rdquo;の携帯電話取扱店約6,000店舗にて、順次導入を開始します。本導入による環境資源への貢献&ldquo;ソフトバンク&rdquo;および&ldquo;ワイモバイル&rdquo;の携帯電話取扱店で利用している年間約550万枚のプラスチック製の手提げ袋を「Bio LIMEX Bag」へ切り替えることにより、石油由来プラスチックの使用量を約40トン削減できる効果※1があると見込んでいます。[注]※1
2020年5月20日	全国のソフトバンクショップおよびワイモバイルショップ約3,000店にAI検温ソリューションを導入～ソフトバンクの本社ではAI検温・顔認証を試験実施～	https://www.softbank.jp/corp/news/press/sbkk/2020/20200519_01/	全国のソフトバンクショップおよびワイモバイルショップ約3,000店にAI検温ソリューションを導入～ソフトバンクの本社ではAI検温・顔認証を試験実施～2020年5月19日ソフトバンク株式会社日本コンピュータビジョン株式会社ソフトバンク株式会社(以下「ソフトバンク」)は、新型コロナウイルス感染症の拡大防止策として、子会社である日本コンピュータビジョン株式会社(以下「JCV」)が開発・提供するAI検温ソリューションを、全国のソフトバンクショップおよびワイモバイルショップに導入します。またソフトバンクの本社(汐留)には2020年3月から試験導入し、検温に加えて、顔認証による従業員の入館管理(ゲート開錠)を行っています※1。今回導入するのは、JCVのAI検温ソリューション「SenseThunder(センス・サンダー)」です。AI(人工知能)を活用した顔認識技術と赤外線カメラにより、対象者がマスクや眼鏡を着用したままでも、所要時間0.5秒でスピーディーに体温を測定します※2。「SenseThunder」は検温と顔認証による入退館管理を同時に行う機能を備えていますが、ソフトバンクショップおよびワイモバイルショップでは検温のみ行います※3。すでに全国のソフトバンクショップおよびワイモバイルショップでは、お客さまに非接触体温計を使った検温にご協力いただいていますが、本ソリューションにより、検温を自動かつ即時に行うことで、店舗スタッフの業務負荷を削減し、お客さまにとってより安全で安心できる店舗環境を整備します。またソフトバンクの本社では入館ゲートに設置し、検温と従業員の入館管理(ゲート開錠)を同時に行います。導入の概要1. ソフトバンクショップおよびワイモバイルショップ対象
2020年5月21日	内部通報制度「ホットライン」が消費者庁の内部通報制度認証（WCMS認証）に登録～コンプライアンスに関するリスクを早期発見および未然防止～	https://www.softbank.jp/corp/news/press/sbkk/2020/20200228_03/	内部通報制度「ホットライン」が消費者庁の内部通報制度認証(WCMS認証)に登録～コンプライアンスに関するリスクを早期発見および未然防止～2020年2月28日ソフトバンク株式会社ソフトバンク株式会社(以下「ソフトバンク」)は、ソフトバンクの全役員・従業員を対象とした内部通報制度「ホットライン」が、消費者庁所管の内部通報制度認証(WCMS認証)に、2020年2月28日に登録されましたのでお知らせします。内部通報制度認証とは、「公益通報者保護法を踏まえた内部通報制度の整備・運用に関する民間事業者向けガイドライン」(2016年12月9日、消費者庁)に基づき、内部通報制度を適切に整備・運用している事業者を評価し、その取り組みを促進することによって内部通報制度の質の向上を図り、国民生活の安全・安心を確保するための制度です。ソフトバンクは、事業活動におけるコンプライアンスに関するリスクの早期発見および未然防止を目的に、全役員・従業員が、コンプライアンス違反や違反する恐れのある行為を知った際に報告・相談ができる窓口「ホットライン」を設置しています。「ホットライン」では、社内外に窓口を設置し、社内のコンプライアンス部門と社外弁護士の両者が対応します。さらに、役員に関する事案については、社外窓口を通した社外の独立監査役への報告・相談が可能です。このたび「ホットライン」の設置および体制整備によるコンプライアンス経営の推進や、健全な業務遂行の確保に向けた取り組みが評価され、内部通報制度認証への登録に至りました。ソフトバンクは、全役員・従業員が順守すべき「ソフトバンク行動規範」※1の下、高い倫理観と責任感を持って日常業務に取り組める環境を目指し、コンプライアンス体制を強化しています。「ホットライン」以外にも役員や管理職、新入社員、中途入社社員などを対象とした研修に加え、コンプライアンス意識を浸透させることを目的とした「コンプライアンス浸透月間」を毎年実施し、身近な具体例を用いたeラーニングやテストを行っています。ソフトバンクは、今後も情報革命で社会や人々の生活に最も貢献し、信頼される企業を目指して、コンプライアンス体制の強化および、役員・従業員一人一人へのコンプライアンス意識の浸透に向けて取り組んでいきます。<ご参考> 内部通報制度認証の概要事業者自らが内部通報制度の評価を行い、認証基準※2に適合していることを当該事業者自らが評価し、認証基準に適合している場合、当該事業者からの申請に基づき消費者庁の指定登録機関が確認した結果を登録し、所定のWCMS(Whistleblowing Compliance Management System)マークの使用を許諾する制度。WCMSマーク[注]※1
2020年5月21日	剰余金の配当に関するお知らせ	https://www.softbank.jp/corp/news/press/sbkk/2020/20200521_03/	2. 理由当社は、中長期的に企業価値を高めるとともに、株主の皆様に利益を還元していくことを重要な経営課題の一つとして位置付けています。配当については、安定性・継続性に配慮しつつ、業績動向、財務状況及び配当性向等を総合的に勘案して実施していく方針です。上記方針のもと、親会社の所有者に帰属する純利益に対する連結配当性向85%程度を目安に、安定的な1株当たり配当の実施を目指しています。2020年3月期の期末配当につきましては、当初予定通りの、1株当たり42円50銭にて実施することを決議しました。なお、次期の1株当たり配当金については、年間で86円00銭(うち中間配当金43円00銭)を予定しています。(参考)年間配当の内訳
2020年5月21日	北海道大学水産科学研究院とソフトバンクがチョウザメのスマート養殖共同研究プロジェクトを開始～IoTやAIを用いた養殖システムの確立へ～	https://www.softbank.jp/corp/news/press/sbkk/2020/20200213_01/	北海道大学水産科学研究院とソフトバンクがチョウザメのスマート養殖共同研究プロジェクトを開始～IoTやAIを用いた養殖システムの確立へ～2020年2月13日北海道大学ソフトバンク株式会社概要国立大学法人北海道大学大学院水産科学研究院とソフトバンク株式会社は、2020年2月からIoTやAI(人工知能)を用いたチョウザメのスマート養殖共同研究プロジェクトを開始しました。チョウザメの養殖方法は確立されておらず、環境の変化によっては全滅することがあります。そのため、画像データから個体あるいは全体としての異常行動を自動検知することで、低コストかつ効率的な養殖方法の確立を目指して、基礎研究を共同で実施します。プロジェクト開始に至った経緯今回、これまでチョウザメ養殖の研究を行っていた北海道大学大学院水産科学研究院の足立伸次教授及び都木靖彰教授と、函館に研究チームの活動拠点を持つソフトバンク株式会社が共同で研究を行うことになりました。チョウザメの養殖は、卵を産むまでに6年以上の飼育が必要であり、雌雄の区別が可能になるまで2～3年の期間が必要なため非常に高い飼育コストがかかります。それだけではなく、養殖環境が変化するだけで、全滅するといったリスクがありました。このため、飼育員による長期間の監視が必要であり、監視体制の構築などの課題がありました。この共同研究でIoTやAIなど最新技術を用いて行動解析を行うことで、チョウザメの養殖における各種リスクの軽減、課題の解決を目指します。内容・対象・意義機械学習(Machine Learning)を用いてチョウザメの個体識別や行動分析を行うことで、異常行動の早期発見、病気のまん延防止、水流停止や餌の供給過多のような養殖環境の異常を検知し、チョウザメの全滅を防ぐ方法を研究します。また、水中や水上の画像データや環境情報データなどを、IoT機器によってリアルタイムに収集・分析を行うだけではなく、水流のシミュレーションとCGで再現したチョウザメの筋骨格モデルによって、様々な仮想環境による個体の泳法の3DCGによるシミュレーションデータを使用します。魚の骨格、筋肉などから生成するチョウザメの3DCGモデルは、従来のアニメーションのためのモデルとは異なり、魚生物学シミュレーションを可能にするリアルな筋骨格3DCGを再現する予定です。世界的にも類を見ない、精巧な魚の3DCGを普及させることで、養殖を含む水産業や、教育・研究開発など広い分野への貢献を目指します。本共同研究によって低価格での実現方法の確立を目指すほか、IoTやAIを用いた養殖方法の確立を目指すことで、水産分野における各種テクノロジーの可能性、実現性を検証していきます。役割チョウザメの飼育:北海道大学大学院水産科学研究院 足立教授、都木教授筋骨格モデルの解剖学の見地からの調査:北海道大学大学院水産科学研究院 今村 央教授水流シミュレーション:北海道大学大学院水産科学研究院 高橋 勇樹助教画像解析、機械学習による個体識別及び行動分析:ソフトバンク株式会社神経科学(Neuro Science)の見地から動きの生成:ソフトバンク株式会社CG生成:ソフトバンク株式会社実施期間2020年2月1日から2023年1月31日までの3年間本共同研究の流れSoftBankおよびソフトバンクの名称、ロゴは、日本国およびその他の国におけるソフトバンクグループ株式会社の登録商標または商標です。その他、このプレスリリースに記載されている会社名および製品・サービス名は、各社の登録商標または商標です。
2020年5月25日	北海道新幹線の全区間のトンネル内で携帯電話サービスが利用可能に	https://www.softbank.jp/corp/news/press/sbkk/2020/20200311_01/	北海道新幹線の全区間のトンネル内で携帯電話サービスが利用可能に2020年3月11日ソフトバンク株式会社株式会社NTTドコモKDDI株式会社ソフトバンク株式会社、株式会社NTTドコモ、KDDI株式会社(以下「通信3社」)は、北海道新幹線 「新青森駅～青函トンネル(青森県側入り口)」間および「青函トンネル(北海道側入り口)～新函館北斗駅(手前)」間のトンネル内で、2020年3月25日から携帯電話サービスの提供を開始します。これにより、北海道新幹線の全区間のトンネル内で携帯電話サービスをご利用いただけるようになります。通信3社は、今後もサービスエリア拡大や品質向上ならびにお客さまによりご利用いただきやすい環境の整備を進めていきます。1. サービス開始日2020年3月25日(水) 始発列車からサービス開始予定2. サービスエリア拡大区間北海道新幹線 「新青森駅～青函トンネル(青森県側入り口)」間および「青函トンネル(北海道側入り口)～新函館北斗駅(手前)」間(24トンネル、総延長約30km)3. サービス提供事業者ソフトバンク株式会社※株式会社NTTドコモKDDI株式会社[注]※
2020年5月26日	協働ロボット向けの遠隔操縦システムを開発～「HCJ2020」でデモンストレーションを公開～	https://www.asratec.co.jp/2020/02/17/26157/	アスラテック株式会社(本社:東京都千代田区、代表取締役社長:酒谷正人、チーフロボットクリエイター:吉崎 航、以下「アスラテック」)は、このたび協働ロボット向けの遠隔操縦システムを開発しました。今回開発した協働ロボット向けの遠隔操縦システムは、さまざまな協働ロボットをネットワーク経由で遠隔操縦できるようにするものです。一般に協働ロボットは事前に登録された作業を行いますが、この遠隔操縦システムを使うことで、遠隔地にいる操縦者が協働ロボットの近くに設置したカメラからの映像を見ながら、ジョイスティックなどを使って協働ロボットを任意に操縦できるようになります。この遠隔操縦システムにより、これまで人によって行われていた危険作業や重作業などを、安全な遠隔地から協働ロボットを動かして行うことが可能になり、さまざまな業務改善を実現できます。また、遠隔で操縦したときの協働ロボットの動作などをデータとして保存することができるため、今後、遠隔による協働ロボットのティーチングや、作業の可視化、AI(人工知能)を用いた作業の自動化実現に向けて取り組んでいきます。今回開発した協働ロボット向けの遠隔操作システムは、アスラテックの遠隔ロボットコントローラー「V-Sido WebConnect(ブシドー・ウェブコネクト)」を活用しており、協働ロボット本体を改造することなく、「V-Sido WebConnect」を接続するだけで利用することができます。対応する協働ロボットは、2020年2月時点でUniversal Robots社の「UR10」、Franka Emika社の「Panda」、SIASUN社の「SCR5」の3機種で、その他の協働ロボットについても順次対応していく予定です。またエンドエフェクタについては、カスタマイズによりさまざまな種類のものに対応させることが可能です。なお、2020年2月18日～21日に幕張メッセで開催される「HCJ2020」のRobiZyブースにおいて、アスラテックは株式会社リョーサンと共同で協働ロボット向けの遠隔操縦システムを出展し、デモンストレーションなどを行う予定です。今後もアスラテックは、さまざまなロボットに対してV-Sido WebConnectを用いた遠隔操作システムやソリューションを提供していきます。
2020年5月27日	商品デザインの分析でおすすめするレコメンド広告「デクワス.ADVIS」の提供を開始～行動履歴の収集が不要でキャンペーン開始までの期間を大幅に短縮・簡単スタート～	http://www.scigineer.com/news/20200326/2858/	～ 行動履歴の収集が不要でキャンペーン開始までの期間を大幅に短縮・簡単スタート ～商品のデザイン性が重要なECでは従来比128%の広告効果を発揮複雑ネットワーク理論や人工知能技術を活用したマーケティングサービスを提供するサイジニア株式会社(本社:東京都港区、代表取締役CEO:吉井 伸一郎、証券コード:6031東証マザーズ)は、本日より、デクワス株式会社(本社:東京都港区、代表取締役:吉村 真弥)が開発・運営する「KANADE DSP」において、商品画像の商品デザインにもとづいてユーザーに商品提案をするレコメンド広告「デクワス. ADVIS」の提供を開始します。画像解析AIによって、レコメンドする商品を解析するためのユーザー行動履歴の蓄積・分析が不要となり、キャンペーン開始までの期間を短縮して始めることができます。現在、ECサイトの商品をネット上で広告する仕組みとして、データフィード広告と呼ばれる複数の商材を一つの広告枠の中に掲載する広告が普及しています。特に、ユーザーの嗜好性にあわせて商品をレコメンドするデータフィード広告は広告効果が高いと言われています。一方で、どのユーザーが何の商品を閲覧したかを分析する必要があるため、キャンペーン開始までに時間がかかること、および解析データが不足するロングテール商品(売れ筋ではない商品)をレコメンドする場合に課題がありました。サイジニアは、行動履歴の分析に代わるレコメンド手法として商品画像のデザインに着目してレコメンドする人工知能技術を開発しています。この度、この技術をデータフィード広告に応用することによって、以下の特長をもつレコメンド広告を実現しました。① ユーザー行動履歴の事前収集・分析が不要:キャンペーン開始までの期間を大幅に短縮② ロングテール商材のレコメンドが可能:行動履歴データの不足を商品画像解析によって補完アパレル系ECサイトにおける実証実験においては、商品のデザイン性が購買動機に影響しやすく、従来型のレコメンド広告と比較して128%(CVR比)の広告効果を発揮しました。今後、ネット広告業界はサードパーティークッキーが利用できなくなることに伴い、大きな変革の時を迎えようとしています。サイジニアは新たな時代を見据えた技術開発を推進し、これからもオンラインショッピングをますます楽しく便利にしていきます。【資料】従来方法との解析対象に関する違いデクワス.ADVISでは、従来方法とは異なり、ユーザーの行動履歴の蓄積を必要としないので、将来的にサードパーティ-クッキーが利用できなくなってもレコメンドデータを作成することができます。デクワス.ADVISの特長デクワス.ADVISでは、事前の行動歴収集と蓄積を必要としないため、キャンペーン開始までの準備期間を大幅に短縮することが期待できます(左図)。また、売れ行きランクの低いロングテール商品は、行動履歴データが極端に少ないため、一般的に、レコメンドすることは困難でしたが、デクワス.ADVISでは画像データの分析により商品同士の相関関係を分析する手がかりを補完できるため、従来よりも高い広告効果を実現することができます(右図)。従来方法とのユーザー体験の違いデクワス.ADVISは、商品デザインの類似性によっておすすめされるため、統一性のない商品がおすすめされるような違和感がなく、アパレルなどのECサイトで特に有効です。サイジニア株式会社について http://www.scigineer.com/サイジニア株式会社は、「検索エンジンでは見つけられない幸せがある」という思いから、北海道大学大学院 複雑系工学講座の准教授と研究メンバーが立ち上げたテクノロジー企業です。サイエンス+エンジニアリング=「サイジニア」として、先端科学の知見を工学的に応用、「複雑ネットワーク理論」や人工知能を活用した解析技術を実用化し、情報が多すぎて欲しいものが見つけられないという21世紀の課題を解決することを目指しています。デクワス株式会社について http://www.deqwas.co.jp/デクワス株式会社は、サイジニアの子会社としてKANADE DSP 事業を行うデジタルマーケティング企業です。KANADE DSPは、きめ細やかなターゲティングが可能なデジタル広告配信サービスです。ウェブサイトユーザの興味・関心に合わせた広告のパーソナライズによりデジタル広告の費用対効果を改善するだけでなく、独自のユーザー行動履歴解析技術により、提携サイトから潜在顧客を発掘することで、広告主様のブランド認知拡大・優良顧客の醸成に貢献します。印刷用PDF
2020年5月29日	国内最大規模の3Dホログラム撮影スタジオ「xRスタジオ」をオープン～4Kカメラと大規模レンダリングファームを活用して、圧倒的な品質とスピードで3Dホログラムの撮影や生成が可能に～	https://www.softbank.jp/corp/news/press/sbkk/2020/20200305_03/	国内最大規模の3Dホログラム撮影スタジオ「xRスタジオ」をオープン～4Kカメラと大規模レンダリングファームを活用して、圧倒的な品質とスピードで3Dホログラムの撮影や生成が可能に～2020年3月5日リアライズ・モバイル・コミュニケーションズ株式会社ソフトバンク株式会社ソフトバンク株式会社のグループ会社であるリアライズ・モバイル・コミュニケーションズ株式会社(本社:東京都港区、代表取締役社長:酒谷 正人、以下「リアライズ・モバイル」)と、ソフトバンク株式会社(本社:東京都港区、代表取締役 社長執行役員 兼 CEO:宮内 謙、以下「ソフトバンク」)は、ホログラム技術の世界的リーダーである8i(本社:米国カリフォルニア州、CEO:Hayes Mackaman、以下「8i社」)の技術を活用した国内最大規模の3Dホログラム撮影スタジオ「xRスタジオ」(東京都内)を、2020年2月にオープンしました。「xRスタジオ」では、4Kカメラを搭載した最先端のキャプチャーステージ1台の他、2Kカメラを搭載したキャプチャーステージを1台、さらに撮影データを高速で処理する大規模なレンダリングファームを備えることにより、これまで不可能だった等身大の高品位な3Dホログラムの即日生成※1を実現します。8i社の国内総代理店であり、xR(「VR」「AR」「MR」などの総称)技術の専門知識を有するリアライズ・モバイルと、3月27日から5Gの商用サービスを開始するソフトバンクが、商用利用可能な3Dホログラムスタジオを開発する8i社と協力することで実現しました。なお、「xRスタジオ」では、ソフトバンクが3月27日に提供を開始する、5G時代ならではの臨場感溢れる視聴体験を実現するコンテンツ配信サービス「5G LAB」の、「AR SQUARE」カテゴリーのコンテンツが制作されています。リアライズ・モバイルとソフトバンクは、「xRスタジオ」を自社のARサービスの開発などに活用するだけでなく、コンテンツプロバイダーなど外部パートナーへの提供※2も予定しています。「xRスタジオ」を活用することで、コンテンツプロバイダーは5G時代を見据えた、全く新しい3D映像コンテンツのビジネスモデルを構築することが可能になります。リアライズ・モバイルとソフトバンクは、高速・大容量、低遅延の通信が可能な5Gの普及に向けて、コンテンツプロバイダーなど外部パートナー各社と新しいコンテンツビジネスを構築するための取り組みを推進していきます。xRスタジオコンテンツプロバイダーなどからの問い合わせ窓口リアライズ・モバイル・コミュニケーションズ株式会社Tel:03-5549-1350E-mail:SoftBank 5G 新商品・新サービス発表会(2020年3月5日)動画
2020年5月30日	国際会議「Eurographics & Eurovis 2020」で論文が採択～バーチャルキャラクターを活用した、服のリアルタイム着装シミュレーションを実現～	https://www.softbank.jp/corp/news/press/sbkk/2020/20200612_01/	国際会議「Eurographics & Eurovis 2020」で論文が採択～バーチャルキャラクターを活用した、服のリアルタイム着装シミュレーションを実現～2020年6月12日ソフトバンク株式会社ソフトバンク株式会社(以下「ソフトバンク」)は、2020年5月25日から29日までオンラインで開催されたコンピューターグラフィックスにおける世界最高峰の国際会議の一つである「The joint conferences, Eurographics & Eurovis 2020」(EUROGRAPH主催、以下「EGEV2020」)において、ソフトバンクのIT本部アドバンスドテクノロジー推進室とスウェーデンに拠点を置くDeform Dynamics社が共同で執筆した論文(以下「本論文」)が採択されましたのでお知らせします。本論文はEGEV2020の「Modelling&ndash;Simulation&ndash;Visualization」セッションで、研究成果として発表したものです。本論文の内容は、服の型紙からの服生成アルゴリズムに加えて、バーチャルキャラクターの着装時に服のメッシュ※とキャラクターのメッシュの接触面が擦り抜けるのを防止するための衝突判定(Mesh Collider)を高速かつリアルタイムに行い、任意の動きに対するクロスシミュレーションを実現したというものです。これらの実現には膨大な計算量が必要でしたが、その計算量を劇的に減らすアルゴリズムの研究成果を報告しました。これまでリアルタイムな服の動きのシミュレーションは、簡易的な体形に対して行われていたため、身体と接触する部分に不自然さが多く見られ、服飾業界で実用的に使うことはできませんでした。今回の研究では、独自のアルゴリズムによる衝突判定によって、身体に沿った自然な服の動きをリアルタイムで実現することに成功しました。このアルゴリズムにより、これまで困難であった重ね着やレイヤーの多い服、複数の生地からなる服についても、シミュレーションをすることが可能となります。また、型紙からユーザーが自由に服を縫合することができるユーザーインターフェースも研究開発しました。これにより、任意の体形の任意の動作に対して、さまざまな服を着装させるリアルタイムなシミュレーションをすることができるようになります。この研究内容を、今後オンラインでのバーチャルフィッテングやオンラインゲームのキャラクター制作に応用することで、新たなユーザー体験の創出や制作作業の効率化への活用が期待されます。[注]※EGEV2020で採択された本論文の詳細は、下記の通りです。タイトル英文:Interactive Assembly and Animation of 3D Digital Garments和訳:3Dデジタル衣服のインタラクティブな縫合とアニメーション概要バーチャルキャラクターに対して、型紙の服を視覚的に簡単に縫い合わせ、身体の動きに合わせてリアルタイムにシミュレーションすることが可能なツールを研究開発しました。ファッションデザイナーやパタンナーまたは3DCGクリエーターは任意のCADツールから型紙を入力し、任意の体形の3Dキャラクターの周囲に2Dの服のパーツを配置し、双方向に縫合します。布同士の接触や布とキャラクターの接触を数値でシミュレーションすることで、キャラクターの動きを確認しながら型紙を変更し、動きを考慮した服のデザインが可能となる新しいコンテンツ制作のパイプラインを提案しました。イメージ複数のレイヤーがあるワンピースの例:型紙からバーチャルボディーに服を着せ、キャラクターを動かすことで、服の揺れ方をリアルタイムに確認できる。イメージ動画3Dデジタル衣服のインタラクティブな縫製とアニメーションEUROGRAPHについて1980年設立。ヨーロッパを活動拠点とするコンピューターグラフィックス協会。コンピューターグラフィックス、マルチメディア、視覚化、ヒューマンコンピューターインタラクションなどの最先端技術を研究する専門家たちが参加メンバーであり、EUROGRAPHが主催する国際会議は、SIGGRAPH、SIGGRAPH ASIAと並ぶ世界最高峰の一つであり、ランクAの学会。SoftBankおよびソフトバンクの名称、ロゴは、日本国およびその他の国におけるソフトバンクグループ株式会社の登録商標または商標です。その他、このプレスリリースに記載されている会社名および製品・サービス名は、各社の登録商標または商標です。
2020年6月1日	土木工事現場への適用性を高めた四足歩行ロボット「Spot（スポット）」を導入	https://www.softbank.jp/corp/news/press/sbkk/2020/20200220_01/	土木工事現場への適用性を高めた四足歩行ロボット「Spot(スポット)」を導入2020年2月20日鹿島建設株式会社ソフトバンクロボティクス株式会社ソフトバンク株式会社鹿島建設株式会社(代表取締役社長:押味 至一)は、ソフトバンクロボティクス株式会社(代表取締役社長 兼 CEO:冨澤 文秀)ならびにソフトバンク株式会社(代表取締役 社長執行役員 兼 CEO:宮内 謙)の協力のもと、最先端のロボット技術を保有するBoston Dynamics※社の四足歩行型ロボット「Spot(スポット)」を用いた実証実験を、2018年11月に神奈川県のトンネル現場で行いました。その後、当該結果をもとにユースケースを検討し、トンネル内の路盤などでも不自由なく歩行できるよう改良された「Spot」を、世界に先駆けて土木工事現場で活用することを目指して、2019年12月に導入しました。[注]※「Spot」による実証実験実施状況/土木現場用でも適用可能な「Spot」開発の背景建設業界では、生産年齢人口の減少や技能労働者の高齢化に伴う将来的な就業者不足に対応するため、新規入職者の確保や生産性の向上が喫緊の課題となっています。加えて、土木工事においては、土木特有の自然環境への対応や地下空間などでの作業に対する安全対策も急務です。このような背景のもと、当社ではICT技術の導入や自動化への取組みを加速させており、現場巡視や工事の進捗管理、安全管理などの業務に対する最先端のロボット技術の導入、適用を検討することとしました。実証実験とカスタマイズ2018年11月、横浜環状南線 釜利谷ジャンクション Cランプトンネル工事において、土木工事現場での「Spot」適用の可能性を検証しました。トンネル内巡視状況/「Spot」搭載カメラによる切羽写真(30m離隔)実証実験では、360度カメラを搭載した「Spot」を制御室から遠隔操作し、切羽(掘削箇所)の写真撮影やポンプメーター等の計器点検を行いました。さらに、予め設定したルートに沿って自律歩行できる特性を活かした坑内巡視も行い、現場での適用性を確認するとともに課題を抽出しました。その後、ソフトバンクロボティクス株式会社およびBoston Dynamics社にて、悪路歩行性能の確認やインターフェースプログラムの改良を行い、土木現場への適用可能性を高めました。今後の展開今後、トンネル工事において、坑内測量業務や安全管理のための巡視などを実証実験する予定です。また、四足歩行が可能な特性を活かして、急傾斜地すべり地帯での調査・測量などの危険作業を含め、適用先の拡大を検討していきます。鹿島建設は、「Spot」を初めとするロボット技術の導入をこれからも積極的に推進することで、建設業界における生産性や安全性のさらなる向上を図るとともに、業務の効率化を目指します。工事概要工事名
2020年6月1日	子育てクラウドサービス「hugmo」と保育所向け紙おむつの定額制サービス「手ぶら登園サービス」が連携	https://www.hugmo.net/news/200226	株式会社hugmoソフトバンク株式会社の子会社で、子育てクラウドサービス「hugmo(ハグモー)」を提供する株式会社hugmo(ハグモー、本社:東京都港区、代表取締役社長:湯浅 重数)は、保育所向け紙おむつの定額制サービス「手ぶら登園サービス」を提供する、BABY JOB株式会社およびユニ・チャーム株式会社と、「hugmo」の管理画面から「手ぶら登園サービス」の管理画面へ簡単にアクセスできるよう連携することに合意しましたのでお知らせします。「hugmo」と「手ぶら登園サービス」を契約している保育園は、「hugmo」の保育園向けの管理画面に「手ぶら登園サービス」へのリンクが表示されるようになります。これにより「hugmo」を利用する保育園で「手ぶら登園サービス」をより便利に利用できるようになり、保育士の業務負担を軽減します。「手ぶら登園サービス」について現在、多くの保育園では、保護者が紙おむつ1枚1枚に名前を書き持参していますが、子育てと仕事で忙しい保護者にとっては大きな負担になっています。保育園側も、紙おむつを園児ごとに管理する必要があるため、業務が煩雑になっています。このような課題を解決するため、BABY JOB株式会社とユニ・チャーム株式会社が提供を開始したのが、紙おむつの定額制サービス「手ぶら登園サービス」です。それぞれのこどもに必要な分の紙おむつが、メーカーから保育園に直接送られる定額制のサービスです。保護者が紙おむつを持参する必要はなく、もちろん、名前を書く必要もありません。日本全国でご利用いただくことができます(一部離島を除く)。「手ぶら登園サービス」に関する、保育園からの問い合わせ先BABY JOB株式会社公式ウェブサイト:https://tebura-touen.com/E-mail :mama@baby-job.comTel:0120-01-8841BABYJOB株式会社 会社概要所在地 :大阪府大阪市淀川区西中島6丁目7番8号代表者:代表取締役 会長 上野 公嗣事業内容:保育所サポート事業、子育て支援事業ウェブサイト:https://baby-job.com/ユニ・チャーム株式会社 会社概要所在地:東京都港区三田3-5-27 住友不動産三田ツインビル西館代表者:代表取締役 社長執行役員:高原 豪久事業内容:ベビーケア関連製品、フェミニンケア関連製品、ヘルスケア関連製品、化粧パフ、ハウスホールド製品、ペットケア関連製品、産業資材、食品包材等の販売ウェブサイト:http://www.unicharm.co.jp/株式会社hugmoについてソフトバンクグループが従業員のアイデアを広く募集して事業化を行う新規事業提案制度「ソフトバンクイノベンチャー」から設立された会社で、子育て関係者および保護者向けにスマートフォンやパソコンで利用できる子育てクラウドサービス「hugmo」を提供しています。「未来を創る大切な子どもたちのために、子育てを最高にワクワクする、楽しいものにしたい」をコンセプトに、子どもを預かる施設へのICT導入を通して、子育て関係者の業務負担軽減と未来を担う子どもたちの豊かな子育て環境を目指しています。詳細はこちらをご覧ください。SoftBankおよびソフトバンクの名称、ロゴは、日本国およびその他の国におけるソフトバンクグループ株式会社の登録商標または商標です。その他、このプレスリリースに記載されている会社名および製品・サービス名などは、各社の登録商標または商標です。次ページトップに戻る前ページ
2020年6月2日	学研教育みらいとhugmo（ハグモー）、幼保園の業務をICTの側面から協業で支援	https://www.hugmo.net/news/200415	株式会社学研教育みらい株式会社hugmo幼稚園や保育園向け事業および学研幼児教室を運営する株式会社学研教育みらい(本社:東京都品川区、代表取締役社長:小林 徹)と、ソフトバンク株式会社の子会社、株式会社hugmo(ハグモー、本社:東京都港区、代表取締役社長:湯浅 重数)は、このたび幼稚園や保育園、こども園、学童保育施設など(以下、幼保園など)のICT(情報通信技術)化を協業にて推進することに合意致しました。これにより、全国4万園に販売ネットワークを持ち、幼児教育に関するさまざまなコンテンツやサービスを有する株式会社学研教育みらいと、多彩な子育て関連サービスをワンプラットフォームで展開する「hugmo」を運営する株式会社hugmoは、幼保園などを通して家庭や園業務のサービス向上を実現致します。まず、全国の幼保園などと家庭との円滑なコミュニケーションを実現すること、幼保園などの業務の効率化を行うことを目的に、株式会社学研教育みらいの販売ネットワークを通して株式会社hugmoが提供する子育てクラウドサービス「hugmo」を幼保園などへ提供していきます。協業の内容1.株式会社学研教育みらいと株式会社hugmoは、株式会社学研教育みらいの販売ネットワークを通して、2023年までに1万園の幼保園などへ「hugmo」の連絡帳サービス「hugnote(ハグノート)」の提供を目指します。子育てクラウドサービス「hugmo」について「hugmo」のプラットフォームでは、ICTを活用し、幼保園などと家庭の連携強化、こどもの健康管理のサポート、幼保園などの業務を効率化するサービスを提供しています。連絡帳サービス「hugnote」は、職員が、こどもたちの活動内容を写真付きでセキュアに家庭へ連絡することが可能です。また、緊急時の一斉連絡など、非常時のコミュニケーション手段としてもご利用いただけます。さらに、「hugsaftyスマート検温サービス」は、非接触のIoT体温計により、直接こどもの肌に触れず、衛生的な検温が可能です。幼保園などと家庭は、スマートフォンなどで、各種サービスを手軽に利用することができるようになり、新型コロナウイルス感染症で混乱する現場の業務負担の軽減に一役を担うことが期待できます。詳細は「hugmo」サービスサイトをご覧ください。株式会社学研教育みらいについて学研教育みらいは、学研グループの教育ソリューションセグメントの主要会社で、全国の4万園の幼保園などへ300店を超える特約販売代理店を通して、絵本、玩具、机・イスなどの備品、園庭遊具などを企画開発、販売しています。「すべては子どもたちの笑顔のために」をモットーに、子どもたちの未来をサポートできるよう商品・サービスの開発を行っています。株式会社hugmoについてソフトバンクグループが従業員のアイデアを広く募集して事業化を行う新規事業提案制度「ソフトバンクイノベンチャー」から設立された会社で、子育て関係者および保護者向けにスマートフォンやパソコンで利用できる子育てクラウドサービス「hugmo」を提供しています。「未来を創る大切なこどもたちのために、子育てを最高にワクワクする、楽しいものにしたい」をコンセプトに、こどもを預かる施設へのICT導入を通して、豊かな子育て環境の構築を目指しています。詳細はこちらをご覧ください。SoftBankおよびソフトバンクの名称、ロゴは、日本国およびその他の国におけるソフトバンクグループ株式会社の登録商標または商標です。その他、このプレスリリースに記載されている会社名および製品・サービス名は、各社の登録商標または商標です。次ページトップに戻る前ページ
2020年6月4日	家庭向けデマンドレスポンスサービスのトライアルを実施～スマホからワンタッチで節電エントリー、節電効果に応じてPayPayボーナスを獲得～	https://www.sbpower.co.jp/news/pdf/20200618_01.pdf	
2020年6月5日	山口フィナンシャルグループとソフトバンクがシニア支援エコシステム構築に係る業務提携契約を締結	https://www.softbank.jp/corp/news/press/sbkk/2020/20200117_01/	山口フィナンシャルグループとソフトバンクがシニア支援エコシステム構築に係る業務提携契約を締結2020年1月17日株式会社山口フィナンシャルグループソフトバンク株式会社株式会社山口フィナンシャルグループ(代表取締役社長 吉村 猛)とソフトバンク株式会社(代表取締役 社長執行役員 兼 CEO 宮内 謙)は、YMFGエリア内※1のシニアが安心・安全・元気に暮らせる社会の実現を目的として、シニアを支援するエコシステムの構築に向けた業務提携契約を締結しましたのでお知らせいたします。この提携に基づき、シニア支援エコシステム構築プロジェクトを始動し、3月に共同運営会社を設立することを目指します。[注]※1
2020年6月5日	山形新幹線と秋田新幹線のトンネル内における携帯電話のサービスエリア拡大について～秋田新幹線の全区間のトンネル内で携帯電話サービスが利用可能に～	https://www.softbank.jp/corp/news/press/sbkk/2020/20200625_01/	山形新幹線と秋田新幹線のトンネル内における携帯電話のサービスエリア拡大について～秋田新幹線の全区間のトンネル内で携帯電話サービスが利用可能に～2020年6月25日ソフトバンク株式会社株式会社NTTドコモKDDI株式会社ソフトバンク株式会社、株式会社NTTドコモ、KDDI株式会社(以下「通信3社」)は、山形新幹線 「庭坂駅～赤岩駅」間と秋田新幹線 「赤渕駅～田沢湖駅」間のトンネル内で、2020年7月8日までに携帯電話サービスの提供を開始します。これにより、秋田新幹線の全区間のトンネル内で携帯電話サービスをご利用いただけるようになります。通信3社は、今後もサービスエリア拡大や品質向上ならびにお客さまによりご利用いただきやすい環境の整備を進めていきます。1. サービス開始時期山形新幹線:2020年7月8日(水)からサービス開始予定秋田新幹線:2020年7月8日(水)までにサービス開始予定[注]※
2020年6月9日	山形新幹線のトンネル内における携帯電話のサービスエリア拡大について	https://www.softbank.jp/corp/news/press/sbkk/2020/20200114_01/	山形新幹線のトンネル内における携帯電話のサービスエリア拡大について2020年1月14日ソフトバンク株式会社株式会社NTTドコモKDDI株式会社ソフトバンク株式会社、株式会社NTTドコモ、KDDI株式会社は、山形新幹線(奥羽本線)のトンネル内における携帯電話のサービスエリア拡大や品質向上を目的に、東日本旅客鉄道株式会社と共同でエリア整備を進めています。このたび「赤岩駅～板谷駅」間のトンネル内で、携帯電話サービスの提供を開始します。これにより、山形新幹線(奥羽本線)は、「福島駅～庭坂駅」間および「赤岩駅～峠駅」間で携帯電話がご利用いただけます。今後もサービスエリア拡大や品質向上、ならびにお客さまによりご利用いただきやすい環境の整備を進めていきます。1. サービス開始日2020年1月24日(金)始発列車からサービス開始予定2. サービスエリア拡大区間山形新幹線(奥羽本線) 「赤岩駅～板谷駅」間(6トンネル、総延長約5.9km)3. サービス提供事業者ソフトバンク株式会社※株式会社NTTドコモKDDI株式会社[注]※
2020年6月9日	岐阜県関市の公立保育園、「hugmo」のスマート検温サービスおよび昼寝見守りサービスを採用	https://www.hugmo.net/news/200624	株式会社hugmoソフトバンク株式会社の子会社で、子育てクラウドサービス「hugmo(ハグモー)」を提供する株式会社hugmo(本社:東京都港区、代表取締役社長:湯浅 重数)は、「hugmo」のスマート検温サービスおよび午睡(昼寝)見守りサービスが、岐阜県関市の公立保育園2カ所で採用されましたのでお知らせします。「hugmo」が公立保育園で採用されたのは、今回が初めてです。関市では、今回「hugmo」を採用した公立保育園で、保育士の業務改善などを目的とした実証実験が、2020年1月に実施されました。実証実験の結果、保育士から「業務の負担軽減に貢献している」と評価され、今回の採用に至りました。この公立保育園2カ所では、6月23日に「hugmo」の導入が完了しています。関市は、来年度から市内の全公立保育園10カ所に導入することを目指しています。関市の公立保育園で採用されたサービス1.スマート検温サービス非接触で利用できるIoT体温計「スマート体温計」と専用アプリにより、体温をわずか3秒で計測し、クラウドに記録・管理することができるサービスです。昨今、新型コロナウイルス感染症の影響により、保育施設における検温の重要性が高まる中、脇で測定する体温計に比べて衛生的であること、測定スピードが早いこと、検温台帳や連絡帳への自動記録により関連業務の負担軽減が可能なことから注目が高まっています。2.午睡見守りサービス マット型IoTセンサーと「hugmo」のクラウドを連携させて、乳幼児の昼寝を見守るサービスです。乳幼児の呼吸に伴う体動を一覧で確認でき、万一異変があった場合はリアルタイムにアラートを通知します。睡眠中の安全対策の強化、目視チェックとの併用による保育士の心理的負担の軽減、午睡チェック記録業務の負担軽減が期待できます。※ 「午睡見守りサービス」およびマット型IoTセンサーは保育従事者の業務を補助するものであり、置き換えることを目的としたものではありません。また、診断などを行う医療機器ではありません。※「スマート検温サービス」と「午睡見守りサービス」は、IoTによるこどもの健康管理とトラブル・事故の予防を強化する「hugsafety」のラインアップとして提供しています。株式会社hugmoについてソフトバンクグループが従業員のアイデアを広く募集して事業化を行う新規事業提案制度「ソフトバンクイノベンチャー」から設立された会社で、保育者および保護者向けにスマートフォンやパソコンで利用できる保育クラウドサービス「hugmo」を提供しています。「未来を創る大切なこどもたちのために、子育てを最高にワクワクする、楽しいものにしたい」をコンセプトに、保育業界へのICT(情報通信技術)導入を通して、保育者の業務負担軽減と未来を担うこどもたちの豊かな保育を目指しています。詳細はこちらをご覧ください。SoftBankおよびソフトバンクの名称、ロゴは、日本国およびその他の国におけるソフトバンクグループ株式会社の登録商標または商標です。その他、このプレスリリースに記載されている会社名および製品・サービス名は、各社の登録商標または商標です。トップに戻る前ページ
2020年6月9日	嵐とソフトバンクが5G時代を見据えたプロジェクトを始動～第1弾として、嵐とファンがバーチャルで「Love so sweet」を合唱する映像を制作～	https://www.softbank.jp/corp/news/press/sbkk/2020/20200717_01/	嵐とソフトバンクが5G時代を見据えたプロジェクトを始動～第1弾として、嵐とファンがバーチャルで「Love so sweet」を合唱する映像を制作～2020年7月17日ソフトバンク株式会社ソフトバンク株式会社(以下「ソフトバンク」)は、国民的アーティストである嵐と、「誰も見たことのない世界へ、一緒に。」をテーマに、5G(第5世代移動通信システム)時代を見据えた新しいエンターテインメントの可能性に挑戦するプロジェクトを開始します。5G時代ならではの臨場感溢れる視聴体験を実現する&ldquo;ソフトバンク&rdquo;のコンテンツ配信サービス「5G LAB」を訴求するテレビCMや、「5G LAB」を活用したコンテンツなどを今後展開していく予定です。嵐と実施するプロジェクトの第1弾として、嵐とファンの方々が、人気楽曲「Love so sweet」を合唱する「5G バーチャル大合唱」を実施します。ファンの方は、2020年7月18日午後8時から7月22日午前3時59分までに、専用のスマホアプリまたは特設サイトを通して、「Love so sweet」を歌う自身の姿を動画で撮影し、アップロードします。アップロードされたファンの方々の映像を、嵐が「Love so sweet」を歌う映像と組み合わせることで、バーチャルで大合唱をしている映像を制作します。大合唱の映像は、テレビCMとして8月上旬から放映します。なお、ご参加いただいた方には、ご自身の動画が組み込まれたオリジナルの映像を後日お送りする予定です。嵐を代表して、松本 潤さんは次のように述べています。「この度、ソフトバンクの皆さんと、『誰も見たことのない世界へ、一緒に。』というテーマで、新しいプロジェクトを開始できることを嬉しく思っています。5G技術には、僕自身以前よりすごく興味があり、新しい体験や演出、コミュニケーションをつくっていける可能性を感じています。ファンの皆様にも、ソフトバンクさんの5G技術を活用した新しいエンターテインメントを楽しんでいただけるよう様々な挑戦をしていきたいと思っていますので、今後もご期待ください! まずは今回の合唱企画に、たくさんの方が参加していただけると嬉しいです」嵐とのプロジェクトの詳細は、特設サイトをご覧ください。[注]※
2020年6月10日	川口市で自動運転バスの実証実験を実施〜地震の揺れ到達前に車両を停止させるシステムなどを検証〜	https://cdn.softbank.jp/drive/set/data/press/2020/shared/20200219_01.pdf	
2020年6月11日	川西市とソフトバンクがICTを活用した市民サービスの向上に向けた連携協定を締結	https://www.softbank.jp/corp/news/press/sbkk/2020/20200203_01/	川西市とソフトバンクがICTを活用した市民サービスの向上に向けた連携協定を締結2020年2月3日川西市ソフトバンク株式会社兵庫県の川西市(市長:越田 謙治郎)とソフトバンク株式会社(本社:東京都港区、代表取締役 社長執行役員 兼 CEO:宮内 謙、以下「ソフトバンク」)は、地域課題の解決やまちの発展を目的として、両者が有する知的、人的、物的資源を基に、ICT(情報通信技術)を活用した市民サービスの向上に向けた連携協定を締結しましたのでお知らせします。川西市は、人口減少や少子高齢化などの市を取り巻く環境の変化の中で、ICTなどの先端技術を活用した新たな取り組みを進めています。ソフトバンクは、「情報革命で人々を幸せに」という経営理念の下、ICTを活用して社会課題の解決に向けたCSR(企業の社会的責任)活動に取り組むことで、人々が豊かに暮らすことができる社会の実現をめざしています。川西市とソフトバンクは、これまでもタブレットを活用した部活動支援の実施や、次世代モビリティサービスの推進検討などで協働しています。川西市では子どもから高齢者まで誰もが、何気ない日常に幸せを感じるまちづくりをめざしているため、教育や子育て支援、防災・防犯対策に加え、次世代モビリティサービスの実現に向けてさらなる連携を図り、市民サービスの向上に取り組みます。1. 締結日2020年2月3日2. 協定の内容(1)
2020年6月12日	年頭所感	https://www.softbank.jp/corp/news/press/sbkk/2020/20200101_01/	年頭所感2020年1月1日ソフトバンク株式会社代表取締役 社長執行役員 兼 CEO宮内 謙あけましておめでとうございます。2018年12月に東証1部に上場し、2019年は上場企業として始まった1年でした。この1年間は、成長に向けて「Beyond Carrier」戦略の実行にスピーディーに取り組み、今後の10年に向けて布石を打ってきました。通信事業においては、競争環境が日々変化していく中で、「ソフトバンク」「ワイモバイル」「LINEモバイル」の三つのブランドがそれぞれにポジションを確立し、顧客基盤を堅調に拡大することができました。スマートフォンの市場は成熟したといわれますが、「1億総スマホ」の時代に向けてまだまだ成長の余地は大きく、この1年でPayPayが急激に普及したように、スマートフォンの利用シーンは日々広がっていきます。今後、スマートフォンはあらゆるサービスの起点となり、さまざまなネットサービスが集約されたスーパーアプリが重要な鍵を握ることになるでしょう。この時代の流れを大きなチャンスと捉え、さらなる成長を実現するために、ヤフー(現Zホールディングス)の子会社化やZホールディングスとLINEの経営統合に向けた合意など、グループ全体で「Beyond Carrier」戦略をより強力に推進するための手を打ってきました。さらに新たな領域でも、MaaS時代のプラットフォームを構築するMONET Technologiesや、成層圏に次世代通信システムを構築してどこでもつながる社会を目指すHAPSモバイルなどが本格的に始動しました。また、成長領域に人員をシフトする構造改革においては、昨年から全社で4,000人のデジタルワーカーを創出するプロジェクトを開始しました。この構造改革は成長戦略を加速させる重要な取り組みとして、今年も継続的に取り組んでいきます。今年はいよいよ5Gが世の中に本格的に普及していく年です。われわれは、3月末ごろから5Gの商用サービスを開始します。5Gによって、さまざまな業界でデジタライゼーションが急速に進み、産業界全体が大きく変わっていきます。これまでの、人と人がつながる世界から、人とモノ、モノとモノがつながるIoTの世界になり、そこから得られるビッグデータの活用が企業の発展において重要な鍵となります。AIによってビッグデータを分析して活用することで新しい価値が生まれ、あらゆる産業が再定義されることになるでしょう。われわれは、5G、IoT、AIの三つのテクノロジーを中心に、各産業で新たなビジネスモデルを創出するとともに、社会課題の解決を目指していきます。また、今秋に本社を移転する竹芝地区においては、新本社をAIやIoTを活用したスマートビルにするだけでなく、街全体で5Gやモビリティー、ドローン、ロボティクスなどを活用する最先端のスマートシティーの構築に取り組み、社会課題の解決の最前線としてモデルケースを生み出していきます。デジタライゼーションが進む世界で、通信ネットワークは重要な社会インフラになっており、あらゆるモノがつながる5Gの時代において、その役割は一層増していきます。われわれは、その通信ネットワークを基盤に、人々の生活や産業を変える新領域のビジネスに挑戦し、経営理念である「情報革命で人々を幸せに」の実現に向けてまい進していきます。今年もソフトバンクをよろしくお願い申し上げます。
2020年6月12日	当社元社員の逮捕について	https://www.softbank.jp/corp/news/press/sbkk/2020/20200125_01/	当社元社員の逮捕について2020年1月25日ソフトバンク株式会社本日、当社の元社員が、警視庁に不正競争防止法違反の容疑で逮捕されました。このような事件が発生し、お客さま、株主の皆さま、ならびに当社に関係する全ての方々に多大なるご心配とご迷惑をおかけしましたことを深くお詫び申し上げます。当社が現在認識している事柄は以下の通りです。当該元社員が、当社の作業文書等を無断で社外に持ち出していたこと持ち出された文書は機密性が低く、機密性の高い情報(お客さまの個人情報、通信の秘密に関わる情報、当社の取引先に関する情報等)は一切含まれていないこと当該元社員は、上記の機密性の高い情報へのアクセス権限を保持していなかったことまた、社内で検証した結果、当社のシステムやネットワークに対する外部からの不正アクセスの形跡や、不正プログラムなどの検知はありませんでした。当社はこれまで、捜査当局からの協力要請に対し全面的に協力してきましたが、引き続き協力していきます。今後、当社から公表すべき事柄が発生した場合には、速やかに発表します。SoftBankおよびソフトバンクの名称、ロゴは、日本国およびその他の国におけるソフトバンクグループ株式会社の登録商標または商標です。その他、このプレスリリースに記載されている会社名および製品・サービス名は、各社の登録商標または商標です。
2020年6月14日	役員人事について	https://www.softbank.jp/corp/news/press/sbkk/2020/20200624_01/	役員人事について2020年6月24日ソフトバンク株式会社ソフトバンク株式会社は、本日開催した定時株主総会および取締役会において、人事について次の通り決定しましたので、お知らせします。1. 専務執行役員の選任(2020年6月24日付)新役職氏名旧役職
2020年6月15日	恵那市とソフトバンクが、ICTを活用した地域活性化と市民サービスの向上に向けた連携協定を締結	https://www.softbank.jp/corp/news/press/sbkk/2020/20200326_01/	恵那市とソフトバンクが、ICTを活用した地域活性化と市民サービスの向上に向けた連携協定を締結2020年3月26日恵那市ソフトバンク株式会社岐阜県の恵那市(市長:小坂 喬峰)とソフトバンク株式会社(本社:東京都港区、代表取締役 社長執行役員 兼 CEO:宮内 謙、以下「ソフトバンク」)は、恵那市における「恵那市ICT活用推進計画※1」のさらなる推進を図ることを目的として、両者が有する知的、人的、物的資源を基に、ICT(情報通信技術)を活用した地域活性化と市民サービスの向上に向けた連携協定を締結しましたのでお知らせします。恵那市は、快適な生活環境の実現と市内経済の活性化を目指して「恵那市ICT活用推進計画」を2019年に策定し、実現に向けた取り組みを推進しています。恵那市とソフトバンクは、ICTを活用した児童・生徒の学力向上に向けた取り組みや、安心・安全なまちづくりのための地域交通ネットワークの整備促進、スマートフォンを活用した地域防災情報の発信強化、公共サービスの向上に向けたAI(人工知能)やRPA※2、リモートワークの活用などを推進します。また、恵那市はソフトバンクの組織運営やスピード感のある実務遂行スキルを市職員が身に付けることを目的として「恵那市人材育成基本方針(第3次)※3」に基づき市職員をソフトバンクへ派遣します。恵那市とソフトバンクは、両者が有するノウハウやネットワークを基に相互に連携して、安心・安全なまちづくりのための情報化を推進し、地域の活性化および市民サービスの充実に向けて取り組んでいきます。1. 締結日2020年3月26日2. 協定の内容(1)
2020年6月15日	愛知教育大学とソフトバンク、愛知県におけるICT教育推進を目的とした相互連携に関する協定を締結	https://www.softbank.jp/corp/news/press/sbkk/2020/20200228_01/	愛知教育大学とソフトバンク、愛知県におけるICT教育推進を目的とした相互連携に関する協定を締結2020年2月28日国立大学法人愛知教育大学ソフトバンク株式会社国立大学法人愛知教育大学(学長:後藤 ひとみ、以下「愛知教育大学」)とソフトバンク株式会社(本社:東京都港区、代表取締役 社長執行役員 兼 CEO:宮内 謙、以下「ソフトバンク」)は、愛知県におけるICT(情報通信技術)教育推進を目的とした相互連携に関する協定を、2020年2月28日に締結しましたのでお知らせします。ソフトバンクが教育大学と連携協定を締結するのは初めてです。1. 背景と目的愛知教育大学は、教員の資質向上の要望が高まる中、多様な教員養成プログラムを通して優れた教員の養成と、実践的な教員教育関連の研究を推進しています。ソフトバンクは「情報革命で人々を幸せに」という経営理念の下、ICTを活用して社会課題の解決に取り組むことで、人々が豊かに暮らすことができる社会の実現を目指しています。このたび愛知教育大学とソフトバンクは、ICTを活用した次世代教育に関する研究を共同で推進し、社会に貢献することを目的とします。2. 連携事項(1)
2020年6月15日	慶應義塾大学SFC研究所とソフトバンク、自営の5Gネットワークを活用した共同研究を開始～ローカル5Gを見据えて、さまざまなユースケースの実証実験を実施予定～	https://www.softbank.jp/corp/news/press/sbkk/2020/20200218_03/	慶應義塾大学SFC研究所とソフトバンク、自営の5Gネットワークを活用した共同研究を開始～ローカル5Gを見据えて、さまざまなユースケースの実証実験を実施予定～2020年2月18日慶應義塾大学SFC研究所ソフトバンク株式会社慶應義塾大学SFC研究所(以下、SFC研究所)とソフトバンク株式会社(以下「ソフトバンク」)は、第5世代移動通信システム(以下「5G」)を活用したユースケースの共同研究を、慶應義塾大学湘南藤沢キャンパス(神奈川県藤沢市、以下SFC)で、2020年2月から開始しました。SFC研究所は、ローカル5Gにおけるさまざまなユースケースの実証実験を見据えて、ソフトバンクが開発を進めている可搬型5G設備と、MEC(マルチアクセスエッジコンピューティング)※1サーバーを導入し、SFC構内に自営の5GネットワークをSA※2構成で構築しました。構築した5Gネットワークは、SFCの既存ネットワークに組み込まれ、SFC研究所が管理用ポータルサイトを利用して、自ら運用を行う検証を進めています。今回構築した5Gネットワークは、WIDEプロジェクト※3が運営する学術研究ネットワークに接続しており、さまざまな研究組織や企業、自治体との協力の下、5Gにおけるユースケースの実証実験での活用が予定されています。例えば大学構内に設置したカメラ映像を、5Gを介して伝送し、構内のバス停や駐車場などの混雑率の可視化や、歩行者向けのナビゲーション、構内の安心・安全に資する情報配信といった、キャンパス運用の高度化・効率化の検証を行います。また、学生向けに5GやMECサーバーを開放し、新たなユースケース開発の検証を実施する予定です。ソフトバンクは、今回の共同研究を通して、今後訪れる5Gの需要拡大を見据え、納入先の企業・団体が自律的に運営可能なシステムの商用化を目指して、開発を推進していきます。[注]※1
2020年6月16日	掛川市とソフトバンクが「協働のまちづくり」に向けたICT包括連携協定を締結	https://www.softbank.jp/corp/news/press/sbkk/2020/20200409_01/	掛川市とソフトバンクが「協働のまちづくり」に向けたICT包括連携協定を締結2020年4月9日掛川市ソフトバンク株式会社静岡県の掛川市(市長:松井 三郎)とソフトバンク株式会社(本社:東京都港区、代表取締役 社長執行役員 兼 CEO:宮内 謙、以下「ソフトバンク」)は、掛川市の「協働のまちづくり」を一層推進するため、ICT(情報通信技術)を活用して地域のさまざまな課題に対応することにより、地域の活性化と市民サービスの向上を図ることを目的としたICT包括連携協定を、2020年4月9日に締結しましたのでお知らせします。掛川市は、多様な企業などと連携する「協働のまちづくり」を進めており、この「協働のまちづくり」を進化させるとともに、多文化共生の取り組みを進め、お互いの特性や文化などの多様性を認め合う、全ての人にとって優しい社会を築いていくことを目標にしています。ソフトバンクは、「情報革命で人々を幸せに」という経営理念の下、ICTを活用して社会課題の解決に取り組むことで、人々が豊かに暮らすことができる社会の実現を目指しています。今回のICT包括連携協定締結に基づき、掛川市とソフトバンクは、ICTを活用して、スマートシティの実現や次世代モビリティサービスの導入、働き方改革、キャッシュレス、教育の振興などを推進していくとともに、地域の自然環境と伝統工芸の保全などに取り組み、「希望が見えるまち、誰もが住みたくなるまち掛川」の実現を目指します。1. 締結日2020年4月9日2. 目的掛川市とソフトバンクの多様な連携と協働による活動を推進し、地域のさまざまな課題に適切に対応することにより、地域の活性化および市民サービスの向上を図ることを目的とする。3. 連携事項(1)
2020年6月18日	撮れば分かる！ 建材・家具検索アプリ 「Pic Archi（ピックアーキ）」を提供開始	https://www.sbcloud.co.jp/entry/2020/04/17/picarchi	2020年4月17日株式会社梓設計SBクラウド株式会社～「Alibaba Cloud」の画像検索エンジンを活用した画像検索機能を搭載～株式会社梓設計(本社:東京都大田区、代表取締役社長:杉谷 文彦、以下「梓設計」)は、ソフトバンク株式会社(以下「ソフトバンク」)のグループ会社であるSBクラウド株式会社(本社:東京都港区、代表取締役 兼 CEO:内山 敏、以下「SBクラウド」)と協業し、画像検索機能を搭載した建材・家具検索アプリ「Pic Archi(ピックアーキ)」を、2020年4月17日から提供開始しました。SBクラウドは、「Pic Archi」のクラウド環境としてクラウドサービス「Alibaba Cloud」を提供している他、画像検索機能の基盤として「Alibaba Cloud」の画像検索エンジン「Image Search」を提供しています。「Pic Archi」のアプリは、以下のURLからダウンロードできます。・App Store:https://apps.apple.com/jp/app/pic-archi/id1504026944・Google Play™:https://play.google.com/store/apps/details?id=com.picarchi※ iOS 12以上/Android™ 6以上のスマートフォンまたはタブレットに対応しています。・サービス概要URL:https://picarchi.azusasekkei.co.jp/lp/ 「Pic Archi」について撮れば分かる!気になった建材・家具の詳細がすぐ分かる!「Pic Archi」「Pic Archi」は、建設業界で建材・家具を扱う設計者から一般ユーザーまで、幅広い利用を想定した建材・家具検索アプリです。アプリには、建材・家具メーカーの商品データが登録されており、気になった建材・家具の写真を撮影するだけで、同一・類似商品を簡単に検索することができます。撮ればつながる!デジタルカタログやBIMプラットフォームと連動商品の詳細ページからは、メーカーのデジタルカタログや、BIM(Building Information Modeling)オブジェクトのプラットフォームを目指す建築建材総合検索サイト「Arch-LOG(アークログ)」(丸紅アークログ株式会社提供)の商品ページに遷移することも可能です。撮れば持ち運べる!気になった建材や家具はアプリ内に保存!閲覧履歴やお気に入り機能を搭載しているため、ユーザーは商品名や型番などを都度調べることなく、気になる商品をアプリ上で比較しながら検索したり、必要な時にお気に入りから確認したりすることができます。なお、画像検索機能の基盤に「Image Search」を採用することで、高速かつ精度の高い検索を実現しました。画像検索機能の利用イメージ今後も検索商品を続々追加予定!今後は、「Pic Archi」で検索できる商品点数を増やしていくことに加え、ユーザーの使い勝手をさらに向上させる機能の開発を強化するとともに、他のサービスとの連携も進めていきます。また、今回の「Image Search」の採用においては、ソフトバンクが導入サポートを担っており、今後も梓設計は、同社やそのグループ会社と連携し、建築・設計分野におけるテクノロジーの活用に取り組んでいきます。 Alibaba Cloudについて「Alibaba Cloud」は、アリババグループのクラウドコンピューティング部門であるアリババクラウドが提供するクラウドサービスです。世界トップ3のIaaSプロバイダー(※1)かつ、中国国内で最大のシェアを誇るパブリッククラウドサービスプロバイダー(※2)として、アリババグループのマーケットプレイスやスタートアップ企業、中小企業、政府関連機関をはじめとする、世界中の事業者に包括的なクラウドコンピューティングサービスを提供しています。 「Image Search」について「Image Search」は、アリババグループが独自に開発した、機械学習やディープラーニング(深層学習)などの技術を活用した画像検索エンジンです。中国最大級のBtoCオンラインショッピングモール「天猫(Tmall)」や、CtoCマーケットプレイス「淘宝(タオバオ)」などに導入されています。日本市場においては、SBクラウドが「Alibaba Cloud」の製品ラインアップの一つとしてサービスを提供しています。小売業などの事業者は、商品画像データを「Image Search」上に登録するだけで、商品を識別するラベル(タグ)が自動で付与され、精度の高い画像検索機能をネットショップやアプリなどに簡単に実装することができます。「Image Search」の詳細およびお問い合わせは、こちらをご参照ください。  ※1 出典:Gartner Worldwide IaaS Public Cloud Services Market Share, 2017-2018※2 出典:IDC Semiannual Public Cloud Services Tracker, 2019 H1・Pic Archiは、商標登録と特許を出願中です。・App Storeは、Apple Inc.のサービスマークです。TM and © 2019 Apple Inc. All rights reserved・AndroidおよびGoogle Play™は、Google LLC の登録商標または商標です。・SoftBankおよびソフトバンクの名称、ロゴは、日本国およびその他の国におけるソフトバンクグループ株式会社の登録商標または商標です。・その他、このプレスリリースに記載されている会社名および商品・サービス名は各社の登録商標または商標です。
2020年6月18日	支配株主等に関する事項について	https://www.softbank.jp/corp/news/press/sbkk/2020/20200630_02/	(2)親会社等の企業グループに属することによる事業上の制約、リスクおよびメリット、親会社等やそのグループ企業との取引関係や人的関係、資本的関係などの面から受ける経営・事業活動への影響等ソフトバンクグループ株式会社は、グループ会社を投資ポートフォリオとして統括する戦略的投資持株会社です。一方で、当社は日本国内における通信事業を中心とする事業会社であるという点で、同社とはグループ内での役割が明確に異なっています。また、ソフトバンクグループに属することにより、当社はソフトバンクグループとして得られる世界中の最先端テクノロジーの知見を最大限に発揮して新たな領域へ事業を拡大していくことが可能となり、当社の企業価値の一層の向上に役立ちます。(3)親会社等からの一定の独立性の確保に関する考え方およびそのための施策当社の取締役11名のうち、2名はソフトバンクグループ株式会社と兼任していますが、これを上回る4名の社外取締役が就任しているため、当社独自の経営判断を実施できる状況にあります。また、更なる独立性の担保のため、取締役会の諮問機関として、CEOおよび独立社外取締役で構成される任意の指名委員会および報酬委員会を設置しています。両委員会とも、議長は社外取締役の堀場厚が務めています。上記に加えて当社は、2018年12月19日の当社株式の上場にあたり、親会社の事前承認事項等の撤廃、役員および従業員の兼任等の人的関係の縮小、親会社との資金の貸借取引および債務保証の解消等、親会社からの独立性を担保するための施策を行ってきました。また、当社の独立性の観点を踏まえ、ソフトバンクグループ株式会社も含めた関連当事者との取引については、「関連当事者規程」および「関連当事者取引管理マニュアル」に基づき、その取引が当社グループの経営上合理的なものであるか、また、取引条件が外部取引と比較して適正であるかに特に留意して、特に重要な取引については、都度取締役会の承認を得て行う方針です。(4)親会社等からの一定の独立性の確保の状況当社は、企業価値の向上のため、今後もソフトバンクグループ株式会社と緊密な連携を行っていきますが、経営判断は独立して行っていることから、独立性が確保されていると認識しています。具体的には、2020年3月期に開催されたすべての取締役会、指名委員会、報酬委員会に社外取締役4人全員が出席しており、監督の実効性は担保されています。社外取締役のうち、2名は現役の経営者、2名はそれぞれ弁護士・公認会計士であり、いずれもその豊富な知識と実務経験をもとに、当社の経営の監督および経営全般への助言を行っています。また、取締役会における決議に際しては、毎回社外取締役への事前の説明も十分に行っています。4. 支配株主等との取引に関する事項2020年3月31日に終了した1年間におけるソフトバンクグループ株式会社およびソフトバンクグループジャパン株式会社との取引の状況については、当社の「第34期 有価証券報告書 第一部 企業情報 第5 経理の状況 (1)連結財務諸表 連結財務諸表注記 43. 関連当事者」をご参照下さい。5. 支配株主との取引等を行う際における少数株主の保護の方策の履行状況当社は、ソフトバンクグループ株式会社およびソフトバンクグループ各社と取引を行う場合には、一般に公正妥当な市場価格に基づき、双方協議のうえ、合理的に決定しており、公正な取引が確保されています。以上
2020年6月18日	新卒採用選考における動画面接の評価にAIシステムを導入～より客観的かつ統一された軸での評価を実現～	https://www.softbank.jp/corp/news/press/sbkk/2020/20200525_01/	新卒採用選考における動画面接の評価にAIシステムを導入～より客観的かつ統一された軸での評価を実現～2020年5月25日ソフトバンク株式会社ソフトバンク株式会社(以下「ソフトバンク」)は、新卒採用選考において応募者をより客観的かつ統一された軸で評価することを目的に、動画面接の評価に株式会社エクサウィザーズ(以下「エクサウィザーズ」)と共同開発したAI(人工知能)システムを、2020年5月末から導入します。ソフトバンクは、応募者の選考会場への移動にかかる時間や費用を軽減することを目的に、総合職のエントリーシート選考後に実施していたグループディスカッションや集団面接を1月に廃止し、以前からインターンシップの参加者選考で導入している動画面接※1へ変更しました。このたび開発したAIシステムは、インターンシップの選考で提出された動画データと、熟練の採用担当者による評価などをエクサウィザーズの動画解析モデルに学習させることで、新たに提出された動画の評価を自動で算出するものです。AIシステムが合格基準を満たすと判定した動画については合格として次の選考を行い、不合格と判定した動画については人事担当者が動画を確認し、動画面接の合否を最終判断することで選考の正確性を担保します。このたびのAIシステムの導入により、ソフトバンクは、動画面接の選考作業にかかる時間が約70パーセント削減されることを見込んでいます。これにより創出された時間を、就労体験型のインターンシップの拡充や、求めるスキルを持つ人材へのアプローチなど、応募者とのマッチングを促進するための新たな取り組みに充てていきます。また、2017年5月からIBM Watson※2を活用してエントリーシート選考にかかる時間を約75パーセント削減しています。今後もITの積極的な活用により新たに創出した時間で、応募者とソフトバンクにとって最適で、より戦略的な採用に注力します。なお、動画面接では応募者との対面での接触が発生しないため、新型コロナウイルス感染症の影響下において、結果的に応募者と社員の安全確保につながりました。動画面接以降の面接については、3月2日からオンライン会議システムを活用し、応募者と面接官が遠隔地から双方向にコミュニケーションを取る形式で実施しており、当面の間はこの形式を継続します。[注]※1事前に設定された質問に対する回答を応募者が動画で提出します。株式会社ZENKIGEN(ゼンキゲン)が提供する動画面接プラットフォーム「HARUTAKA(ハルタカ)」を使用しています。応募者はマイページから「HARUTAKA」にアクセスして、撮影した動画をアップロードします。
2020年6月18日	新型コロナウイルス感染拡大防止への対応で本決算説明会を Microsoft Teams によるライブ配信で実施	https://www.softbanktech.co.jp/news/release/press/2020/009	背景新型コロナウイルスが世界規模で感染拡大するなか、日本国内でも全都道府県を対象に緊急事態宣言が発令されています。SBTは2018年5月から全社に導入している Microsoft Teams の知見や経験を活かし、従業員の原則テレワークなど感染拡大防止に努めてまいりました。このたびの決算説明会においてもアナリストや機関投資家の皆さまの安全を考慮し、また Microsoft Teams の知見や経験からライブ配信への開催に踏み切りました。開催に際し事前準備では参加者にむけて2日間の接続テストを設け、開催当日は登壇した阿多と2名の役員のみが臨場、その他の役員はオンラインで参加しました。映像配信は日本マイクロソフト支援のもと高品質な映像がMicrosoft Teams 上の画面に映し出され、決算の説明から質疑応答まで、臨場での決算説明会と差分なく実現できました。また機関投資家・アナリストの皆さまが参加したライブ配信とは別に、当社社員向けにも Microsoft Teams のライブイベントを配信しており、170名以上の社員が参加しました。テレワークへの取り組みSBTのテレワーク制度は2018年6月にトライアルを開始し、有志社員を中心に、Microsoft Teams の積極的利用やテレワークの有効利用にむけた様々なディスカッションを重ね、2018年10月に導入しました。導入後は月8回までのテレワークの利用の推進や、テレワーク・デイズ2019への参加、厚生労働省のテレワーク応援宣言事業などの活動を通じ、さらなる業務効率化や生産性向上を目指して継続的に取り組んでまいりました。そのため今回の緊急事態宣言発令に際しても、混乱を起こさずスムーズに原則テレワーク体制に移すこともできました。これにより培ったノウハウを多くのお客さまに共有するため Microsoft Teams 活用セミナーや、テレワークを実現する自社サービス clouXion(クラウジョン)の提供など、企業のテレワークや働き方改革に貢献しています。関連ページ https://www.softbanktech.co.jp/service/issue/work-style-reform-with-microsoft365※本リリースに記載されている会社名、製品名、サービス名は、当社または各社、各団体の商標もしくは登録商標です。※Microsoftは米国 Microsoft Corporationの米国及びその他の国における登録商標または商標です。
2020年6月19日	新型コロナウイルス感染症の対策と生産性の最大化を両立する新たなワークスタイルを導入～1日当たりの出社人数を5割以下に～	https://www.softbank.jp/corp/news/press/sbkk/2020/20200601_02/	新型コロナウイルス感染症の対策と生産性の最大化を両立する新たなワークスタイルを導入～1日当たりの出社人数を5割以下に～2020年6月1日ソフトバンク株式会社ソフトバンク株式会社(以下「ソフトバンク」)は、新型コロナウイルス感染症の拡大防止のため、2020年2月25日から在宅勤務の回数制限を撤廃し、その後全面的に在宅勤務体制に移行しました。オンライン会議システムやビジネスチャットなどのITツールを活用することで、4月8日以降、ソフトバンクショップなどの店頭で勤務する社員を除く約9割※の社員が在宅勤務を実施しながら事業を継続してきました。ソフトバンクは、2008年からスマートフォンを利用したモバイルワーク、また2011年から業務における徹底したペーパーレス化、2017年から「Smart & Fun!」をスローガンにした本格的な働き方改革を実施してきました。2018年には約9割の部署で在宅勤務を導入するとともに、全社でサテライトオフィスの活用を開始し、社員が最適な場所を選択して効率的に業務に取り組むことができる環境を整えて、生産性の最大化を推進してきました。これらの取り組みにより、新型コロナウイルス感染症の影響下において、最適なタイミングで迅速に全面的な在宅勤務体制に移行し、業務効率と成果を確保して事業を継続することができました。ソフトバンクは、オフィスにおけるソーシャルディスタンス(社会的距離)を確保すると同時に、個人と組織の生産性を最大化することを目的に、6月1日から在宅勤務やサテライトオフィスの活用、外出先への直行・直帰などを、それぞれ回数制限なく組み合わせることができる新たなワークスタイルを導入し、1日当たりの出社人数を5割以下に維持することを目標とします。オフィスはチームビルディングやコラボレーション、イノベーションの創出の場として、一方、自宅は集中して業務を行う場として位置付けて、部門ごとの業務特性に合わせた最適なワークスタイルを推進します。なお、社内会議は原則オンラインでの実施とし、社外会議もオンラインでの開催を強く推奨することで、オフィスへの移動や出張にかかる時間とコストを削減します。2020年5月下旬に実施した社員アンケートでは、部長層以上、課長層、その他の社員のそれぞれ約8割が、全面的な在宅勤務体制への移行前と比較して、個人の生産性が向上した、または維持されたと回答した他(回答者数:1万3,275人)、部長層以上、課長層のそれぞれ約7割が組織の生産性が向上した、または維持されたと回答しました(回答者数:3,655人)。また、約8割が週2〜4日の在宅勤務が最も成果を出しやすい働き方であると回答しました(回答者数:1万3,275人)。ソフトバンクはすでに、コアタイムのないスーパーフレックスタイム制度や役割・成果に応じた評価制度など、場所を問わない新しいワークスタイルに適した制度を導入していますが、今後、社員がより主体的に働きやすく、また成果を可視化しやくするための仕組みや制度を検討します。また、2020年度中に移転する新本社は、オープンイノベーションの創出に最適化されたコミュニティー型ワークスペースをグローバルで展開するWeWorkがデザインし、オフィスをチームビルディングやコラボレーションの場などとして位置付ける、新しいワークスタイルのコンセプトに沿った設計になっています。ソフトバンクは、ITツールの活用と革新的な人事制度によるワークスタイルで業務効率と生産性の向上を実現するモデル企業として、企業や各種団体の皆さまへさまざまな提案をできるよう取り組みます。[注]※
2020年6月19日	新型コロナウイルス感染症の影響により授業の実施が困難な全国の大学・短期大学に「Cloud Campus」を1年間無償提供	https://pro.cyber-u.ac.jp/release/6115/	2020年3月31日株式会社サイバー大学ソフトバンクグループの株式会社サイバー大学(所在地:福岡市東区、代表取締役兼学長:川原 洋)は、新型コロナウイルス感染症の影響により教室で授業を行うことが困難な全国の大学および短期大学に対し、統合型オンライン教育プラットフォーム「Cloud Campus(クラウドキャンパス)」を、授業の運営に必要な機能を全て備えて2021年3月末まで無償提供します。令和2年3月24日付の文部科学省高等教育局長による通達「令和2年度における大学等の授業の開始等について」(注1)において、感染拡大の防止と学生の学修機会確保の観点から、学事日程の変更や遠隔授業の活用などが推奨されています。サイバー大学は、大学および短期大学の教員や職員などの関係者が、オンラインで遠隔授業を実施できるよう、「Cloud Campus」の無償提供を通してサポートします。「Cloud Campus」無償提供の概要
2020年6月23日	新型コロナウイルス感染症拡大防止対策の効果検証に貢献するため、人流解析結果の無償公開エリアを100カ所へ拡大～全国2万カ所の解析準備が完了、無償公開エリアを順次追加～	https://www.agoop.co.jp/news/detail/20200428_01.html	ソフトバンク株式会社の子会社で、位置情報を活用したビッグデータ事業を手掛ける株式会社Agoop(アグープ、本社:東京都渋谷区、代表取締役社長 兼 CEO:柴山 和久、以下「Agoop」)は、全国の地方自治体や報道機関などでの新型コロナウイルス感染症拡大防止対策の効果検証に向けたデータの活用を目的として、全国49カ所の主要な駅や観光地などでの人の流れを解析した「新型コロナウイルス拡散における人流変化の解析」を、日次でウェブサイトに無償公開してきました。このたびの緊急事態宣言の全国への拡大を受け、2020年4月28日から無償公開エリアを100カ所へ順次拡大します。「新型コロナウイルス拡散における人流変化の解析」は、Agoopが保有するメッシュ型流動人口データを集計して、前日までの主要な駅や観光地などのエリアにおける1時間ごとの人流推移を表したグラフで、2020年1月1日から公開前日までの人の流れの変化を把握することができます。また、従来のシステム導入など、操作が難しいツールを使用する必要はなく、簡単に、すぐに人流変化の推移グラフをPDFファイルで閲覧していただくことが可能です。このたび全国2万カ所の解析準備が完了し、無償公開エリアを全国に拡大することにより、前日までの時間帯別の外出人口などが新型コロナウイルス感染症拡大防止に係る対応で、どのように変化したかを容易に把握していただくことが可能となり、今後の施策などに活用していただくことができます。無償公開エリアについては、お客さまからのご要望を含め、Agoop内で調査・検討を行い、順次追加していきます。なお、グラフの元データを提供することも可能です。ご希望の場合は、下記のフォームからお問い合わせいただくと、CSVデータを提供します。https://www.agoop.co.jp/contact_analysis_coronavirus/また、「新型コロナウイルス拡散における人流変化の解析」に掲載されていない任意のエリア・地点については、地方自治体・公共機関を対象に、人の流れを自動的にグラフで可視化する分析ツール「Papilio(パピリオ)」の無償トライアルプランの提供を開始します。地方自治体向け「Papilio」の無償トライアルプランの概要 ・分析可能エリア: 全国の市区町村、駅、観光地、商業施設など(約2万カ所) ・分析可能期間: 2020年1月1日～前日まで(前日のデータは日次連携で更新) ・機能: グラフによる任意のエリア・地点の人流変化の時系列表示、流入元エリアの区分表示 ・利用例: 全国の駅・観光地・商業施設・公園などの人流変化の調査、消費者動向の調査など ・対象: 地方自治体、公共機関 ・料金: 無償 ・提供開始日: 2020年5月11日(月)申し込みをご希望の方は、下記のフォームからお問い合わせください。(5月11日から順次対応)https://www.agoop.co.jp/contact/Agoopは、新型コロナウイルス感染症対策に役立てる取り組みを実施するため、価値あるデータを提供できるよう、位置情報ビッグデータの利活用にまい進していきます。
2020年6月23日	新株予約権（ストックオプション）の発行に関するお知らせ（会社法第236条、第238条および第240条の定めに基づく新株予約権の発行）	https://www.softbank.jp/corp/news/press/sbkk/2020/20200624_02/	新株予約権(ストックオプション)の発行に関するお知らせ(会社法第236条、第238条および第240条の定めに基づく新株予約権の発行)2020年6月24日ソフトバンク株式会社当社は、本日開催の取締役会において、会社法第236条、第238条および第240条の規定に基づき、当社の執行役員および従業員に対し、以下のとおり新株予約権(以下「本新株予約権」)を発行することを決議いたしましたので、お知らせいたします。Ⅰ. 新株予約権を発行する目的当社の業績と当社の執行役員および従業員の受ける利益とを連動させるとともに、株主との利害を一致させることにより企業価値向上に対する意欲を高めるため、当社の執行役員および従業員に対し、本新株予約権を発行します。Ⅱ. 新株予約権の発行要領1. 新株予約権の内容(1)新株予約権の目的である株式の種類および数本新株予約権(発行要項に基づき発行される新株予約権をいう。以下同じ。)の目的である株式の種類は当社の普通株式とし、本新株予約権1個当たりの目的である株式の数(以下「付与株式数」)は、100株とする(本新株予約権全体の目的である株式の総数は409,800株が当初の上限となる。)。ただし、当社が本新株予約権の割当日後に当社普通株式の株式の分割または併合を行う場合は、次の算式により付与株式数を調整するものとし、本新株予約権全体の目的である株式の総数もそれに従って調整される。なお、かかる調整は、本新株予約権のうち、当該時点で権利行使されていない本新株予約権の付与株式数についてのみ行われ、調整の結果生じる1株未満の端数は切り捨てるものとする。また、上記のほか、本新株予約権の割当日後に本新株予約権の付与株式数の調整を必要とする場合は、当社は合理的な範囲で付与株式数の調整を行うことができるものとする。なお、かかる調整は、本新株予約権のうち、当該時点で権利行使されていない本新株予約権の付与株式数についてのみ行われ、調整の結果生じる1株未満の端数は切り捨てるものとする。(2)新株予約権の行使に際して出資される財産の価額 本新株予約権の行使に際してする出資の目的は金銭とし、本新株予約権の行使に際して出資される財産の本新株予約権1個あたりの価額は、本新株予約権を行使することにより交付を受けることができる株式1株当たりの金額(以下「行使価額」)を1円とし、これに上記(1)に定める付与株式数を乗じた金額とする。(3)新株予約権を行使することができる期間 本新株予約権を行使することができる期間(以下「行使期間」)は、2022年8月1日から2027年7月31日までとする。(4)増加する資本金および資本準備金に関する事項①本新株予約権の行使により株式を発行する場合における増加する資本金の額は、会社計算規則第17条第1項に従い算出される資本金等増加限度額の2分の1の金額とする。計算の結果1円未満の端数が生じたときは、その端数を切り上げるものとする。
2020年6月24日	日本初、Microsoft Azureのパートナー認定において「Azure Expert MSP」と「Azure Networking MSP」の二つの認定を取得～Microsoft Azureおよび関連ネットワークサービスの導入実績や技術力などが高評価～	https://www.softbank.jp/corp/news/press/sbkk/2020/20200213_02/	日本初、Microsoft Azureのパートナー認定において「Azure Expert MSP」と「Azure Networking MSP」の二つの認定を取得～Microsoft Azureおよび関連ネットワークサービスの導入実績や技術力などが高評価～2020年2月13日ソフトバンク株式会社ソフトバンク株式会社(以下「ソフトバンク」)は、マイクロソフト コーポレーションによるMicrosoft Azureのパートナー認定プログラムの最高位である「Microsoft Azure Expertマネージドサービスプロバイダー(MSP)」(以下「Azure Expert MSP」)と、Microsoft Azureのネットワークサービスに特化したパートナー認定プログラム「Microsoft Azure Networkingマネージドサービスプロバイダー」(以下「Azure Networking MSP」)の二つの認定を取得したことをお知らせします。この二つの認定を取得したのは、日本の企業で初めて※です。ソフトバンクは、企業のデジタルトランスフォーメーション(DX)を支援するために、日本マイクロソフトが提供するクラウドプラットフォーム「Microsoft Azure」をはじめとするさまざまなパブリッククラウドと、関連するネットワークやセキュリティーなどのソリューションを包括的に提供する「マルチクラウド戦略」を推進しています。その経験と実績を基に、パブリッククラウドの導入におけるコンサルティングから導入支援、運用までをフレームワーク化し、トータルでサポートするMSPサービスを2019年10月からMicrosoft Azure向けに提供しています。今回の二つの認定の取得は、ソフトバンクが「マルチクラウド戦略」を通して取り組んできた、企業へのMicrosoft Azureおよび関連ソリューションの導入実績や運用・管理における技術力の高さなどが評価されたものです。今後は、Microsoft Azureとニーズの高いクラウドサービスを組み合わせたソリューションを積極的に展開していく他、クラウドサービスを利用するためのネットワークサービスのラインアップを拡充していきます。また、日本マイクロソフトが提供する統合ソリューション「Microsoft 365」のE5(Microsoft Defender ATPなど)対応のマネージドセキュリティーサービス(MSS)や、Microsoft Azure上でデスクトップ仮想化を実現し、柔軟な働き方を可能にするWindows Virtual Desktopを中心としたソリューションも提供していく予定です。なお、現在Microsoft Azureに対応しているMSPサービスは、順次他のパブリッククラウドにも対応する予定です。今後もソフトバンクは、日本マイクロソフトをはじめとする国内外のパートナーと連携を深め、日本の企業のデジタルトランスフォーメーションを支援するためのさまざまな取り組みを進めていきます。「Azure Expert MSP」についてMicrosoft Azureパートナー認定プログラムの最高位である「Azure Expert MSP」は、Microsoft Azureのマネージドサービスを提供している優れたパートナーをスペシャリストとして認定するものです。認定を取得するためには、Microsoft Azureの導入実績のみならず、企業に最適な環境やソリューションを提供するための技術や専門知識、フレームワークなどの数十項目について、第三者機関による監査を受ける必要があります。これまでソフトバンクは、Microsoft Azureの提供のみならず、Microsoft Azureを活用したシステムやソリューションの設計・構築、通信事業者の強みであるネットワークを含めた高品質な運用サービスなどを通して、数百社に上る企業のデジタルトランスフォーメーションを支援してきました。こうしたMicrosoft Azureおよび関連クラウドサービスでの豊富な実践経験や技術力が高く評価され、このたび「Azure Expert MSP」に認定されました。「Azure Networking MSP」について「Azure Networking MSP」は、Microsoft Azureのネットワークサービスを活用してマネージドサービスを提供する優れたパートナーを認定するものです。企業のクラウドへの移行や、Microsoft Azureで実行しているアプリケーションの高速かつ安定的な稼働を実現するために必要となる、ネットワークのアーキテクチャーやデプロイ、運用、保守、最適化などの専門知識や技術を持ち、多くの導入実績がある事業者に与えられます。ソフトバンクは、「SmartVPN」をはじめとする自社の閉域網サービスとMicrosoft Azureの専用線接続サービス「ExpressRoute」を冗長接続するネットワークサービス「ダイレクトアクセス for Microsoft Azure」を2015年2月から提供しており、これまでに数百社にご利用いただいています。こうした導入実績やそれを支える技術力の高さが評価され、このたび「Azure Networking MSP」に認定されました。マイクロソフト コーポレーション コーポレートバイスプレジデント 沼本 健氏からのエンドースメント「我々は、お客さまが安心してデジタルトランスフォーメーションに取り組めるように、弊社パートナー向け『Azure Expert MSP』プログラムを立ち上げ、パートナーの非常に高い技術の習得とその向上をサポートしております。この度、ソフトバンクが『Azure Expert MSP』および『Azure Networking MSP』に認定されましたことを心より歓迎いたします。我々は、クラウドプラットフォーム Microsoft AzureとソフトバンクのITマネジメントサービス分野での高い技術力やノウハウを組み合わせることによって、お客さまのデジタルトランスフォーメーションを強力に支援できると考えております。また、『Azure Networking MSP』プログラムのパートナーとして、ソフトバンクはお客さまのクラウドへの移行の際にネットワークにおける専門性を発揮することでしょう。今回、ソフトバンクが『Azure Expert MSP』および『Azure Networking MSP』パートナーの1社となったことは、お客さまのデジタルトランスフォーメーションの成功を確実にするものです。我々は、さらなるマイルストーンをソフトバンクとともに達成することを楽しみにしています」関連するサービスの詳細およびお問い合わせについては、以下をご参照ください。「MSPサービス」について「ダイレクトアクセス for Microsoft Azure」について[注]※
2020年6月24日	日本初、スマートホームサービスに対応した 新世代のガス警報器「快適ウォッチSMART（スマート）」を発売～Wi-Fi・Bluetooth®通信モジュールを内蔵し、スマホアプリやマルチセンサーに標準対応～	https://www.encored.co.jp/archives/9803	～ Wi-Fi･Bluetooth®通信モジュールを内蔵し、スマホアプリやマルチセンサーに標準対応 ～2020年7月20日新コスモス電機株式会社エンコアードジャパン株式会社新コスモス電機株式会社(JASDAQ上場:証券コード6824、住所:大阪市淀川区、社長:髙橋良典、以下「新コスモス電機」)と、ソフトバンク株式会社の子会社であるエンコアードジャパン株式会社(本社:東京都港区、代表取締役 兼 CEO:中野 明彦、以下「エンコアード」)は、エンコアードのマルチセンサー「コネクトセンサー SEN1-FLG」(以下「コネクトセンサー」)と連携することで、日本初[1]となるスマートホームサービスに対応した新世代のガス警報器「快適ウォッチSMART(スマート) XW-735」(以下「快適ウォッチSMART」)を協力して開発しました。「快適ウォッチSMART」と「コネクトセンサー」のセットは、東邦ガス株式会社および西部ガス株式会社に採用され、東邦ガス株式会社より「みまもり警報器」として8月21日から、西部ガス株式会社より「快適ウォッチSMART」として9月1日から販売されます[2]。ガス警報器は、これまでガス漏れを検知することで安心安全をお客さまにお届けする重要な役割を果たしてきましたが、2015年に新コスモス電機が発売した「快適ウォッチ」が温湿度センサーを搭載することで熱中症の危険や乾燥をお知らせする機能に対応するなど、ガス警報器の高機能化がすすんでいます。今回、エンコアードが持つ最新の通信ソリューションや、AI(人工知能)エッジコンピューティング技術を内蔵したオールインワンサービス「コネクト」[3]をガス警報器向けにカスタマイズすることで、ガス警報器の基本機能を拡充するとともに、「簡易セキュリティ」や「警報器リモートアラーム」、「熱中症予防」、「家族みまもり」などのスマートホームサービスに対応しました。[1] スマートホームサービスに対応したガス警報器として。(新コスモス電機調べ 2020年7月20日現在)[2] 本商品は採用先である東邦ガス株式会社および西部ガス株式会社からも本日ニュースリリースがされています。[3] オールインワンサービス「コネクト」の詳細は2020年6月30日に発表されたプレスリリース(https://www.encored.co.jp/archives/9689)をご覧ください。新世代ガス警報器と一般的なガス・CO警報器の違い新型コロナウィルス感染症の拡大防止に向けて、ステイホームの推奨や在宅勤務の拡大など、おうち時間が増加しています。新コスモス電機とエンコアードは新世代ガス警報器を、生活環境をより快適にするサービスを提供するための中心的なハードウエアへと進化させ、今後のガス警報器のスタンダードサービスの1つとして新たな需要開拓を目指します。システム構成快適ウォッチSMART・コネクトセンサーが提供する5つのサービスガス漏れ・一酸化炭素(CO)お知らせガス漏れや一酸化炭素(CO)発生を検知した際に、ランプと音声でお知らせし、スマホアプリに対しプッシュ通知を行います。熱中症注意・乾燥お知らせガス警報器に内蔵された温湿度センサーにより台所の温度と湿度を監視して、熱中症になりやすい環境や空気が乾燥している環境をランプと音声でお知らせし、スマホアプリに対しプッシュ通知を行います。また、コネクトセンサーに内蔵された温湿度センサーにより、コネクトセンサーを設置した室内において熱中症になりやすい環境を検知した際にも、スマホアプリに対しプッシュ通知を行います。[4]簡易セキュリティ・威嚇音声不在の設定をした時間帯に玄関や窓の開閉を検知した際、スマホアプリに対しプッシュ通知を行います。スマホアプリを操作することでガス警報器から威嚇音声を鳴らすことができます。[4]生活みまもり万が一、高齢のご家族が住宅内で動けなくなった場合など、設定した時間帯にドアの開閉が指定した時間以上検知できなかった際に、スマホアプリにプッシュ通知を行います。[4]帰宅確認設定した時間帯にランドセルなどに入れたコネクトセンサーとガス警報器との通信を検知した際に、スマホアプリに対しプッシュ通知を行います。[4][4] 1サービスに対してコネクトセンサーが1台必要となります。「快適ウォッチSMART」「コネクト」の技術的な2つの特長サービス拡張性「快適ウォッチSMART」は、エンコアードのオールインワンサービス「コネクト」をベースにカスタマイズし、「見守りサービス」および「管理サービス」に対応しました。今後お客さまのニーズに合わせ、その他スマートホームサービスを拡張することが出来ます。AIエッジコンピューティングによる継続した進化「快適ウォッチSMART」は、「コネクトセンサー」から受領するデータを、エンコアード独自のエッジコンピューティング技術によりガス警報器内で処理し、サービスの提供に必要な判断を自動で行います。また、遠隔からガス警報器のソフトウエアをアップデートすることで、新たなサービスを追加し進化し続けることができます。新コスモス電機とエンコアードは、新世代ガス警報器「快適ウォッチSMART」を、今後のガス警報器のスタンダードの1つとして全国への普及を目指してまいります。【本製品及びコネクトセンサーのサービス紹介動画】こちらから動画がご覧いただけます(外部リンク)この報道発表資料に記載されている内容、製品・サービスの価格、仕様、問い合わせ先およびその他の情報は、発表日時点のものです。これらの情報は予告なしに変更される場合があります。「快適ウォッチSMART」は新コスモス電機の登録商標です。「コネクト」はエンコアードの登録商標です。「Bluetooth®」は、Bluetooth SIG, Inc.の登録商標です。「Wi-Fi」は、Wi-Fi Allianceの登録商標です。
2020年6月24日	日進市とソフトバンクが、子育て支援等の事業連携に関する協定を締結	https://www.softbank.jp/corp/news/press/sbkk/2020/20200218_01/	日進市とソフトバンクが、子育て支援等の事業連携に関する協定を締結2020年2月18日日進市ソフトバンク株式会社愛知県の日進市(市長:近藤 裕貴)とソフトバンク株式会社(本社:東京都港区、代表取締役 社長執行役員 兼 CEO:宮内 謙、以下「ソフトバンク」)は、ICT(情報通信技術)を活用し、日進市における「日進市子ども・子育て支援事業計画」※1のさらなる推進を図ることを目的とした、子育て支援等の事業連携に関する協定を締結しましたのでお知らせします。この連携協定の締結は、「日進市子育て支援等の官民連携に関する提案募集」にソフトバンクが応募し、採用されたことによるものです。また、ソフトバンクが子育て支援に特化した連携協定を締結するのは初めてです。日進市は、都市近郊にありながら緑豊かな環境に恵まれ、子育て世代の転入の増加や、毎年千人近い出生があることから、子育てへのニーズが高く、「日進市子ども・子育て支援事業計画」のさらなる推進が必要となっています。ソフトバンクは、「日進市による子育て支援の提案募集」に対し、ICTを活用して子どもの成長・発達記録を電子化したウェブサービスや、保育士の業務負荷軽減を図るアプリ、AI(人工知能)、RPA※2、IoTを活用した子育て関連の事務の効率化などの提案を行った結果、子育て支援事業の課題解決に実現性があると判断され、両者による連携協定の締結が実現しました。今後日進市とソフトバンクは、両者が有するノウハウや人的ネットワーク等を施策・事業の展開に活かし、相互に連携して保育や子育て環境の整備に関する行政課題の解決を図り、市民サービスの充実に向けて取り組んでいきます。1. 締結日令和2(2020)年2月18日2. 連携事項(1)
2020年6月24日	有線給電ドローン無線中継システムの実証実験に成功	https://www.softbank.jp/corp/news/press/sbkk/2020/20200709_01/	有線給電ドローン無線中継システムの実証実験に成功2020年7月9日ソフトバンク株式会社双葉電子工業株式会社ソフトバンク株式会社(以下「ソフトバンク」)と双葉電子工業株式会社(以下「双葉電子」)は、災害発生時に携帯電話のサービスエリアを迅速に復旧させることを目的とした「有線給電ドローン無線中継システム」(以下「本システム」)を、国立大学法人東京工業大学工学院 藤井 輝也研究室(以下「東京工業大学」)と共同で開発し、千葉県市原市にあるドローン飛行場において、本システムの長時間無線中継を行う実証実験に成功しましたのでお知らせします。この実証実験の実施に当たり、総務省関東総合通信局から、フィールド実証評価を行うための実験試験局の免許を取得しています。本システムは、双葉電子が開発したドローンをベースに、ソフトバンク、東京工業大学および双葉電子が共同で有線給電対応に改装した後に、ソフトバンクと東京工業大学が共同開発した無線中継装置と有線給電システムを搭載し、3者が共同で長時間の飛行による無線中継の実証実験を行いました。本システムは、ソフトバンクの全国の主要なネットワークセンターに配備されている「係留気球無線中継システム」※1と併用して、自然災害などにより支障が生じた携帯電話サービスエリアを、より迅速に復旧させることを目的に開発したものです。本システムは、地上に設置した無線中継装置(親機)と、ドローンに搭載した無線中継装置(子機)で構成されています。ドローンの飛行と搭載した無線中継装置(子機)に必要な電力を、地上から有線給電することで長時間の運用を可能にしています。また、係留気球無線中継システムは運用開始までに現地到着後半日程度の準備時間が必要ですが、本システムは現地到着後1時間以内で運用を開始することができます。また、本システムは係留気球よりも小型なため、現地への運搬が容易です。本システムは非再生周波数変換リピーターを用いており、無線周波数や送信電力、無線中継距離、同時接続数、最大通信容量などの仕様は、係留気球無線中継システムと同一です。例えば、ドローンを地上100メートルに停留飛行させることで、親機と子機間の中継距離を10キロメートル、サービスエリアを郊外地では半径3キロメートル以上、見通しの良いエリアでは半径5キロメートル以上確保できます。無線中継装置(子機)を搭載したドローンは自律飛行に対応しており、現地で操縦装置(プロポ)により設定する自律飛行を基本としますが、現地の急な天候の変化などに柔軟に対応するために、ソフトバンクと東京工業大学が共同開発した遠隔地からの目視外での手動操縦を可能とする「ケータイドローン飛行制御システム」※2を併せて利用できます。災害現場では利用できる通信ネットワークが被災状況に応じて制限されますが、本システムは、親機装置を基地局に直接接続して無線中継する方法や、基地局の電波を親機装置で受信して無線中継する方法、基地局の代わりに通信衛星の電波を受信して無線中継する方法など、通信ネットワークの被災状況に応じて柔軟に選択できます。また、災害時の運用に当たっては、即時かつ短期間で運用する場合は本システムを活用し、1カ月以上の長期間で運用する場合は係留気球無線中継システムを活用するなど、被災地の状況に応じた運用を想定しています。2020年6月22日に電波法関係審査基準※3が改正され、ドローンに無線中継システムを搭載して運用できるようになりました。本システムは改正された電波法関係審査基準に準拠する仕様であり、今後、災害時や遭難救助およびその訓練時に使用できます。ソフトバンクと双葉電子は、今回の実証実験を通して得たノウハウやデータを基に、東京工業大学と共同で本システムの実用化に向けた開発を推進し、災害時の迅速なサービスエリアの復旧に活用していきます。[注]※1
2020年6月25日	東京都が実施する「スマート東京」の実現に向けたプロジェクトに「Smart City Takeshiba」が採択	https://www.softbank.jp/corp/news/press/sbkk/2020/20200717_02/	東京都が実施する「スマート東京」の実現に向けたプロジェクトに「Smart City Takeshiba」が採択2020年7月17日一般社団法人竹芝エリアマネジメント東急不動産株式会社鹿島建設株式会社一般社団法人CiP協議会ソフトバンク株式会社一般社団法人竹芝エリアマネジメント(所在地:東京都港区、代表理事:根津 登志之、以下「竹芝エリアマネジメント」)、東急不動産株式会社(本社:東京都渋谷区、代表取締役社長:岡田 正志、以下「東急不動産」)、鹿島建設株式会社(本社:東京都港区、代表取締役社長:押味 至一、以下「鹿島建設」)、一般社団法人CiP協議会(所在地:東京都港区、理事長:中村 伊知哉、以下「CiP協議会」)およびソフトバンク株式会社(本社:東京都港区、代表取締役 社長執行役員 兼 CEO:宮内 謙、以下「ソフトバンク」)の5者は、竹芝地区(東京都港区)において共同で推進するプロジェクト「Smart City Takeshiba(スマートシティ竹芝)」が、「スマート東京」の実現に向けて東京都が公募したプロジェクトに採択されたことをお知らせします。今後、竹芝地区において収集した多様なデータをさまざまな事業者がリアルタイムで活用できるデータ流通プラットフォーム(都市OS)を開発するとともに、先端技術を活用したサービスを展開し、地域の課題解決や付加価値の創出を実現するモデルケースの構築を目指します。東京都による公募の結果の詳細は、以下URLをご覧ください。URL「Smart City Takeshiba」について1. 背景竹芝地区では、東急不動産と鹿島建設が2社共同で開発する「東京ポートシティ竹芝」(2020年9月14日開業予定)において、CiP協議会を中心に、複数の事業者が連携してデジタル×コンテンツ産業の集積による国際ビジネス拠点の形成を目指しています。また、竹芝エリアマネジメントが活動を行うエリアにおいて、東急不動産とソフトバンクは、2019年7月から最先端のテクノロジーを街全体で活用するスマートシティのモデルケースの構築に取り組んでおり、これらの取り組みの延長として「Smart City Takeshiba」を推進することになりました。2. プロジェクトの概要竹芝地区において収集した人流データや訪問者の属性データ、道路状況、交通状況、水位などのデータをリアルタイムでさまざまな事業者が活用できるデータ流通プラットフォームや、先端技術を活用したサービスなどを竹芝地区に実装することで、回遊性の向上や混雑の緩和、防災の強化などを実現し、竹芝および周辺地区の課題を解決します。分野を横断したサービスにより、地区の経済的発展と付加価値の創出を目指します。3. 推進体制実施主体:竹芝エリアマネジメント共同推進事業者:東急不動産、鹿島建設、CiP協議会、ソフトバンク[注]※
2020年6月25日	東北新幹線と上越新幹線の全区間のトンネル内で携帯電話サービスが利用可能に	https://www.softbank.jp/corp/news/press/sbkk/2020/20200609_01/	東北新幹線と上越新幹線の全区間のトンネル内で携帯電話サービスが利用可能に2020年6月9日ソフトバンク株式会社株式会社NTTドコモKDDI株式会社ソフトバンク株式会社、株式会社NTTドコモ、KDDI株式会社(以下「通信3社」)は、東北新幹線の「新青森駅(手前)～新青森駅」間と上越新幹線の「浦佐駅(手前)～浦佐駅」間のトンネル内で、2020年7月23日から携帯電話サービスの提供を開始します。これにより、東北新幹線と上越新幹線の全区間のトンネル内で携帯電話サービスをご利用いただけるようになります。通信3社は、今後もサービスエリア拡大や品質向上ならびにお客さまによりご利用いただきやすい環境の整備を進めていきます。1. サービス開始日2020年7月23日(木) 始発列車からサービス開始予定[注]※
2020年6月29日	東北電力による「宮城大郷ソーラーパーク」への事業参画について	https://www.sbenergy.co.jp/ja/news/pdf/press_20200605_01.pdf	
2020年6月30日	歩いてPayPayボーナスをGETしよう！ 「WalkCoinで総額222万円相当あげちゃうキャンペーン」を実施	https://www.agoop.co.jp/news/detail/20200120_01.html	株式会社Agoop(本社:東京都渋谷区、代表取締役社長 兼 CEO:柴山 和久、以下「Agoop」)とPayPay株式会社(本社:東京都千代田区、代表取締役社長執行役員CEO:中山 一郎)は、Agoopが提供するスマートフォン向けアプリ「WalkCoin(アルコイン)」で、1週間に1万歩以上歩くと抽選でPayPayボーナス(※)が当たる「WalkCoinで総額222万円相当あげちゃうキャンペーン」を、2020年1月20日から2月23日まで実施します。「WalkCoinで総額222万円相当あげちゃうキャンペーン」は、令和2年を記念して、抽選で総額222万円相当のPayPayボーナスをプレゼントするものです。「WalkCoin」を利用して1週間(月～日曜日)に1万歩以上歩くと、1月29日から2月26日の毎週水曜日の抽選(計5回)に応募できます。なお、PayPay株式会社は、新潟県の三条市と「キャッシュレス化推進に関する包括連携協定」を2019年11月に締結しており、今回のキャンペーンは連携事項の一つである「健康増進」に関する協議の過程で検討を重ね、実現に至ったものです。「WalkCoinで総額222万円相当あげちゃうキャンペーン」の概要URL: https://www.agoop.co.jp/apps/walkcoin_campaign/1. キャンペーン内容令和2年を記念して、抽選で総額222万円相当のPayPayボーナスをプレゼントします。「WalkCoin(アルコイン)」を利用して1週間(月～日曜日)に1万歩以上歩くと応募可能で、抽選でPayPayボーナス(1万円相当、1,000円相当、300円相当、100円相当、30円相当、10円相当)が当たります。2020年1月29日から2月26日の毎週水曜日に、抽選を計5回実施します。(最大5回応募可能)2. 実施期間2020年1月20日～2月23日
2020年6月30日	浜松市とMONET、次世代モビリティサービスによる持続可能な都市づくりに関する連携協定を締結	https://www.monet-technologies.com/news/press/2020/20200306_01/	浜松市(市長:鈴木 康友)とMONET Technologies株式会社(モネ・テクノロジーズ、本社:東京都港区、代表取締役社長 兼 CEO:宮川 潤一、以下「MONET」)は、次世代モビリティサービスによる持続可能な都市づくりに関する連携協定を、2020年3月6日に締結しました。この連携協定は、異なる交通手段や医療・福祉などの各種サービスの連携、モビリティ分野における先端技術およびデータの活用などの次世代モビリティサービスに関する取り組みを通して、持続可能な都市づくりを推進することを目的としたものです。
2020年6月30日	浜松市とソフトバンクが地方創生に関する包括連携協定を締結	https://www.softbank.jp/corp/news/press/sbkk/2020/20200323_03/	浜松市とソフトバンクが地方創生に関する包括連携協定を締結2020年3月23日浜松市ソフトバンク株式会社浜松市(市長:鈴木 康友)とソフトバンク株式会社(本社:東京都港区、代表取締役 社長執行役員 兼 CEO:宮内 謙、以下「ソフトバンク」)は、デジタル・スマートシティの推進や地域産業の活性化、シティプロモーションなどの地方創生に向けた取り組みの推進を目的とした包括連携協定を、2020年3月23日に締結しましたのでお知らせします。浜松市は、少子高齢化社会の到来やインフラの老朽化をはじめとした社会課題を踏まえ、AI(人工知能)などの先端技術やデータを活用して持続可能な都市づくりを推進することを目的とした「デジタルファースト宣言」を2019年10月に行い、都市づくりや市民サービスの提供、自治体運営の効率化に取り組んでいます。また、これまでにもソフトバンクのグループ会社であるSBドライブ株式会社と連携した「浜松自動運転やらまいかプロジェクト」や、MONET Technologies株式会社と連携した次世代モビリティサービスによる持続可能な都市づくりを推進しています。今回の包括連携協定締結を機に、浜松市とソフトバンクはさらに連携を進め、浜松市における地域活性化と地方創生の実現に向けて取り組んでいきます。1. 締結日2020年3月23日2. 連携事項(1)
2020年6月30日	消費者が公式サイトやアプリで商品を購入する理由は安心・お得感！ 事業者と消費者に関する2つの調査結果を公開～健康食品や化粧品を取り扱う事業者は公式サイトの運営強化が売り上げ向上のカギ～	https://www.sbpayment.jp/news/press/2020/20200427_000805/	消費者が公式サイトやアプリで商品を購入する理由は安心・お得感!事業者と消費者に関する2つの調査結果を公開～健康食品や化粧品を取り扱う事業者は公式サイトの運営強化が売り上げ向上のカギ～ソフトバンク株式会社の子会社であるSBペイメントサービス株式会社は、自社ブランド製品を販売している事業者に勤める1,844人と消費者1,924人を対象にそれぞれアンケート調査を実施しました。実施した調査結果の一部を抜粋してお知らせします。<調査背景>近年、自社で企画・製造した製品を、自社のECサイトやアプリなどのチャネルで販売する「D2C」というビジネスモデルが注目を浴びています。「D2C」とは「Direct to Consumer」の略で、「消費者に対して商品を直接的に販売する仕組み」を指します。「D2C」は、仲介業者を介さずに企画・製造・販売を自社で行うため、消費者との接点を増やして会社のビジョンやブランド思想を直接消費者に伝えることができたり、顧客データを細かく収集・蓄積できるなど多くのメリットがあります。特に、アパレルや美容業界などで「D2C」を展開する企業が増加しています。そこで今回、自社ブランド製品を販売する事業者に勤める人の「D2C」に対する認知度と、消費者の商品購入に関する意識についてそれぞれアンケート調査を実施しました。
2020年6月30日	湖西市とMONET、自動運転社会に向けた次世代モビリティサービスに係る業務連携協定を締結	https://www.monet-technologies.com/news/press/2020/20200123_01/	静岡県の湖西市(こさいし、市長:影山 剛士)とMONET Technologies株式会社(モネ・テクノロジーズ、本社:東京都港区、代表取締役社長 兼 CEO:宮川 潤一、以下「MONET」)は、自動運転社会に向けた次世代モビリティサービスに係る業務連携協定(以下「本協定」)を、2020年1月23日に締結しました。湖西市とMONETは、今後の社会情勢の変化に対応する新たな公共交通施策に関する検討を進めています。2019年8月には、自動運転車両の普及に向けた次世代運行サービス施策や、市内の移動における回遊性の向上、移動に係る諸問題の解決と利便性の拡充などを検討するにあたり、基本的条件を確認するための覚書を締結しました。今後両者は、このたび締結した本協定に基づいて、次世代モビリティサービスの社会実装に向けた実証実験などに取り組んでいきます。
