2020年4月3日	「新型コロナウイルス感染症の流行に伴うU25向け支援措置」の実施 -25歳以下の「1GB追加オプション」および「スピードモード」を50GBまで無償化-	https://www.nttdocomo.co.jp/info/news_release/2020/04/03_00.html	Tweet「新型コロナウイルス感染症の流行に伴うU25向け支援措置」の実施-25歳以下の「1GB追加オプション」および「スピードモード」を50GBまで無償化-<2020年4月3日>株式会社NTTドコモ(以下、ドコモ)は、全国の学校において、新型コロナウイルス感染症の感染拡大防止を目的に遠隔授業やオンライン学習を実施している状況を踏まえ、学生の通信環境を確保するため、「新型コロナウイルス感染症の流行に伴うU25向け支援措置」(以下、本支援)を実施いたします。本支援により、2020年4月1日(水曜)時点の契約者または利用者※1の年齢が25歳以下かつ、対象プランをご契約のお客さまを対象に、2020年4月および5月ご利用分の「スピードモード&reg;」ならびに「1GB追加オプション」を、50GBを上限に無償化いたします。「スピードモード」および「1GB追加オプション」は、当月のご利用可能データ量を超えた後も、1GBあたり1,000円(税別)のご利用料金で、快適にデータ通信をご利用いただけるサービスです。通信速度の制限前・制限後いずれからでもお申込みいただけます※2。本支援を通じて、自宅にWi-Fi環境のないお客さまも、データの追加購入によるご利用料金を気にすることなく、遠隔授業やオンライン学習をご利用いただけます。本支援の詳細は別紙の通りです。
2020年4月4日	（お知らせ）社員の新型コロナウィルス感染者の発生について（2020年4月10日更新）	https://www.nttdocomo.co.jp/info/news_release/detail/20200404_00_m.html	Tweet(お知らせ)社員の新型コロナウィルス感染者の発生について(2020年4月10日更新)<2020年4月4日>株式会社NTTドコモ(以下、ドコモ)のグループ社員が、新型コロナウィルス感染症の陽性反応が出たことが確認されました。ドコモでは、すでに設置している新型コロナウィルス緊急対策本部と所管保健所との連携を図り、対応を進めてまいります。1. 概要(2020年4月10日更新)対象社員  :1名最終出勤日 :4月1日(水曜)勤務地   :ドコモR&Dセンタ(神奈川県横須賀市、横須賀R&Dセンタ)(2020年4月9日更新)対象社員  :1名最終出勤日 :3月27日(金曜)勤務地   :ドコモCS関西(大阪府大阪市、梅田DTタワー)(2020年4月4日発表)対象社員  :1名最終出勤日 :3月31日(火曜)勤務地   :ドコモ九州支社(福岡県福岡市、西鉄薬院駅ビル)2. 対応内容勤務先ビルの消毒等感染拡大防止へ向けた所管保健所への協力ドコモでは新型コロナウィルス感染拡大防止の為、以下の対応を実施中です。・咳エチケット(マスクの着用)や、手洗い、うがいの徹底・在宅勤務、時差出勤の活用・大人数での会議自粛、Web会議の活用・海外出張の禁止、国内出張の自粛※その他新型コロナウィルス感染を踏まえた取り組みはこちらをご確認ください。新型コロナウイルス感染症の流行を踏まえた取り組みについて報道発表資料に記載された情報は、発表日現在のものです。仕様、サービス内容、お問い合わせ先などの内容は予告なしに変更されることがありますので、あらかじめご了承ください。
2020年4月4日	（お知らせ）販売代理店における新型コロナウィルス感染者の発生について（2020年8月10日更新）	https://www.nttdocomo.co.jp/info/news_release/detail/20200404_01_m.html	Tweet(お知らせ)販売代理店における新型コロナウィルス感染者の発生について(2020年8月10日更新)<2020年4月4日>株式会社NTTドコモ(以下、ドコモ)の販売代理店のスタッフにおいて、新型コロナウィルス感染症の陽性反応が出たことが確認されました。ドコモでは、すでに設置している新型コロナウィルス緊急対策本部と所管保健所との連携を図り、対応を進めてまいります。※以下に記載のドコモショップの営業時間などについてはこちらをご確認ください。ドコモショップ検索1.概要(2020年8月10日更新)対象スタッフ:1名最終出勤日:8月5日(水曜)販売代理店:ドコモショップなんば南店所在地:大阪府大阪市浪速区難波中2-2-15 高砂ビル 1階運営会社:マサニ電気株式会社(2020年8月7日更新)対象スタッフ:2名最終出勤日:8月5日(水曜)販売代理店:ドコモショップ小倉南インター店所在地:福岡県北九州市小倉南区徳吉西1-5-10運営会社:株式会社富士通パーソナルズリテールサービス(2020年8月6日更新)対象スタッフ:1名 ※法人営業業務に従事最終出勤日:8月3日(月曜)販売代理店:ドコモショップ健軍店所在地:熊本県熊本市東区若葉1-2-1運営会社:株式会社DNS(2020年8月6日更新)対象スタッフ:1名最終出勤日:8月2日(日曜)販売代理店:ドコモショップ有明ガーデン店所在地:東京都江東区有明2-1-8有明ガーデン 4階運営会社:コネクシオ株式会社(2020年8月4日更新)対象スタッフ:1名最終出勤日:7月27日(月曜)販売代理店:ドコモショップ中尾店所在地: 福岡県福岡市南区中尾3丁目39-15運営会社:株式会社TDモバイル(2020年8月4日更新)対象スタッフ:1名最終出勤日:7月30日(木曜)販売代理店:ドコモショップトリアス久山店所在地:福岡県糟屋郡久山町大字山田1169-1 トリアスモール内運営会社:MXモバイリング株式会社(2020年8月4日更新)対象スタッフ:1名最終出勤日:7月28日(火曜)販売代理店:ドコモショップ新守山店所在地:愛知県名古屋市守山区森宮町44運営会社:兼松コミュニケーションズ株式会社(2020年8月4日更新)対象スタッフ:1名最終出勤日:7月27日(月曜)販売代理店:ドコモショップ船橋店所在地:千葉県船橋市本町5丁目3-5運営会社:MXモバイリング株式会社(2020年8月4日更新)対象スタッフ:1名最終出勤日:7月22日(水曜)販売代理店:ドコモショップ朝倉街道店所在地:福岡県筑紫野市針摺東3-4-5運営会社:株式会社ティーガイア(2020年8月3日更新)対象スタッフ:1名最終出勤日:7月30日(木曜)販売代理店:ドコモショップざっしょのくま店所在地:福岡県大野城市雑餉隈町2丁目4-10運営会社:株式会社ラッキーネットワークサービス(2020年8月2日更新)対象スタッフ:1名最終出勤日:7月28日(火曜)販売代理店:ドコモショップ西新店所在地:福岡県福岡市早良区祖原1-1 テングッドシティ 1階運営会社:コネクシオ株式会社(2020年8月1日更新)対象スタッフ:1名最終出勤日:7月28日(火曜)販売代理店:ドコモショップ六本松店所在地:福岡県福岡市中央区梅光園2丁目40-1運営会社:株式会社ドコモCS九州(2020年7月27日更新)対象スタッフ:1名最終出勤日:7月23日(木曜)販売代理店:ドコモショップ那珂川店所在地:福岡県那珂川市中原2-40運営会社:株式会社ティーガイア(2020年7月27日更新)対象スタッフ:1名最終出勤日:7月23日(木曜)販売代理店:ドコモショップ朝倉街道店所在地:福岡県筑紫野市針摺東3-4-5運営会社:株式会社ティーガイア(2020年7月26日更新)対象スタッフ:1名最終出勤日:7月22日(水曜)販売代理店:ドコモショップ柏駅西口店所在地:千葉県柏市旭町1-1-4 アサノビル 1階運営会社:イリオスネット株式会社(2020年7月22日更新)対象スタッフ:1名最終出勤日:7月17日(金曜)販売代理店:ドコモショップ高幡不動店所在地:東京都日野市高幡1009-3-101運営会社:株式会社モバイルトラスト(2020年7月15日更新)対象スタッフ:1名最終出勤日:7月11日(土曜)販売代理店:ドコモショップ東戸塚店所在地:神奈川県横浜市戸塚区品濃町536-1オーロラモールアネックス館 7階運営会社:コネクシオ株式会社(2020年7月15日更新)対象スタッフ:1名最終出勤日:7月10日(金曜)販売代理店:ドコモショップ花小金井店所在地:東京都小平市花小金井1-3-30第二宮崎ビル 1階運営会社:コネクシオ株式会社(2020年7月14日更新)対象スタッフ:1名最終出勤日:7月10日(金曜)販売代理店:ドコモショップ鹿児島城西店所在地:鹿児島県鹿児島市原良1-7-5運営会社:コネクシオ株式会社(2020年4月4日発表)対象スタッフ:1名 ※主にバックヤード業務に従事最終出勤日:3月31日(火曜)販売代理店:ドコモショップ六本木店所在地:東京都港区六本木4-8-6パシフィックキャピタルプラザ1F運営会社:トム通信工業株式会社2.対応内容対象店舗の一時休業、スタッフの自宅待機対象店舗の消毒感染拡大防止へ向けた所管保健所への協力所管保健所への相談のもと、準備が整ったところで営業を再開予定3.販売代理店での各種対応についてドコモ販売代理店では新型コロナウィルス感染拡大防止の為、以下の対応を実施中です。・原則、来店予約の方のみ受付・不要不急の手続きはWebを積極的にご案内・座席間隔をあけたお客さま応対・店舗スタッフのマスク着用義務化・スタッフやお客さまが共通で使用する箇所や物品の除菌・スタッフの日々の健康状態の把握・記録の徹底・全店舗への対面接客用フェンスの配備・全店舗へのスタッフが着用するゴーグル、フェイスシールドの配備・スタッフ向けの集合型研修・試験の中止・延期の対応(一部WEB開催で実施)※その他新型コロナウィルス感染を踏まえたドコモの取り組みはこちらをご確認ください。新型コロナウイルス感染症の流行を踏まえた取り組みについて報道発表資料に記載された情報は、発表日現在のものです。仕様、サービス内容、お問い合わせ先などの内容は予告なしに変更されることがありますので、あらかじめご了承ください。
2020年4月7日	緊急事態宣言に伴う対応について	https://www.nttdocomo.co.jp/info/news_release/detail/20200407_01.html	Tweet緊急事態宣言に伴う対応について<2020年4月7日>本日、日本政府より新型コロナウイルス感染拡大に伴う緊急事態宣言が発令されました。ドコモグループでは、これまで通り安定的な通信サービスの提供に努めるとともに、お客さまやビジネスパートナーさま、社員などの安全を第一に考え、新型コロナウイルスの感染拡大抑止のため、以下の対応を実施してまいります。お客さまのご理解とご協力を賜りますよう、何卒よろしくお願い申し上げます。1. 通信事業について通信ネットワークの監視、措置におけるバックアップ体制などを活用し、指定公共機関としての責務である通信の確保に努めてまいります。2. 通信事業以外の各種サービスについて現在ご利用いただいている各種サービスについては、これまで通りご利用いただけるよう努めてまいります。なお、配送などを伴う一部サービスについては、遅延が発生する場合がございます。3. お客さま対応について(1)オンラインショップ、オンライン手続き新機種ご購入や各種お手続きにつきましては、これまで通りWebでの受付を実施してまいります。なお、オンラインショップにおいて、受付業務や購入商品を制限させていただく場合やご自宅への配送に通常より時間を要する場合がございます。また、ドコモショップの営業時間短縮および、限られたスタッフ数での対応となることから、ドコモショップ受取は停止いたします。オンラインでの新機種ご購入などはこちら(ドコモオンラインショップ)オンラインでの各種お手続きはこちら(My docomo)※ご利用時はdアカウントが必要になります。(2)コールセンター時差出勤、出勤社員の制限による席間隔の拡大と、一部体制を縮小するなどの対策を実施させていただいております。そのため、お電話がつながりにくくなる場合がございます。なお、今後は一部受付業務に制限させていただく場合がございます。お電話などでの各種お問い合わせはこちらスマートフォンやドコモ光の故障に関するお問い合わせはこちら(おたすけロボット)(3)ドコモショップ対象地域を含む全国のドコモショップは、原則※、時間短縮営業(午後4時まで)とします。なお、ご来店にあたっては、原則、事前の来店予約のお客さまのみを受付とします。※モール内にあるドコモショップについては、モール内の営業体制に準じるため、臨時休業の場合がございます。最新の営業状況をご確認ください。ドコモショップの営業状況はこちら来店不要で各種手続きも可能ですので、オンラインショップ、オンライン手続き、インフォメーションセンターなどをご利用ください。(4)法人のお客さま法人のお客さまへの対応業務は、体制を縮小しつつ引き続き継続してまいります。そのため、商品出荷の遅れや、お問い合わせ先へのお電話がつながりにくい状況、ご回答の遅れなどが生じております。その他、新型コロナウイルス感染を踏まえたドコモの取り組みはこちらをご確認ください。新型コロナウイルス感染症の流行を踏まえた取り組みについて報道発表資料に記載された情報は、発表日現在のものです。仕様、サービス内容、お問い合わせ先などの内容は予告なしに変更されることがありますので、あらかじめご了承ください。
2020年4月13日	「トルカ」サービスの提供を終了	https://www.nttdocomo.co.jp/info/news_release/2020/04/13_00.html	Tweet「トルカ」サービスの提供を終了<2020年4月13日>株式会社NTTドコモ(以下、ドコモ)は、おサイフケータイをリーダ/ライタにかざすことによってクーポン券や店舗案内といった情報を、スマートフォンや携帯電話に取り込むことができる「トルカ&reg;」を、2020年9月10日(木曜)に終了させていただきます。「トルカ」は、2005年の902iシリーズから提供を開始し、「おサイフケータイ」利用シーンの拡大を牽引したサービスです。例えばCDショップ等でおサイフケータイを使って料金を支払う際に、店舗から配信されるクーポン券やオススメ曲の情報、アーティスト情報等をスマートフォンや携帯電話内に取り込み、紙媒体で配布されていた情報を携帯電話内のみで閲覧・管理することが可能です。しかしながら、現在の事業環境に鑑み、経営資源を集中すべくサービスを終了させていただくこととなりました。今後のスケジュール:「トルカ」のサービス終了:2020年9月10日(木曜)午後1時30分ドコモは今後もお客さまへの一層のサービス向上に取り組んでまいります。
2020年4月13日	法人向け健康経営支援サービス「dヘルスケア for Biz」を提供開始 -スマホアプリやAIを活用し、企業の健康経営推進を実現-	https://www.nttdocomo.co.jp/info/news_release/2020/04/13_01.html	Tweet法人向け健康経営支援サービス「dヘルスケア for Biz」を提供開始-スマホアプリやAIを活用し、企業の健康経営推進を実現-<2020年4月13日>株式会社NTTドコモ(以下、ドコモ)は、法人向け健康経営支援サービス「dヘルスケア for Biz」(以下、本サービス)を2020年4月13日(月曜)から提供開始いたします。本サービスは、健康経営推進を目的とする法人向けサービスです。従業員がドコモの提供するdヘルスケア&reg;アプリ上で健康診断結果を確認できるほか、将来の生活習慣病などのリスクをシミュレーションする「AIリスク予測※1」、AIが予測したリスク結果を基に従業員ひとりひとりの健康状況に合わせ生活習慣改善を促すことを目的としたコンテンツやクイズを配信する「健康増進ミッション」などを提供いたします。本サービスで利用する健康診断データは、株式会社エヌ・ティ・ティ・データが提供している健康診断データ管理システム「Health Data Bank&reg;」と連携いたします。また、「AIリスク予測」にはドコモが自社開発した健診リスク予測技術が活用されており、機械学習によって、「メタボリックシンドローム」、「高血圧症」の発症リスクを予測いたします。従業員に継続してお使いいただけるよう健康行動に伴うインセンティブとして、ファーストフード店やコンビニエンスストアなどでも使えるdポイント(期間・用途限定)を個人のdアカウント&reg;に対して進呈いたします。また、dヘルスケアで提供している歩数や体重などの記録機能や健康コラムも併せてご利用いただけます。本サービスは、2019年5月から健康経営に関する福利厚生の一環として、NTTグループ社員向けに提供してまいりましたが、他企業から法人向けの健康サービスについてのお問い合わせを多くいただいたため、このたびNTTグループ以外の企業に対しても提供を開始することとなりました。今後もドコモは、本サービスの提供等により、企業の健康経営のサポートに努めてまいります。なお、詳細は別紙のとおりです。
2020年4月16日	新しいiPhone SEに関するお知らせ	https://www.nttdocomo.co.jp/info/news_release/2020/04/16_00.html	Tweet新しいiPhone SEに関するお知らせ<2020年4月16日>株式会社NTTドコモ(以下、ドコモ)は、パワフルでお求めやすい新しいiPhone SEを発売します。iPhone SEは、スマートフォン史上最速であるA13 Bionicチップを搭載し、他にないパフォーマンスと優れたバッテリー駆動時間のほか、ポートレートモードの利点を引き出すiPhoneとして最高のシングルカメラシステムを提供いたします。iPhone SEは、防水防塵にも対応した人気のデザインで、黒、白、(PRODUCT)REDの3つの美しい色をご用意しています。予約受付は、2020年4月20日(月曜)午前10時から、全国のiPhone取扱店およびドコモホームページで行い、発売開始は4月27日(月曜)となります。iPhoneの詳細はアップル社のウェブサイトをご覧ください。
2020年4月17日	（お知らせ）全国ドコモショップにおける受付業務の縮小について（2020年5月11日更新）	https://www.nttdocomo.co.jp/info/news_release/detail/20200417_00_m.html	Tweet(お知らせ)全国ドコモショップにおける受付業務の縮小について(2020年5月11日更新)<2020年4月17日>株式会社NTTドコモは、他人との接触を8割削減させるという日本政府の基本方針を踏まえた総務省からの感染拡大防止に関わる取り組み強化の要請を受けて、2020年4月21日(火曜)から2020年5月31日(日曜)まで、全国のドコモショップにおいて、店頭で受付する業務内容を縮小させていただきます。4月21日(火曜)より、ドコモショップ店頭においては、通信サービス利用に必要な業務(スマートフォンや携帯電話などの修理、故障に伴う機種変更、新規ご契約、等)に限定し、それ以外の手続きなどについては、原則ウェブサイトでの受付※1とします。ドコモは、通信サービスを安定的に提供し通信事業者としての責務を果たすとともに、お客さまや販売スタッフの安全を最優先とし、新型コロナウイルスの感染拡大の防止に努めてまいります。お客さまにはご迷惑をお掛けしますが、ご理解賜りますようお願い申し上げます。現在当社コールセンターにおいて、時差出勤、出勤社員の制限による座席間隔の拡大などの対策を実施し、お問い合わせ先への電話がつながりにくい状況となっているため、ウェブサイトでのお手続きにお客様のご理解賜りますようお願い申し上げます。
2020年4月19日	（お知らせ）iPhone SE発売日の延期について	https://www.nttdocomo.co.jp/info/news_release/detail/20200419_00.html	Tweet(お知らせ)iPhone SE発売日の延期について<2020年4月19日>株式会社NTTドコモは、他人との接触を8割削減させるという日本政府の基本方針を踏まえて、iPhone SEの発売日を4月27日(月曜)から5月11日(月曜)に延期させていただきます。 予約受付は、4月20日(月曜)からドコモオンラインショップ、ドコモホームページにて開始いたします。 お客さまにはご迷惑をお掛けしますが、ご理解賜りますようお願い申し上げます。報道発表資料に記載された情報は、発表日現在のものです。仕様、サービス内容、お問い合わせ先などの内容は予告なしに変更されることがありますので、あらかじめご了承ください。
2020年4月22日	（お知らせ）「Galaxy S20+ 5G Olympic Games Edition SC-52A」の発売中止について	https://www.nttdocomo.co.jp/info/news_release/2020/04/22_00.html	Tweet(お知らせ)「Galaxy S20+ 5G Olympic Games Edition SC-52A」の発売中止について<2020年4月22日>株式会社NTTドコモ(以下、ドコモ)は、2020年3月18日に今後発売予定の新端末として報道発表しました、サムスン電子の「Galaxy S20+ 5G Olympic Games Edition」の発売を中止いたします。本商品は、2020年7月の開幕に合わせた東京2020オリンピックモデルとして、発売に向けて準備を進めておりましたが、大会延期となることから、この度やむなく発売を中止させていただくこととしました。本商品の発売をお待ちいただいていたお客さまには多大なるご迷惑をおかけしましたことを、深くお詫び申し上げます。報道発表資料に記載された情報は、発表日現在のものです。仕様、サービス内容、お問い合わせ先などの内容は予告なしに変更されることがありますので、あらかじめご了承ください。
2020年4月27日	（お知らせ）「ドコモ スマートフォン LG V60 ThinQ 5G L-51A」を発売	https://www.nttdocomo.co.jp/info/news_release/2020/04/27_00.html	Tweet(お知らせ)「ドコモ スマートフォン LG V60 ThinQ 5G L-51A」を発売<2020年4月27日>株式会社NTTドコモ(以下、ドコモ)は、画面付き専用ケースを装着すると、2画面スマートフォンとして使えて、片方の画面をコントローラーとして使うことで、ゲーム機のような操作※1が可能となる「ドコモ スマートフォン LG V60 ThinQ 5G L-51A」を、2020年5月11日(月曜)に発売いたします。発売日:2020年5月11日(月曜)［全国一斉］
2020年4月28日	「新型コロナウイルス感染症の流行に伴うU25向け支援措置」の延長	https://www.nttdocomo.co.jp/info/news_release/2020/04/28_00.html	Tweet「新型コロナウイルス感染症の流行に伴うU25向け支援措置」の延長<2020年4月28日>株式会社NTTドコモ(以下、ドコモ)は、「新型コロナウイルス感染症の流行に伴うU25向け支援措置」(以下、本支援)を5月末まで実施しておりますが、緊急事態宣言が全国に拡大し未だ感染拡大の収束が見通せないことや、大学等におけるオンライン授業実施期間の延長方針を踏まえ、実施期間を2020年6月末まで延長いたします。本支援は、全国の学校において、新型コロナウイルス感染症の感染拡大防止を目的に遠隔授業やオンライン学習を実施している状況を踏まえ、学生の通信環境を確保するために実施しているものです。2020年4月1日(水曜)時点の契約者または利用者※1の年齢が25歳以下かつ、対象プランをご契約のお客さまを対象に、2020年4月から6月までのご利用分の「スピードモード&reg;」ならびに「1GB追加オプション」を、50GBを上限に無償化いたします。なお、ドコモではテザリングを利用する際の追加オプション料金や、テザリングに利用できるデータ量の制限などはございません。PC等でのオンライン学習にもご活用いただけます。本支援の詳細は別紙の通りです。別紙1 「新型コロナウイルス感染症の流行に伴うU25向け支援措置」延長の概要別紙2 「新型コロナウイルス感染症の流行に伴うU25向け支援措置」を利用したオンライン学習時の利用可能データ量の追加方法について別紙1 「新型コロナウイルス感染症の流行に伴うU25向け支援措置」延長の概要1. 実施期間2020年4月1日(水曜)～2020年6月30日(火曜)2. 支援内容「新型コロナウイルス感染症の流行に伴うU25向け支援措置」は、25歳以下を対象とした支援措置です。対象料金プランをご契約中のお客さまを対象として、「スピードモード」および「1GB追加オプション」のご利用料金(1,000円/1GB(税別))のお支払いを、50GBを上限に無償化いたします。支援措置詳細契約種別
2020年5月7日	新型コロナウイルス感染症の流行を踏まえた料金請求の取り扱いについて（期間延長）	https://www.nttdocomo.co.jp/info/news_release/2020/05/07_00.html	Tweet新型コロナウイルス感染症の流行を踏まえた料金請求の取り扱いについて(期間延長)<2020年5月7日>日本電信電話株式会社東日本電信電話株式会社西日本電信電話株式会社NTTコミュニケーションズ株式会社株式会社NTTドコモNTTファイナンス株式会社NTTグループ各社※1は、新型コロナウイルス感染症の流行を踏まえ、2020年5月末日まで延長している各社サービス料金等のお支払い期限を2020年6月末日まで延長します。料金請求の取り扱い
2020年5月11日	（お知らせ）「＋メッセージ」を活用した共通手続きプラットフォーム「AIRPOST」を構築 -デジタル革新の実装を推進し、お客さまの体験価値向上や社会全体の効率化を実現-	https://www.nttdocomo.co.jp/info/news_release/2020/05/11_00.html	Tweet(お知らせ)「+メッセージ」を活用した共通手続きプラットフォーム「AIRPOST」を構築-デジタル革新の実装を推進し、お客さまの体験価値向上や社会全体の効率化を実現-<2020年5月11日>株式会社ジェーシービー東京海上日動火災保険株式会社日本生命保険相互会社野村證券株式会社株式会社みずほ銀行株式会社三井住友銀行株式会社三菱UFJ銀行株式会社NTTドコモKDDI株式会社ソフトバンク株式会社トッパン・フォームズ株式会社株式会社ジェーシービー(代表取締役会長兼執行役員社長 浜川 一郎)、東京海上日動火災保険株式会社(取締役社長 広瀬 伸一)、日本生命保険相互会社(代表取締役社長 清水 博)、野村證券株式会社(代表取締役社長 森田 敏夫)、株式会社みずほ銀行(頭取 藤原 弘治)、株式会社三井住友銀行(頭取 CEO 髙島 誠)および株式会社三菱UFJ銀行(取締役頭取執行役員 三毛 兼承)の金融7社(五十音順)、株式会社NTTドコモ(代表取締役社長 吉澤 和弘)、KDDI株式会社(代表取締役社長 髙橋 誠)、ソフトバンク株式会社(代表取締役 社長執行役員 兼 CEO 宮内 謙)の携帯3社、ならびにトッパン・フォームズ株式会社(代表取締役社長 坂田 甲一)は、2019年4月の合意※1から検討を重ねてきた共通手続きプラットフォーム「AIRPOST(エアポスト)」の構築に賛同し、トッパンフォームズが2020年6月下旬(予定)からお客さま向けにサービスの提供を開始します。【デジタル革新の実装への取り組みについて】「AIRPOST」は従来お客さまが企業別に行う必要があった諸手続きを共通化し、高いセキュリティで安全・安心にご利用いただけるワンストップサービスです。携帯3社が提供するRCS(Rich Communication Services)に準拠したメッセージサービス「+メッセージ(プラスメッセージ)※2」との連携により、「AIRPOST」公式アカウントという共通のユーザーインターフェースでの一括手続きが可能となり、お客さまの利便性向上や各社の業務効率化を実現します。「AIRPOST」は6月下旬に口座振替の申し込み、2020年内には住所変更などの諸届けへの対応を予定しています。オープンプラットフォームである「AIRPOST」は、検討段階から携わっている金融機関の他、多数の企業・団体において参画や収納企業としての利用が検討されています。さらに災害時に発生する諸手続きや行政手続きへの対応、マイナンバーカードを活用した公的個人認証サービスとの連携など、機能拡張も予定されています。「AIRPOST」の提供は、金融7社ならびにトッパンフォームズが、経団連が公表する提言「Digital Transformation(DX)～価値の協創で未来をひらく～」におけるDX実装プロジェクトの一環で、面倒な諸手続きをまとめて楽に行う「ワンストップPJ」として生活者の価値実現を目指すものです。「AIRPOST」における各種サービスの提供により、お客さまの体験価値の向上や社会全体の効率化につながるよう、引き続きDX実装に向けた取り組みを推進してまいります。「AIRPOST」についてはこちらをご覧ください。URL:https://airpost.toppan-f.co.jp/service/【AIRPOST参画企業、参画検討企業】参画企業(順不同、カッコ内は参画予定時期)株式会社三菱UFJ銀行(6月予定)、三菱UFJファクター株式会社(6月予定)、株式会社武蔵野銀行(6月予定)、株式会社ジェーシービー(9月予定)、東京海上日動火災保険株式会社(12月予定)参画検討企業(五十音順)あいおいニッセイ同和損害保険株式会社、アイペット損害保険株式会社、株式会社秋田銀行、朝日生命保険相互会社、株式会社伊予銀行、株式会社岩手銀行、株式会社沖縄銀行、株式会社北日本銀行、株式会社静岡銀行、株式会社七十七銀行、株式会社ジャックス、株式会社十六銀行、住友生命保険相互会社、損害保険ジャパン株式会社、SOMPOひまわり生命保険株式会社、大東建託株式会社、東京海上日動あんしん生命保険株式会社、株式会社東北銀行、株式会社西日本シティ銀行、日本生命保険相互会社、野村證券株式会社、富国生命保険相互会社、株式会社みずほ銀行、三井住友海上あいおい生命保険株式会社、三井住友海上火災保険株式会社、株式会社三井住友銀行、三菱UFJ信託銀行株式会社、三菱UFJニコス株式会社、三菱UFJモルガン・スタンレー証券株式会社、明治安田生命保険相互会社、メディケア生命保険株式会社以上金融機関横断の共通手続きプラットフォームの構築に向けた検討について2019年4月23日に金融機関横断の共通手続きプラットフォームの構築に向けた検討の開始について、株式会社ジェーシービー、東京海上日動火災保険株式会社、日本生命保険相互会社、野村證券株式会社、および株式会社三菱UFJ銀行の金融5社、ならびにトッパン・フォームズ株式会社が合意。以降、みずほ銀行、三井住友銀行および携帯3社が検討に参画。「+メッセージ(プラスメッセージ)」について「+メッセージ」とは、GSMAで世界的に標準化されているRCS(Rich Communication Services)に準拠したメッセージサービスです。お客さまがメッセージを送受信する相手先の携帯電話会社を意識することなく快適にご利用いただけるよう、携帯電話番号だけでメッセージのやりとりができるコミュニケーションを豊かにするサービスとして、携帯3社が2018年5月に提供を開始し、2019年5月から企業向け公式アカウントサービスを提供しています。
2020年5月15日	代表取締役及び役員等の異動に関するお知らせ	https://www.nttdocomo.co.jp/info/news_release/2020/05/15_00.html	Tweet代表取締役及び役員等の異動に関するお知らせ<2020年5月15日>当社は、2020年5月15日開催の取締役会において、2020年6月16日付の監査等委員会設置会社に移行後の下記の異動の予定について決議いたしましたのでお知らせいたします。なお、本異動は2020年6月16日開催予定の定時株主総会、取締役会及び監査等委員会において正式に決定される予定です。監査等委員会設置会社への移行につきましては、2020年3月27日付の「監査等委員会設置会社への移行に関するお知らせ」にて別途開示しております。記1. 代表取締役の異動
2020年5月15日	組織の新設等	https://www.nttdocomo.co.jp/info/news_release/2020/05/15_01.html	Tweet組織の新設等<2020年5月15日>株式会社NTTドコモ(以下、ドコモ)は、2020年代の持続的成長に向けた中期経営戦略を実行するため、以下のとおり、組織の新設等を実施いたします。1. 組織変更の概要「マーケティングプラットフォーム本部」の新設、「スマートライフビジネス本部」の再編成ドコモでは、お客さまに日々ご利用いただく、ドコモやパートナーなどの提供するアプリ・メディアといった顧客接点の強化や、デジタルマーケティングの高度化による最適なご提案を通じた、お客さまの体験価値の更なる向上をめざすとともに、dポイントクラブの会員基盤を活かしたマーケティングソリューションの提供を通じて、各種加盟店などのパートナーとともにビジネス商流のさらなる拡大に取り組んでまいります。こうしたお客さまとパートナー、そしてドコモをつなぐマーケティングプラットフォームの進化を、より一層推進する体制とするため、「スマートライフビジネス本部」から「プラットフォームビジネス推進部」を分離して「デジタルマーケティング推進部」と統合し、これらを母体とする「マーケティングプラットフォーム本部」を新設いたします。また、金融・決済事業のさらなる拡大に加え、パートナーとの協創を通じた5G時代の映像・エンターテイメントなどを中心としたコンテンツ事業の強化、XRやヘルスケアなどの将来を見据えた新たな事業創造をより一層推進する体制とするため、「コンテンツビジネス部」および「ビジネスクリエーション部」を新設するとともに、「スマートライフビジネス本部」を再編成いたします。
2020年5月15日	（お知らせ）緊急事態宣言解除に伴う全国ドコモショップの営業体制について（2020年5月26日更新）	https://www.nttdocomo.co.jp/info/news_release/2020/05/15_02.html	Tweet(お知らせ)緊急事態宣言解除に伴う全国ドコモショップの営業体制について(2020年5月26日更新)<2020年5月15日>株式会社NTTドコモ(以下、ドコモ)は、他人との接触を8割削減させるという、日本政府の基本方針を踏まえ、2020年4月21日より全国のドコモショップにおいて、営業時間の短縮(午後4時まで)、受付業務の一部縮小(通信利用にかかわる業務、新規・故障など)を実施しておりますが、5月14日に日本政府より一部地域の緊急事態宣言が解除されたことを受け、営業体制を以下の通りとします。(下線部分が従来からの変更箇所)引き続き、混雑緩和のため、Webでのお手続きの積極的なご利用をお願い申し上げます。
2020年5月27日	（お知らせ）「モバイル空間統計 人口マップ」を提供開始 -最短1時間前の人口分布を把握できるサービスを期間限定で無償提供-	https://www.nttdocomo.co.jp/info/news_release/2020/05/27_00.html	Tweet(お知らせ)「モバイル空間統計 人口マップ」を提供開始-最短1時間前の人口分布を把握できるサービスを期間限定で無償提供-<2020年5月27日>株株式会社NTTドコモ株式会社ドコモ・インサイトマーケティング株式会社NTTドコモ(以下、ドコモ)および株式会社ドコモ・インサイトマーケティング(以下、DIM)は、新型コロナウィルス感染症の拡大防止に向けて、最短1時間前までの日本全国の人口分布を把握できる「モバイル空間統計 人口マップ」※1※2を、2020年5月27日(水曜)から2021年3月31日(水曜)まで無償提供いたします。「モバイル空間統計&reg;」は、ドコモの携帯電話ネットワークの仕組みをもとに作成される統計情報を提供するサービスです。そのサービスラインアップの一つとして、最短一時間前の人口分布が把握できる「国内人口分布統計(リアルタイム版)」※3を提供しています。「モバイル空間統計 人口マップ」はこの機能を活用し、日本全国の1辺500mメッシュ毎の人口分布を最短1時間前から過去24時間分、また前年同月※4の人口分布をホームページ上で簡単にご確認いただくことができるサービスです。ドコモのお客さまに限らず、どなたでもスマートフォンやパソコンなどから無償でご覧いただけます。「モバイル空間統計 人口マップ」ホームページhttps://mobakumap.jp今後は、一部エリアにおける性年代別、居住地別の人口分布の提供を6月に予定しています。これにより、新型コロナウィルス感染症の拡大防止に向け、お住まいのエリアや外出先のより詳しい情報をご確認いただくことができ、外出などの行動計画を検討いただきやすくなります。また、今後の地域経済回復に向けて、企業や自治体における各種施策の検討にご活用いただくことなども可能となります。ドコモおよびDIMは、今後も「モバイル空間統計」のさらなる機能拡充・改善に取り組むとともに、様々な分野での社会課題の解決を図ってまいります。モバイル空間統計は、ドコモの携帯電話サービス(2020年3月末時点で約8000万台)をお客さまに提供する過程で必要となる位置データや属性データなどの運用データを統計処理することによって作成された人口の推計値であり、お客さま個人を特定できない統計情報です。なお、法人名義の運用データなどは除去して推計しています。
2020年5月27日	（お知らせ）九州新幹線の全区間のトンネル内で携帯電話サービスが利用可能に（九州支社報道発表）	https://www.nttdocomo.co.jp/info/notice/kyushu/page/200527_00.html	地域からのお知らせ(九州・沖縄)九州新幹線の全区間のトンネル内で携帯電話サービスが利用可能に2020年5月27日株式会社NTTドコモKDDI株式会社ソフトバンク株式会社株式会社NTTドコモ、KDDI株式会社、ソフトバンク株式会社(以下「通信3社」)は、九州新幹線の「川内駅～鹿児島中央駅」間のトンネル内で、2020年5月30日(土)から携帯電話サービスの提供を開始します。これにより、九州新幹線の全区間のトンネル内で携帯電話サービスをご利用いただけるようになります。通信3社は、今後もサービスエリア拡大や品質向上ならびにお客さまによりご利用いただきやすい環境の整備を進めていきます。1.サービス開始日2020年5月30日(土) 始発列車からサービス開始予定2.サービスエリア拡大区間九州新幹線「川内駅～鹿児島中央駅」間(18トンネル、総延長約24km)3.サービス提供事業者株式会社NTTドコモKDDI株式会社ソフトバンク株式会社※ワイモバイルもご利用いただけます。4.事業概要トンネルなどの人工的な構築物により電波が遮へいされ、携帯電話などが利用できない地域において、移動通信用中継設備などを設置して携帯電話などが利用できるよう、電波の適正な利用を確保することを目的として実施されている「電波遮へい対策事業」に基づく国の補助金を活用して工事が行われています。<九州新幹線におけるトンネル内携帯電話サービスの状況>
2020年5月28日	（お知らせ）ドコモと鯖やグループが業務提携契約を締結 -ICTを活用した新たなサバ養殖モデルで水産業の発展に寄与-	https://www.nttdocomo.co.jp/info/news_release/2020/05/28_00.html	Tweet(お知らせ)ドコモと鯖やグループが業務提携契約を締結-ICTを活用した新たなサバ養殖モデルで水産業の発展に寄与-<2020年5月28日>株式会社NTTドコモ株式会社鯖や株式会社NTTドコモ(以下、ドコモ)と鯖やグループ(株式会社鯖や、株式会社SABAR、フィッシュ・バイオテック株式会社)は、ICTを活用した新たなサバ養殖モデル確立を目的に、2020年5月28日(木曜)に業務提携契約を締結いたしました。ドコモは、中期戦略2020「beyond宣言」にもとづき、「産業創出」を進めており、パートナー企業が推進する水産業の活性化やブランド化にICTブイなどのドコモのソリューションを活用することで、パートナーのビジネス拡大に取り組んでまいりました。鯖やグループは、「サバマーケット創造企業」として、株式会社鯖やがさば製品の製造・卸販売事業を、株式会社SABARが「とろさば料理専門店SABAR&reg;」を、フィッシュ・バイオテック株式会社(以下、フィッシュ・バイオテック)がサバを完全養殖するための種苗生産や観光施設の経営を始めとした海面養殖事業を展開しています。サバの生産から販売、観光資源としての活用など、サバのある生活をお客さまに提供することで、国内の水産流通構造に改革をもたらし、日本の水産業の発展と国内食糧自給力の向上に取り組んでまいりました。今回の提携を通じて、市場拡大が見込めるサバ養殖のICT化を推進し、勘や経験に頼らない新たなサバ養殖モデルの確立と、新たなサバ養殖モデルの全国展開による養殖業への新規事業者の参入促進をめざします。なお、今回の提携に併せて、2020年5月28日(木曜)より、和歌山県串本の鯖やグループの養殖漁場にて、ドコモのICT技術を活用し、安心・安全で美味しい養殖サバの安定供給を目的とした実証実験を開始いたします。業務提携概要新たなサバ養殖モデルの確立養殖生け簀内の水質測定データや作業日誌、成長記録、気象情報などの情報をICTを活用して自動で収集し、クラウド(以下、養殖管理クラウド)で一元管理することで、生育途中でも生存率や飼料転換効率※1などの養殖業における重要な経営指標を簡単に閲覧し、高い生存率と飼料転換効率に必要な条件の算出を可能とします。費用の大部分を占める飼料の給餌量最適化による儲かる養殖業の実現をめざします。
2020年5月28日	（お知らせ）「ディズニープラス」ディズニーと協業で国内独占提供開始 -「ドコモのギガプラン」とのセット割や限定デザインdポイントカード特典も提供-	https://www.nttdocomo.co.jp/info/news_release/2020/05/28_01.html	Tweet(お知らせ)「ディズニープラス」ディズニーと協業で国内独占提供開始-「ドコモのギガプラン」とのセット割や限定デザインdポイントカード特典も提供-<2020年5月28日>株式会社NTTドコモ(以下、ドコモ)は、ウォルト・ディズニー・ジャパン株式会社(以下、ディズニー)との協業により、ディズニーが提供する公式動画配信サービス「Disney+(ディズニープラス)」を、2020年6月11日(木曜)から提供を開始します。「ディズニープラス」はディズニーがグローバルでお届けする動画配信サービスで、ディズニー、ピクサー、マーベル、スター・ウォーズ、ナショナル ジオグラフィックの映画、TVシリーズ、そしてここでしか見ることができないオリジナル番組をご視聴いただくことができます。日本国内では、ドコモの独占提供※1となります。ドコモ回線をお持ちでないお客さまも「dアカウント&reg;」を登録※2いただくことでご入会いただけます。ドコモから「ディズニープラス」※3にご入会いただいた方は、月額700円(税抜)で、この「ディズニープラス」に加えて、特別映像や割引特典、デジタルコンテンツが楽しめるアプリ「Disney DX(ディズニーDX)」をご利用いただけます※4。初めて「ディズニープラス」にご入会の方は、加入月無料※5でお楽しみいただけます。ドコモでは、「ディズニープラス」の素晴らしい世界を皆さまに楽しんでいただくために、「ドコモのギガプラン」※6と「ディズニープラス」の両方にご加入のお客さまに、月々のご利用料金から700円(税抜)を12か月間割り引く「『ドコモのギガプラン』&『ディズニープラス』セット割キャンペーン」※7をご提供するほか、2020年6月11日(木曜)～7月31日(金曜)の期間にご入会した方※8への「dポイント1000万ポイント山分けキャンペーン」や、入会いただいた方全員に、6種類から選べる「ディズニープラス」限定デザインdポイントカードを進呈する施策をご用意しております。
2020年5月28日	（お知らせ）「Wi-Fi STATION SH-52A」を発売	https://www.nttdocomo.co.jp/info/news_release/2020/05/28_02.html	Tweet(お知らせ)「Wi-Fi STATION SH-52A」を発売<2020年5月28日>株式会社NTTドコモ(以下、ドコモ)は5G対応、受信時最大4.1Gbps※1のドコモ史上最速ルーター※2「Wi-Fi STATION SH-52A」を、2020年6月1日(月曜)に発売いたします。発売日:2020年6月1日(月曜)［全国一斉］
2020年5月28日	（お知らせ）厚生労働省と「新型コロナウイルス感染症のクラスター対策に資する情報提供等に関する協定」を締結	https://www.nttdocomo.co.jp/info/news_release/2020/05/28_03.html	Tweet(お知らせ)厚生労働省と「新型コロナウイルス感染症のクラスター対策に資する情報提供等に関する協定」を締結<2020年5月28日>株式会社NTTドコモ(以下、ドコモ)は、新型コロナウイルス感染症の拡大防止に向けて、今後も継続的かつ柔軟に統計データを提供するため、厚生労働省と「新型コロナウイルス感染症のクラスター対策に資する情報提供等に関する協定」を2020年5月28日(木曜)に締結しました※1。本協定は、厚生労働省を含む関係省庁からの統計データなどの提供要請を受け、人の接触行動を推定することなどにより、新型コロナウイルス感染症の感染拡大を防止する取組みを進めることを目的として締結するものです。NTTドコモは厚生労働省への情報提供として、「モバイル空間統計&reg;※2」のサービスラインアップの1つである国内居住者の人口分布統計を提供します。「モバイル空間統計」は、ドコモの携帯電話ネットワークの仕組みをもとに作成される人口統計情報であり、エリアにおける属性(性・年代・居住エリア)毎の人口やエリア間を移動する人口を把握できます。プライバシーを保護するため、運用データに、非識別化処理、集計処理、秘匿処理を行うことにより作成します。集団の人数のみを表す人口統計情報であるため、お客さま個人を特定することはできない情報です。ドコモはこれからも「モバイル空間統計」の情報を提供することで、より迅速かつ効果的な新型コロナウイルス感染症の拡大防止対策に貢献していくとともに、さまざまな社会課題の解決に向けて、さらなる人口統計情報の活用を推進していきます。
2020年5月29日	「i Bodymo」サービスの提供を終了	https://www.nttdocomo.co.jp/info/news_release/2020/05/29_00.html	Tweet「i Bodymo」サービスの提供を終了<2020年5月29日>株式会社NTTドコモ(以下、ドコモ)は、ドコモの健康支援サービス「i Bodymo&reg;」を、2020年8月31日(月曜)に終了させていただきます。「i Bodymo」は、2010年5月から提供を開始し、ドコモ初の健康系サービスとしてヘルスケア事業の発展の礎を築いてまいりました。「歩く」「食べる」など、日常の行動を気軽に楽しみながら続けることを応援するサービスで、歩数計測、ウォーキングやランニングの時間・距離、身長、体重、血圧、体脂肪などのバイタル データや食事の記録、毎日配信される管理栄養士の健康アドバイスが主な機能で、iモード&reg;およびAndroid&reg;向けに月額150円(税抜)で提供しています。しかしながら、現在の事業環境に鑑み、経営資源を集中すべくサービスを終了させていただくこととなりました。今後のスケジュール:dヘルスケア&reg;への移行キャンペーン:2020年5月29日(金曜)～2020年8月31日(月曜)新規受付停止:2020年6月30日(火曜)23時59分サービス終了: 2020年8月31日(月曜)23時59分ドコモは今後もお客さまへの一層のサービス向上に取り組んでまいります。なお、dヘルスケア(300円)への移行キャンペーン詳細は別紙のとおりです。別紙 「dヘルスケア(300円)」移行キャンペーン1. 概要キャンペーン期間内にエントリーいただき、かつ以下の応募条件のいずれかを満たした方へ「dポイント(期間・用途限定)300ポイント」プレゼントi Bodymoでためた歩数データ(2017年1月1日～2020年8月31日 最大44か月分)をdヘルスケアへ移行します。2. キャンペーン期間2020年5月29日(金曜)15時00分～2020年8月31日(月曜)23時59分3. 適用条件以下(1)～(4)のいずれかに該当する方
2020年5月29日	（お知らせ）「ドコモオープンイノベーションクラウド」の提供拠点を拡大 -東京に加えて、大阪、神奈川、大分の3拠点を新規開設-	https://www.nttdocomo.co.jp/info/news_release/2020/05/29_01.html	Tweet(お知らせ)「ドコモオープンイノベーションクラウド」の提供拠点を拡大-東京に加えて、大阪、神奈川、大分の3拠点を新規開設-<2020年5月29日>株式会社NTTドコモ(以下、ドコモ)は、ドコモのネットワーク網と接続したクラウドコンピューティング設備(以下、クラウド基盤)を用いたサービスである「ドコモオープンイノベーションクラウド&reg;」の提供拠点を拡大し、2020年5月29日(金曜)に大阪、神奈川、大分拠点を開設いたします。また、拠点拡大に合わせて、拠点間接続の提供を開始し、トレンドマイクロ社のソリューションを利用したネットワークセキュリティサービスの提供拠点も拡大いたします。「ドコモオープンイノベーションクラウド」は、5G時代に求められる低遅延、高セキュリティなど、MEC(Multi-access Edge Computing)※1の特長を持つクラウドサービスで、ドコモ網内の設備にクラウド基盤を構築することで実現しています。2020年3月に東京拠点を先行して開設いたしましたが、大阪、神奈川、大分の全国4拠点に拡大することで、複数の拠点を利用することができます。大阪拠点は、これまで提供していた東京拠点と同様、シンプルで自由度の高いクラウド基盤であるCompute Oに対応し、神奈川、大分拠点は、可用性が高く負荷分散機能を持つ高機能なクラウド基盤であるCompute Vに新たに対応※2します。これにより、クラウド上に構築したいシステムに応じて拠点を選択することが可能になります。また、各拠点を接続する拠点間接続機能により、拠点間のデータ同期やバックアックアップなどが可能になり、クラウドサーバーの冗長化を実現することができます。さらに、クラウド基盤上のシステムとデバイスの通信状況やセキュリティ状況を可視化し、セキュリティ脅威から保護するオプションサービスであるネットワークセキュリティサービスについても、新規開設拠点で対応します。提供拠点拡大に合わせて、ネットワークセキュリティサービスは新たな料金体系にて提供を行います。クラウド基盤には、ドコモが開発した「ドコモ画像認識プラットフォーム」※3などの技術や、ドコモおよびパートナーが提供する映像伝送、VR・ARなどのソリューションに対応し、5G時代のソリューション・サービスに広く活用されることが期待されます。クラウド基盤に対応するソリューションは順次拡大してまいります。ドコモは、「5G」を通じて、新しい価値の創出や社会課題の解決に貢献し、お客さまの生活がより便利で、豊かなものになるよう努めてまいります。
2020年5月29日	（お知らせ）「ドコモ画像認識プラットフォーム」の提供を開始 -「ドコモオープンイノベーションクラウド」上で、AIを活用した画像認識ソリューション向けプラットフォームを提供-	https://www.nttdocomo.co.jp/info/news_release/2020/05/29_02.html	Tweet(お知らせ)「ドコモ画像認識プラットフォーム」の提供を開始-「ドコモオープンイノベーションクラウド」上で、AIを活用した画像認識ソリューション向けプラットフォームを提供-<2020年5月29日>株式会社NTTドコモ(以下、ドコモ)は、ドコモの画像認識エンジンを活用して、業務効率化やサービス性向上などのさまざまな価値を提供する画像認識ソリューションを手軽かつ容易に開発可能とするクラウドサービス「ドコモ画像認識プラットフォーム」を「ドコモオープンイノベーションクラウド&reg;」※1上に搭載し、2020年5月29日(金曜)より法人のお客さま向けに提供開始いたします。画像認識を活用したソリューションは、多くの企業が課題とする大規模なモノや画像データの確認・監視・検索業務において、人手に頼らない効率的な業務を実現し、作業時間短縮やコスト削減に貢献します。一方、画像認識ソリューション構築の際には、さまざまな画像データを収集してデータ識別のための情報を付与する「アノテーション」と呼ばれる作業を行い、そのデータをAIに「学習」させて「学習モデル」を作成し、作成した「学習モデル」を元に画像を識別する「推論」の仕組みを実現させるなど、専門技術が必要となり、多大な時間とコストがかかります。今回ドコモが提供開始する「ドコモ画像認識プラットフォーム」は、「学習モデル」の作成を自動化し、任意の学習モデルを容易に作成することが可能となるサービスです。また、被写体が写真の「どこ」に位置しているかを判定する「物体検出」エンジンと、被写体の画像特徴(パターン)を事前に学習することで画像に写っているものが「何か」を判定する「一般物体認識」エンジンを搭載しています。これらはドコモが開発したAI技術である&ldquo;画像認識技術※2&rdquo;を活用したエンジンであり、「学習モデル」とこれらのエンジンを組みあわせることによって「推論」が可能となり、API化までを自動化します。本プラットフォームは、主に画像認識技術を活用したソリューションを開発するパートナー企業(以下、ソリューションパートナー)にもお使いいただけるサービスであり、ソリューションパートナーもしくはエンドユーザーとなるお客さまが、画像データをアップロードするなどの簡単な操作をするだけで、さまざまな画像認識活用ソリューションを簡単かつスピーディに開発することができます。ソリューションパートナーは、自社でサーバーなどの設備を保有することなく、本プラットフォーム上で開発した独自の画像認識ソリューションを自社サービスとして提供可能となります。今後は搭載する画像認識エンジンの種類を増やし、それぞれの用途に合わせて最適な画像認識エンジンを選択できるようになるだけでなく、複数の画像認識エンジンを組み合わせることで、よりお客さまのニーズに合わせたソリューションを創出できる仕組みを提供する予定です。また、「ドコモオープンイノベーションクラウド」で今後提供予定の「クラウドダイレクトTM」と併用することで低遅延、高セキュリティなソリューションの開発が可能です。なお、本プラットフォームは、研究開発部門・法人部門にて組織横断的にチームを構成し、お客さまと三位一体で課題解決を図る「トップガン&reg;」※3の取り組みにより創出したサービスです。ドコモは、「ドコモ画像認識プラットフォーム」を通じて、お客さまのニーズに合わせた経営課題・業務課題を解決する仕組みを提供し、新しい価値の創出や社会課題の解決に貢献してまいります。
2020年5月29日	（お知らせ）顔認証入退管理ソリューション「Easy Pass powered by SAFR」の提供を開始 -スマートフォン一つで高精度な顔認証、5Gでより高速に-	https://www.nttdocomo.co.jp/info/news_release/2020/05/29_03.html	Tweet(お知らせ)顔認証入退管理ソリューション「Easy Pass powered by SAFR」の提供を開始-スマートフォン一つで高精度な顔認証、5Gでより高速に-<2020年5月29日>株式会社NTTドコモ(以下、ドコモ)は、場所を選ばずスマートフォンで簡単に顔認証による入退管理ができる、5Gにも対応したソリューション「Easy PassTM powered by SAFRTM(イージーパス パワードバイセイファー)」(以下、Easy Pass)を、2020年5月29日(金曜)から法人のお客さま向けに提供します。初期費用は不要で、認証管理用のID100件で225万円(税抜)からの月額利用料でご利用になれます※1。「Easy Pass」は、専用アプリをインストールしたスマートフォンのカメラを入退場者の顔に向けるだけで、登録された顔写真データとリアルタイムで照合し、入構許可者かどうか、入構済みかどうかの状態などがその場で確認できるソリューションです。スマートフォン一つで認証できるため大がかりな工事は不要で、場所の変更にも柔軟に対応できます。利用シーンは、主に製造業、電気・ガスなど二次産業における工場、プラントでの入退管理を想定しています。そのような施設では、広い敷地にバスや乗用車で入構し、入場ゲートで下車、入場登録、IDカードを提示するなど多くの時間を要する上に、IDカードの目視確認では人的ミスやなりすましなどセキュリティ上の課題もあります。また、屋外の場合は認証機器の防水対策も必要で、導入までに費用や時間を要します。「Easy Pass」では、ドコモのネットワーク内に設置したクラウド基盤「ドコモオープンイノベーションクラウド&reg;※2」上で、RealNetworks, Inc.の高速・高精度なAI顔認証ソフトウェア「SAFR(セイファー)」と、オープン性が高く、幅広いメーカーのカメラなどとの柔軟な連携が可能なGenetecTM Inc.の入退室管理システム「Security Center SynergisTM」を統合して提供することで、簡易な操作と高精度な入退管理の両立を実現しました。両システムの統合は、ネットワンシステムズ株式会社が実施しています。さらに、通信回線、スマートフォン端末、防水ケースなどもワンストップで提供することで、初期費用や導入までの時間が削減できます。また、「SAFR」の追加機能を組み込んだ場合、新型コロナウイルス感染予防などのためにマスクを着用したままでも高い認証精度を維持し、さまざまな業種、職種で活用していただけます。なお、「Easy Pass」は4G(LTE)ネットワークでも利用可能ですが、5Gの高速・大容量かつ低遅延なネットワークを利用することで、認証速度がさらに向上します。また、「ドコモオープンイノベーションクラウド」で今後提供予定の「クラウドダイレクトTM」と併用することで、より高セキュリティな環境で安心してお使いいただけるようになります。「Easy Pass」は、研究開発部門・法人部門にて組織横断的に混成チームを構成し、お客さまの課題解決を図る「トップガン&reg;※3」の取り組みにより創出しました。ドコモは「Easy Pass」を通して、企業の入退管理におけるセキュリティおよび利便性の向上に貢献し、生産現場を支援してまいります。ソリューションの概要は、別紙のとおりです。
2020年6月1日	（お知らせ）「ひかりTV for docomo」が5Gスマートフォン向けに「マルチストリーミング機能」を提供開始	https://www.nttdocomo.co.jp/info/news_release/2020/06/01_00.html	Tweet(お知らせ)「ひかりTV for docomo」が5Gスマートフォン向けに「マルチストリーミング機能」を提供開始<2020年6月1日>株式会社NTTドコモ(以下、ドコモ)は、「ひかりTV for docomo」で複数のチャンネルを同時に視聴いただける「マルチストリーミング機能」を5Gスマートフォン向けに2020年6月1日(月曜)から提供開始いたします。「ひかりTV for docomo」をご契約のうえ、ドコモの5Gスマートフォンに「ドコモテレビターミナルアプリ」をダウンロードしていただくと、「マルチストリーミング機能」をご利用いただくことができます。例えば好きなスポーツの試合がある時や、音楽番組で好きなアーティストの出番を見逃したくない時に、複数のチャンネルを同時にご視聴いただけます。&copy; Les Films du Cap &copy;BBC (c)ORF/Ali Schafler &copy;囲碁・将棋チャンネル (C)金子博
2020年6月1日	（お知らせ）マチエミとドコモ、画像認識エンジンを活用した新しい写真販売サービスを開発 -イベント主催者の写真選別業務負荷を軽減する新サービスをマチエミより提供開始-	https://www.nttdocomo.co.jp/info/news_release/2020/06/01_01.html	Tweet(お知らせ)マチエミとドコモ、画像認識エンジンを活用した新しい写真販売サービスを開発-イベント主催者の写真選別業務負荷を軽減する新サービスをマチエミより提供開始-<2020年6月1日>株式会社マチエミ株式会社NTTドコモ株式会社マチエミ(以下、マチエミ)と株式会社NTTドコモ(以下、ドコモ)は、マチエミが提供している「EMii -エミィ-」にドコモの画像認識エンジンを組み合わせた「EMii -エミィエンタープライズプラン-」(以下、本サービス)を開発し、本サービスをマチエミから新聞社や自治体などのイベント主催者向けに本日より提供開始します。本サービスはドコモの画像認識エンジンを搭載することにより、マラソン大会などのイベントで複数の被写体を撮影した写真からゼッケンや顔の検出・認識を行い、特定の被写体が写っている写真の選別がリアルタイムに実施可能になります。イベントに参加しているユーザーは、イベントを楽しみながら自分や特定の人物が写っている写真を検索することができ、また、イベントを主催する企業は、写真販売における写真選別業務負荷の軽減や販売開始までにかかる時間の短縮による売上向上を見込めます。本サービスに搭載しているドコモのAI技術を活用した画像認識エンジンは、NTTグループのAI「corevo&reg;」を構成する技術で、撮影した写真からゼッケンや顔などの物体の位置を検出する&ldquo;物体検出&rdquo;と、検出したゼッケンの文字を読み取る&ldquo;文字認識&rdquo;、大量の写真から特定の顔の画像検索を行う&ldquo;類似画像検索&rdquo;の3つの技術を組み合わせています。今回、"類似画像検索"では、膨大な顔の特徴量を学習させることで、複数人のさまざまなパターンの顔画像から顔の特徴量を抽出し同一人物ごとにグルーピングを行うことを可能としました。【サービスイメージ】今後、マチエミとドコモは、本サービスの海外展開もめざしており、国内外のイベントでの写真売買における利便性向上や、業務効率化に取り組んでまいります。別紙1 「EMii -エミィエンタープライズプラン-」の概要別紙2 ドコモの画像認識エンジンの概要別紙1 「EMii -エミィエンタープライズプラン-」の概要概要インターネット写真販売システムである「EMii -エミィ-」は、イベントの主催者や事業者が撮影した写真を、オンライン上で簡単に販売することができるシステムです。撮影した写真のアップロードのみで、販売、印刷、配送、運用管理までワンストップのサービスを提供しています。新サービス「EMii -エミィエンタープライズプラン-」は、基本的な販売・印刷・配送機能や、閲覧パスワード、記念フレーム合成、多言語対応、海外配送などの既存機能に加え、ドコモの画像認識エンジンを搭載することで、写真販売にかかる業務的負荷を大きく軽減し、写真撮影から写真販売までにかかる時間を短縮します。
2020年6月1日	（お知らせ）「ドコモ スマートフォン Galaxy S20+ 5G SC-52A」を発売	https://www.nttdocomo.co.jp/info/news_release/2020/06/01_02.html	Tweet(お知らせ)「ドコモ スマートフォン Galaxy S20+ 5G SC-52A」を発売<2020年6月1日>株式会社NTTドコモ(以下、ドコモ)は、約6.7インチの大画面かつ大容量電池、次世代の高速メモリ搭載で、4眼カメラと超高精細の8K動画をまるでプロカメラマンのように撮影が可能など、最高峰のスペックを実現させた「ドコモ スマートフォン Galaxy S20+ 5G SC-52A」を、2020年6月18日(木曜)に発売いたします。発売日:2020年6月18日(木曜)［全国一斉］販売チャネル:全ドコモ取扱店
2020年6月1日	（お知らせ）「ドコモ スマートフォン Xperia 1 II SO-51A」を発売	https://www.nttdocomo.co.jp/info/news_release/2020/06/01_03.html	5G時代のエンターテイメント体験。XperiaTM初の次世代高速通信5G対応スマホ。4Kなどの高画質映像や、ハイレゾ音源などの高音質楽曲といった、高品質な大容量ファイルの送受信が、かつてないほど快適に。Xperia 1 IIで、5G時代の新たなエンターティントの世界を体験いただけます。Xperiaのカメラが、瞳を捉えて逃さない。トリプルレンズカメラに、階調、色再現、透明感、立体感、ぼけ味など、被写体の微細な質感までを忠実に再現する「ツァイスレンズ」を採用。さらに、T*(ティースター)コーティングによって、低光量な条件下やうす暮れ時でも、明るく高コントラストな撮影が可能です。また、ソニーのデジタル一眼カメラ&alpha;TMの技術から生まれた瞳AFに対応し、瞳にピントを合わせ被写体の表情をブレることなく撮影できます。また、標準カメラに、光を多く取り込むことができる1/1.7インチの大判センサーを採用することで、白飛びや黒つぶれが発生しにくく、細部まで美しく残す。
2020年6月1日	報道発表資料の誤表記のお詫びと訂正	https://www.nttdocomo.co.jp/info/news_release/detail/20200601_05_m.html	Tweet報道発表資料の誤表記のお詫びと訂正<2020年6月1日>2020年6月1日(月曜)にお知らせいたしました報道発表『「ドコモ スマートフォン Xperia 1 II SO-51A」を発売』において、記載内容に一部誤りがございました。皆さまには大変ご迷惑をお掛けし、深くお詫び申し上げますとともに、以下のとおり訂正させていただきます。1. 対象報道発表2020年6月1日(月曜)発表「ドコモ スマートフォン Xperia 1 II SO-51A」を発売2. 訂正内容発売日【誤】2020年6月15日(月曜)【正】2020年6月18日(木曜)訂正報道発表資料https://www.nttdocomo.co.jp/info/news_release/2020/06/01_03.html報道発表資料に記載された情報は、発表日現在のものです。仕様、サービス内容、お問い合わせ先などの内容は予告なしに変更されることがありますので、あらかじめご了承ください。
2020年6月2日	人事	https://www.nttdocomo.co.jp/info/news_release/2020/06/02_00.html	以上報道発表資料に記載された情報は、発表日現在のものです。仕様、サービス内容、お問い合わせ先などの内容は予告なしに変更されることがありますので、あらかじめご了承ください。
2020年6月5日	人事	https://www.nttdocomo.co.jp/info/news_release/2020/06/05_00.html	以上報道発表資料に記載された情報は、発表日現在のものです。仕様、サービス内容、お問い合わせ先などの内容は予告なしに変更されることがありますので、あらかじめご了承ください。
2020年6月8日	「Magic Leap 1」を販売開始	https://www.nttdocomo.co.jp/info/news_release/2020/06/08_00.html	Tweet「Magic Leap 1」を販売開始<2020年6月8日>株式会社NTTドコモ(以下、ドコモ)は、「Magic Leap 1(マジックリープワン)」を2020年6月19日(金曜)から日本で初めて販売開始いたします。発売日:2020年6月19日(金曜)10時～［全国一斉］販売価格:249,000円(税抜)(Lightwear、Lightpack、Control、Charger x2、Shoulder Strap、Fit kitのセット)「Magic Leap 1」は、業務効率化や新たなコンテンツサービスの開発、法人企業向けソリューション開発など、さまざまな分野でMR技術の活用をお考えの法人さまや、個人のお客さまを含むXRコンテンツクリエイター向けに販売いたします。Magic Leap社の軽量なウェアラブルヘッドセットで、リアルとデジタルを融合したインタラクティブな世界を提供します。モニターがなくても、シームレスにデジタルコンテンツに見て触れることが可能です。自宅のリビングでゲームコンテンツを利用した場合、リビングとゲームの世界を融合することができるため、実際のリビングの壁からキャラクターが出てきたり、テーブルの上にキャラクターを置いて歩かせることができるなど、これまでにない臨場感あるインタラクティブな体験ができます。法人利用においても、離れた場所にいたとしても、あたかも同じ空間にいるように作業ができるため、メンバーが遠隔地からリアルタイムにファイルを共有して異なる知見を持ちあい、共同で作業を行ったり、実際に体験しながらトレーニングを行えるプログラムを作成して従業員が現場で複雑なオペレーションをより簡単にできるよう支援したり、熟練者による遠隔指導を実施したりするなど新たなソリューションに活用できます。なお、Magic Laep 1は、全国102店舗のドコモショップ5Gコーナーにて展示しております。※1また、ドコモはXR技術を活用したサービスの普及および業界全体の発展に寄与することを目的に、一般社団法人XRコンソーシアムに2020年5月20日に参画しました。※2空間コンピューティング技術と5Gの持つ高速・大容量・低遅延といった特長を活かしたエコシステムの提言や、XR市場拡大に向けた業界ルールの策定や普及活動などを積極的に行っていきます。ドコモは、今後も最先端の空間コンピューティング技術と5Gの持つ高速・大容量・低遅延といった特長を融合し、XRサービスの創出と市場の拡大をめざします。
2020年6月9日	（お知らせ）東北新幹線と上越新幹線の全区間のトンネル内で携帯電話サービスが利用可能に	https://www.nttdocomo.co.jp/info/news_release/2020/06/09_00.html	Tweet(お知らせ)東北新幹線と上越新幹線の全区間のトンネル内で携帯電話サービスが利用可能に<2020年6月9日>株式会社NTTドコモKDDI株式会社ソフトバンク株式会社株式会社NTTドコモ、KDDI株式会社、ソフトバンク株式会社(以下「通信3社」)は、東北新幹線の「新青森駅(手前)～新青森駅」間と上越新幹線の「浦佐駅(手前)～浦佐駅」間のトンネル内で、2020年7月23日から携帯電話サービスの提供を開始します。これにより、東北新幹線と上越新幹線の全区間のトンネル内で携帯電話サービスをご利用いただけるようになります。通信3社は、今後もサービスエリア拡大や品質向上ならびにお客さまによりご利用いただきやすい環境の整備を進めていきます。
2020年6月12日	「新型コロナウイルス感染症の流行に伴うU25向け支援措置」の再延長	https://www.nttdocomo.co.jp/info/news_release/2020/06/12_00.html	Tweet「新型コロナウイルス感染症の流行に伴うU25向け支援措置」の再延長<2020年6月12日>株式会社NTTドコモ(以下、ドコモ)は、「新型コロナウイルス感染症の流行に伴うU25向け支援措置」(以下、本支援)を、当初予定していた4月末から6月末まで延長して実施しておりますが、大学等の夏季休業時期等を踏まえ、本支援の実施期間を7月末まで再延長いたします。本支援は、全国の学校において、新型コロナウイルス感染症の感染拡大防止を目的に遠隔授業やオンライン学習を実施している状況を踏まえ、学生の通信環境を確保するために実施しているものです。2020年4月1日(水曜)時点の契約者または利用者※1の年齢が25歳以下かつ、対象プランをご契約のお客さまを対象に、2020年4月から7月までのご利用分の「スピードモード&reg;」ならびに「1GB追加オプション」を、50GBを上限に無償化いたします。なお、ドコモではテザリングを利用する際の追加オプション料金や、テザリングに利用できるデータ量の制限などはございません。PC等でのオンライン学習にもご活用いただけます。本支援の詳細は別紙の通りです。別紙1 「新型コロナウイルス感染症の流行に伴うU25向け支援措置」再延長の概要別紙2 「新型コロナウイルス感染症の流行に伴うU25向け支援措置」を利用したオンライン学習時の利用可能データ量の追加方法について別紙1 「新型コロナウイルス感染症の流行に伴うU25向け支援措置」再延長の概要1. 実施期間2020年4月1日(水曜)～2020年7月31日(金曜)2. 支援内容「新型コロナウイルス感染症の流行に伴うU25向け支援措置」は、25歳以下を対象とした支援措置です。対象料金プランをご契約中のお客さまを対象として、「スピードモード」および「1GB追加オプション」のご利用料金(1,000円/1GB(税別))のお支払いを、50GBを上限に無償化いたします。支援措置詳細契約種別
2020年6月16日	役員等の人事	https://www.nttdocomo.co.jp/info/news_release/2020/06/16_00.html	技術、デバイス、情報戦略、会員基盤、国際、コーポレート担当【2020年6月23日より】技術、デバイス、情報戦略、会員基盤担当【2020年7月1日より】技術、デバイス、情報戦略、データ活用戦略担当
2020年6月17日	人事	https://www.nttdocomo.co.jp/info/news_release/2020/06/17_00.html	以上報道発表資料に記載された情報は、発表日現在のものです。仕様、サービス内容、お問い合わせ先などの内容は予告なしに変更されることがありますので、あらかじめご了承ください。
2020年6月17日	新型コロナウイルス感染症の流行を踏まえた料金請求の取り扱いについて（期間延長）	https://www.nttdocomo.co.jp/info/news_release/2020/06/17_01.html	Tweet新型コロナウイルス感染症の流行を踏まえた料金請求の取り扱いについて(期間延長)<2020年6月17日>日本電信電話株式会社東日本電信電話株式会社西日本電信電話株式会社NTTコミュニケーションズ株式会社株式会社NTTドコモNTTファイナンス株式会社NTTグループ各社※1は、新型コロナウイルス感染症の流行を踏まえ、2020年6月末日まで延長している各社サービス料金等のお支払い期限を2020年7月末日まで延長します。なお、お支払い期限について、再度の緊急事態宣言等がない場合は、7月末日を超えての延長は実施しない予定としております。何卒ご理解を賜りますようお願い申し上げます。料金請求の取り扱い
2020年6月18日	（お知らせ）NTTドコモと阪神電気鉄道、阪神甲子園球場・阪神タイガースにおけるデジタル分野での協業検討に合意	https://www.nttdocomo.co.jp/info/news_release/2020/06/18_00.html	Tweet(お知らせ)NTTドコモと阪神電気鉄道、阪神甲子園球場・阪神タイガースにおけるデジタル分野での協業検討に合意<2020年6月18日>株式会社NTTドコモ阪神電気鉄道株式会社株式会社NTTドコモ(本社:東京都千代田区、代表取締役社長:吉澤 和弘、以下「ドコモ」)と阪神電気鉄道株式会社(本社:大阪市福島区、社長:秦 雅夫、以下「阪神」)は、阪神が運営する阪神甲子園球場並びに阪神の100%子会社である阪神タイガースにおいて、スポーツ観戦の新たな体験価値の創造と、ファンの更なる拡大を目的として、デジタル分野での協業の検討を進めていくことで合意しました。これによりドコモと阪神甲子園球場、阪神タイガースは、以下の取り組みを推進していきます。
2020年6月19日	（お知らせ）「ドコモ スマートフォン Xperia 10 II SO-41A」を発売	https://www.nttdocomo.co.jp/info/news_release/2020/06/19_00.html	Tweet(お知らせ)「ドコモ スマートフォン Xperia 10 II SO-41A」を発売<2020年6月19日>株式会社NTTドコモ(以下、ドコモ)は、ハンドフィットサイズで持ちやすく、マルチウィンドウ機能もさらに使いやすくなった「ドコモ スマートフォン XperiaTM 10 II SO-41A」を、2020年6月25日(木曜)に発売いたします。発売日:2020年6月25日(木曜)［全国一斉］
2020年6月19日	（お知らせ）「ドコモ スマートフォン arrows Be4 F-41A」を発売	https://www.nttdocomo.co.jp/info/news_release/2020/06/19_01.html	Tweet(お知らせ)「ドコモ スマートフォン arrows Be4 F-41A」を発売<2020年6月19日>株式会社NTTドコモ(以下、ドコモ)は、画面割れに強く※1、はじめてのスマホにもあんしんの日本製の「ドコモ スマートフォンarrows Be4 F-41A」を、2020年6月25日(木曜)に発売いたします。発売日:2020年6月25日(木曜)［全国一斉］販売チャネル:全ドコモ取扱店
2020年6月19日	（お知らせ）「ドコモ スマートフォン Galaxy A41 SC-41A」を発売	https://www.nttdocomo.co.jp/info/news_release/2020/06/19_02.html	Tweet(お知らせ)「ドコモ スマートフォン Galaxy A41 SC-41A」を発売<2020年6月19日>株式会社NTTドコモ(以下、ドコモ)は、約4800万の高画素カメラや超広角カメラなど、様々なシーンを美しく残せる、「ドコモ スマートフォンGalaxy A41 SC-41A」を、2020年6月25日(木曜)に発売いたします。発売日:2020年6月25日(木曜)［全国一斉］販売チャネル:全ドコモ取扱店
2020年6月19日	（お知らせ）「ドコモ スマートフォン LG style3 L-41A」を発売	https://www.nttdocomo.co.jp/info/news_release/2020/06/19_03.html	Tweet(お知らせ)「ドコモ スマートフォン LG style3 L-41A」を発売<2020年6月19日>株式会社NTTドコモ(以下、ドコモ)は、高性能CPU、約4820万画素アウトカメラ、美しい映像を楽しめるQuad HD+有機ELを搭載した「ドコモ スマートフォン LG style3 L-41A」を、2020年6月25日(木曜)に発売いたします。発売日:2020年6月25日(木曜)［全国一斉］
2020年6月23日	音声やタッチ操作に対応したインタラクティブなAI受付「おくだけレセプション」を提供開始 -オフィスの受付業務関連の稼働を削減-	https://www.nttdocomo.co.jp/info/news_release/2020/06/23_00.html	Tweet音声やタッチ操作に対応したインタラクティブなAI受付「おくだけレセプション」を提供開始-オフィスの受付業務関連の稼働を削減-<2020年6月23日>株式会社NTTドコモ(以下、ドコモ)は、対話型AIサービス「ドコモAIエージェントAPI&reg;※1」を活用し、タッチ操作だけでなく音声でインタラクティブかつ直感的に操作できるAI受付サービス「おくだけレセプションTM」(以下、本サービス)を2020年6月23日(火曜)より提供開始します。本サービスは、「iPad」と周辺機器を置くだけで簡単に設置することができ、導入企業の規模や利用頻度にかかわらず、月額利用料は1万円※2でご利用いただけます。今回提供開始する「おくだけレセプション」は、音声で簡単に担当者を呼び出す機能と、シンプルかつ使いやすいタッチ操作で部署や担当者を検索できる機能を搭載しており、オフィスの受付業務および取次業務の効率化や人件費の削減を実現します。また、ドコモ独自のAI技術を活用した「ドコモAIエージェントAPI」の音声認識機能と自然対話機能により、訪問者の抽象的な要求にも対応することが可能で、ディスプレイ上に映し出された案内用キャラクターと自然な会話ができるため、従来の有人受付の温かみを出すことができます。ディスプレイ上の受付キャラクターや背景はカスタマイズすることが可能となっており、各企業の特徴を活かした受付空間の演出や、企業イメージの向上・ブランディングを実現します。利用イメージ現在日本国内では、働き方改革による業務見直しや新型コロナウイルス感染症流行による対人接触の削減などを背景に、無人受付への需要が増加しております。無人受付導入の際には、専任の受付担当者や高価な受付システムの導入がコストの観点から大きな負担となっている企業もありますが、本サービスは配線工事が不要で、必要な機能だけに絞ったシンプルな仕様となっているため、導入コストと月々の利用料金を抑えることができます。さらに本サービスは、ドコモの提供する他のサービスとの連携により、さらなる業務効率化を推進することが可能です。具体的には、ドコモの内線通話サービス「オフィスリンク&reg;」と連携することで内線への通話が可能となり、クラウド電話帳サービス「ProgOffice Enterprise」と連携することで、クラウド上の電話帳更新内容にあわせて本システム上の社員情報も自動更新できるなど、人事異動に伴う情報更新作業や運用コストを大幅に軽減することができます。「おくだけレセプション」は、ドコモの研究開発部門・法人部門が組織横断的に混成チームを構成し、法人のお客さまの課題解決を図る「トップガン&reg;※3」の取り組みにより創出しました。ドコモは、本サービスの提供を通じて、企業の働き方改革や業務効率化の推進に貢献してまいります。「ドコモAIエージェントAPI」は、NTTグループのAI「corevo&reg;」の一部である対話サービスです。GUIによる簡単な対話の作成や、複雑な対話シナリオが実現できます。また、QAリストから対話シナリオを自動生成するFAQ用チャットボットとして、よくある問い合わせの応対に活用できます。
2020年6月25日	（お知らせ）山形新幹線と秋田新幹線のトンネル内における携帯電話のサービスエリア拡大について（東北支社報道発表）	https://www.nttdocomo.co.jp/info/notice/tohoku/page/2020/200625_01.html	地域からのお知らせ(東北)山形新幹線と秋田新幹線のトンネル内における携帯電話のサービスエリア拡大について～秋田新幹線の全区間のトンネル内で携帯電話サービスが利用可能に～2020年6月25日KDDI株式会社株式会社NTTドコモソフトバンク株式会社株式会社NTTドコモ、KDDI株式会社、ソフトバンク株式会社は、山形新幹線「庭坂駅～赤岩駅」間と秋田新幹線「赤渕駅～田沢湖駅」間のトンネル内で、2020年7月8日(水曜)までに携帯電話サービスの提供を開始します。これにより、秋田新幹線の全区間のトンネル内で携帯電話サービスをご利用いただけるようになります。通信3社は、今後もサービスエリア拡大や品質向上ならびにお客さまによりご利用いただきやすい環境の整備を進めていきます。概要1.サービス開始時期山形新幹線 2020年7月8日(水曜)からサービス開始予定秋田新幹線 2020年7月8日(水曜)までにサービス開始予定
2020年6月29日	（お知らせ）川崎ブレイブサンダースとNTTドコモが資本業務提携およびオフィシャルスポンサー契約を締結	https://www.nttdocomo.co.jp/info/news_release/2020/06/29_00.html	Tweet(お知らせ)川崎ブレイブサンダースとNTTドコモが資本業務提携およびオフィシャルスポンサー契約を締結<2020年6月29日>株式会社DeNA川崎ブレイブサンダース(本社:神奈川県川崎市、代表取締役社長:元沢 伸夫、以下、川崎ブレイブサンダース)と、株式会社NTTドコモ(本社:東京都千代田区、代表取締役社長:吉澤 和弘、以下、 NTTドコモ)は、アリーナ内外におけるエンターテインメント性の更なる向上をめざし、資本業務提携契約およびオフィシャルスポンサー契約を締結いたしました。これにより、川崎ブレイブサンダースはクラブの財政基盤を厚くし、チームおよび事業への投資を加速します。また、NTTドコモは、2020-21シーズンからオフィシャルスポンサーとして、川崎ブレイブサンダースの活動を全面的にサポートします。なお、資本業務提携にかかる株式の新規発行および新たな株主の発生について、6月16日に開催された公益社団法人ジャパン・プロフェッショナル・バスケットボールリーグ(Bリーグ)の理事会で承認を得たことをあわせてお知らせします。目的・取り組み概要川崎ブレイブサンダースが掲げるミッション「MAKE THE FUTURE OF BASKETBALL」の実現に向け、主に以下3つの協業テーマに取り組みます。
2020年6月30日	（お知らせ）「d払い」に加え「dカード」をマイナポイント事業の対象となるキャッシュレス決済サービスに登録 -マイナポイントの申込みでdポイントを500ポイント進呈するキャンペーンを実施-	https://www.nttdocomo.co.jp/info/news_release/2020/06/30_00.html	Tweet(お知らせ)「d払い」に加え「dカード」をマイナポイント事業の対象となるキャッシュレス決済サービスに登録-マイナポイントの申込みでdポイントを500ポイント進呈するキャンペーンを実施-<2020年6月30日>本報道発表の本紙記載のキャンペーン情報および別紙2につきましては、更新情報がございます。最新の情報につきましては、2020年7月17日(金曜)の報道発表(トピックス)マイナポイントで「d払い」を選択し利用すると、合計最大7,500円分付与!-今回、上乗せ分をさらに追加!チャージまたはお買い物でもポイント進呈-(PDF形式:376KB)をご参照ください。株式会社NTTドコモ(以下、ドコモ)は、総務省が実施する「マイナポイント事業※1」(以下、本事業)の対象となるキャッシュレス決済サービスとして、「d払い」に加え「dカード」を登録しました。これに伴い、キャッシュレス決済サービスとして「dカード」もしくは「d払い」を選択されたお客さまを対象に、dポイント(期限・用途限定)を500ポイント進呈する「マイナポイントd払い・dカード選択でもれなくdポイント500ポイントプレゼントキャンペーン」(以下、本キャンペーン)を2020年7月1日(水曜)から実施します。本事業では、お客さまがお選びいただいたキャッシュレス決済サービスを利用し、「チャージ」または「お買い物」を行った際に、決済金額の25%をマイナポイントとしてお客さまに付与※2するもので、ドコモが提供する「d払い&reg;」「dカード&reg;」を選択いただいた場合は、通常のお買物時に進呈するdポイントに加え、マイナポイントとしてdポイントをお客さまに進呈いたします。対象となるキャッシュレス決済サービスは、事前申込みが可能です。本キャンペーンでは、2020年7月1日(水曜)から2020年9月30日(水曜)までの間、「dカード」もしくは「d払い」をお選びいただいたお客さまに、もれなくdポイント(期限・用途限定)を500ポイント進呈いたします。なお、「dカード」と「d払い」それぞれで新規入会または新規利用の方を対象に現在実施中のキャンペーン※3でもdポイントを進呈します。さらに、対象となるキャッシュレス決済サービスの事前申込みをより簡単に行えるよう、「マイナポイント予約・申込支援端末」を全国のドコモショップに設置いたします※4。ドコモは今後もキャッシュレス決済サービスを通じて、日常生活のさまざまな場面で便利さやお得さを提供してまいります。
2020年6月30日	（お知らせ）効率的な3D図面の作成・運用をドコモがトータルサポートする点群データ活用ソリューション「Field Simulator」の提供を開始 -5Gとドコモオープンイノベーションクラウドで効率的かつセキュアな現場作業を実現-	https://www.nttdocomo.co.jp/info/news_release/2020/06/30_01.html	Tweet(お知らせ)効率的な3D図面の作成・運用をドコモがトータルサポートする点群データ活用ソリューション「Field Simulator」の提供を開始-5Gとドコモオープンイノベーションクラウドで効率的かつセキュアな現場作業を実現-<2020年6月30日>株式会社NTTドコモ(以下、ドコモ)は、点群データをより効率的に活用できるソリューション「Field SimulatorTM(フィールドシミュレーター)」(以下、FS)の受注を、2020年6月30日(火曜)から法人のお客さま向けに開始します。一般的に工場や設備室などに機器を設置・搬入する際には現場で採寸したデータを基に図面を作成し、既存の機器と干渉しないか、設置後の作業スペースが確保できるかなどシミュレーションしますが、計測漏れや追加の確認事項がある際には再度現場にかけつけるなどの手戻りリスクが存在します。「FS」は、3次元の位置や色の情報を持つ点の集合である点群データを用いることで、建物内の設備・配管・機材などを高精細に再現することが可能で、正確に物品搬入のシミュレーションをしたり、遠隔地にいながら採寸したりすることができます。また、専用の機器が必要となる点群データの取得や、webブラウザを使って点群データを複数人で同時に確認・議論するためのソリューションを提供し、点群データの活用による業務効率の改善をドコモがトータルで※1サポートします。<点群データ活用の一連の流れ>「ドコモ5Gオープンラボ&reg; Kanazawa」で点群データを活用するイメージ「FS」は、ドコモのネットワーク内に設置した「ドコモオープンイノベーションクラウド&reg;」、「クラウドダイレクトTM※2」、株式会社エリジオンが提供する「InfiPoints&reg;」を組み合わせて提供することで、これまではクライアントPCでマニュアル作業が必要だった点群データの合成処理やノイズ処理を、閉域のクラウド環境で自動的に処理できるようになります。特に、製造ノウハウが蓄積されている生産ラインの3D点群データなどを高セキュリティ環境で活用・管理していく新たな方法を実現しました。さらに、「FS」は4G(LTE)ネットワークでも利用可能ですが、5Gの高速・大容量かつ低遅延※3なネットワークを利用することで、大容量データとなる点群データのアップロード・ダウンロードを短時間で実現し、さらなる業務効率化が見込まれます。通信回線、通信デバイスの提供に加え、点群データ取得の代行作業(3Dスキャナなどによる計測)もワンストップで提供することで、初期導入や運用コストの削減が可能です。ドコモは今後も、労働力不足が深刻な様々な業界での現場作業を効率的に行えるソリューションの拡充をめざします。「クラウドダイレクト」は、ドコモ網と接続したクラウドコンピューティング設備を用いたサービスである「ドコモオープンイノベーションクラウド」のオプションサービスです。通信端末とドコモオープンイノベーションクラウド間の通信経路を最適化することで、5Gによる低遅延・高セキュリティ通信を実現します。(各種条件により遅延時間は変動するため、ネットワークの伝送遅延が必ず一定以下になるといった保証をするものではありません。)
2020年6月30日	（お知らせ）遠隔共同制作ソリューション「Virtual Design Atelier」の提供を開始 -遠隔地から一つのVR空間に集まって、3Dデザインの共同制作が可能に-	https://www.nttdocomo.co.jp/info/news_release/2020/06/30_02.html	Tweet(お知らせ)遠隔共同制作ソリューション「Virtual Design Atelier」の提供を開始-遠隔地から一つのVR空間に集まって、3Dデザインの共同制作が可能に-<2020年6月30日>株式会社NTTドコモ(以下、ドコモ)は、遠隔地にいる人とVR空間で3Dデザインの共同制作ができる、5Gに対応したソリューション「Virtual Design AtelierTM(バーチャル デザイン アトリエ)」を、2020年6月30日(火曜)から法人のお客さま向けに提供します。「Virtual Design Atelier」は、複数拠点にいるデザイナーがそれぞれVRゴーグルとVRコントローラーを用いて行った操作の情報を、「ドコモオープンイノベーションクラウド&reg;※1」を介して交換し、その操作によって制作されたデザインをVRゴーグルで見ながら、リアルタイムで3Dデザインを共同制作することができるソリューションです。複数人が遠隔地から同じVR空間に集まって、リアルタイムに互いのデザインを共有し、共同で3Dデザインを新規作成、編集できるソリューションの提供は、国内初※2となります。利用シーンは、主に自動車などの製造業や、ゲーム・エンターテインメント業界での3Dデザイン制作を想定しています。これらの業界では、複数のデザイナーが各自担当する部分のデザインを制作した後、持ち寄って3D出力し全体像を確認するという業務フローが一般的で、制作過程でのリアルタイムな確認が難しいため、手戻りが発生するなど完成までに多くの時間を要しています。「Virtual Design Atelier」を利用すると、離れた場所で互いのデザインを確認しながら共同制作することができるため、デザイナー間のコミュニケーションが円滑になり、作業工程の削減、生産性の向上につながります。また、リモートでの作業が可能になり、業務の効率化や新しいライフスタイルにおける働き方改革にも貢献します。「Virtual Design Atelier」は4G(LTE)環境でも利用できますが、5Gネットワークを利用することで大容量の3Dデザインデータを扱うことができ、また低遅延の通信で共同作業をよりスムーズに行うことができます。さらに、「ドコモオープンイノベーションクラウド」のオプションである「クラウドダイレクトTM※3」サービスを利用して通信端末とクラウド基盤をダイレクトにつなぐため、秘匿性の高いデザインデータを高セキュリティな環境で扱えます。なお、3Dデザインには株式会社ワコムが提供するGravity Sketch Limitedのソフトウェア「Gravity Sketch Enterprise Edition」を利用し、手書きに近い直感的な操作を実現しています。そのほか、通信回線、モバイルルーター、VR装置などをワンストップで提供することで、導入までの時間が削減できます※4。ドコモは「Virtual Design Atelier」を通して、3Dデザインにおける業務の効率化や新たな働き方を支援し、デザイン業界の価値創造に貢献してまいります。「Virtual Design Atelier」の概要は、別紙のとおりです。遠隔地のデザイナー同士の共同制作のイメージAll Rights Reserved. Copyright &copy; 2020 Wacom Co., Ltd.
2020年6月30日	（お知らせ）製造機器一括分析ソリューション「FAAP」の提供を開始 -機器の故障予兆検知や生産品検品の自動化をトータルでサポートし、製造現場の生産性向上を実現-	https://www.nttdocomo.co.jp/info/news_release/2020/06/30_03.html	Tweet(お知らせ)製造機器一括分析ソリューション「FAAP」の提供を開始-機器の故障予兆検知や生産品検品の自動化をトータルでサポートし、製造現場の生産性向上を実現-<2020年6月30日>株式会社NTTドコモ株式会社シナプスイノベーションブレインズテクノロジー株式会社株式会社NTTドコモ(代表取締役社長:吉澤 和弘/以下、ドコモ)と、株式会社シナプスイノベーション(代表取締役社長 藤本 繁夫/以下、シナプスイノベーション)、ブレインズテクノロジー株式会社(代表取締役:濱中 佐和子/以下、ブレインズテクノロジー)は、機器の故障予兆の検知や生産品検品の自動化など製造現場の生産性向上を目的に、5Gにも対応した製造機器一括分析ソリューション「FAAPTM」(以下、FAAP)」を、2020年6月30日(火曜)よりドコモから法人のお客様向けに提供開始します。「FAAP」は、工場内のロボット、制御機器、センサー、カメラなど多様な現場機器から取得したデータをリアルタイムに収集、クラウド上でAI分析・判定、判定結果を現場にフィードバックし、機器の故障時期の予測や生産品の不良検知を自動化するソリューションです。ソリューションを活用することで故障・メンテンナンスによる機器の稼働率低下の抑制や人手に頼る生産品の検品作業の自動化が可能となり、工場における生産性の向上、人手不足の解消や技能の平準化を実現します。また、「FAAP」は、現場の要望に合わせたソリューション設計だけでなく、データ収集に必要な機器の手配・接続確認、通信環境・クラウド・通知用アプリケーションの提供などシステム構築・運用ならびに保守までをドコモがトータルで提供するため、導入までの時間を短縮しコストを削減できるだけでなく、運用開始後もソリューションに係る現場稼働を必要としません。「FAAP」では、シナプスイノベーションが構築したシステムを利用してデータを収集し、ドコモネットワークに設置した低遅延、高セキュリティなどMEC(Multi-access Edge Computing)※1の特徴を持つクラウドサービス「ドコモオープンイノベーションクラウド&reg;」にデータを送信します。さらに、ブレインズテクノロジーが提供する、機械学習を利用することで高度な分析が可能となるプラットフォーム「ImpulseTM」を活用して、取得した膨大な現場機器データから製造現場の要望に最適なAIモデルを生成します。なお、「FAAP」は4G(LTE)ネットワークでも利用可能ですが、5Gの高速・大容量なネットワークを利用することで、より大容量の画像分析を可能にします。また、「ドコモオープンイノベーションクラウド」で本日より提供開始する「クラウドダイレクトTM※2」と併用することで、より高セキュリティな環境でお使いいただけるようになります。今後3社は、それぞれのノウハウを持ち寄り、製造現場でのリアルタイムなデータを活用した生産性向上などスマートファクトリーの実現に貢献してまいります。「クラウドダイレクト」は、ドコモ網と接続したクラウドコンピューティング設備を用いたサービスである「ドコモオープンイノベーションクラウド」のオプションサービスです。通信端末とドコモオープンイノベーションクラウド間の通信経路を最適化することで、5Gによる低遅延・高セキュリティ通信を実現します。(各種条件により遅延時間は変動するため、ネットワークの伝送遅延が必ず一定以下になるといった保証をするものではありません。)
2020年6月30日	（お知らせ）ドコモオープンイノベーションクラウド「クラウドダイレクト」サービスを提供開始 -国内初の5GによるMECへの閉域接続サービスで5Gソリューションを利用可能-	https://www.nttdocomo.co.jp/info/news_release/2020/06/30_04.html	Tweet(お知らせ)ドコモオープンイノベーションクラウド「クラウドダイレクト」サービスを提供開始-国内初の5GによるMECへの閉域接続サービスで5Gソリューションを利用可能-<2020年6月30日>株式会社NTTドコモ(以下、ドコモ)は、ドコモのネットワーク網と接続したクラウドコンピューティング設備(以下、クラウド基盤)を用いたサービスである「ドコモオープンイノベーションクラウド&reg;」のオプションサービスとして、接続端末とクラウド基盤を直結して通信経路を最適化することで、5Gによる低遅延※1・高セキュリティ通信を実現する「クラウドダイレクトTM」サービス(以下、本サービス)を、東京、大阪、神奈川、大分の4拠点で2020年6月30日(火曜)より提供開始いたします。初期費用は1接続30,000円(税抜)、月額利用料は1接続35,000円(税抜)※2でご利用いただけます。「ドコモオープンイノベーションクラウド」は、ドコモ網内の設備にクラウド基盤を構築することで、5G時代に求められる低遅延・高セキュリティ通信を実現するMEC(Multi-access Edge Computing)※3を活用したソリューションが利用できるクラウドサービスです。本サービスをご利用いただくと、お客さまの5G通信端末とクラウド基盤間の通信経路を最適化することで、本クラウド基盤のもつMECの特長を最大限に活用いただくことが可能になります。また、クラウド基盤とドコモのネットワーク網をダイレクトに接続し、インターネットから分離された閉域通信を実現することで、高セキュリティな通信環境下でクラウドサービスをご利用いただくことが可能になります。さらに、複数のクラウド基盤拠点の中から、5G通信端末の接続先の拠点を柔軟に変更することができる「ネットワーク・オン・デマンド機能」により、お客さまの位置と物理的に距離が近い拠点に接続することができ、さらに低遅延な5G通信が可能になります。本サービスの提供により、AIを活用した「ドコモ画像認識プラットフォーム」※4を使ったソリューションや、ドコモがワンストップで提供する4つの5Gソリューションなどが本サービスに対応します。本サービスをご利用いただくことで、映像伝送や遠隔操作などの大容量データ通信のさらなる低遅延化を実現するとともに、画像やドキュメント、デザインなど秘匿性の高いデータのセキュリティを確保することが可能になります。本サービスに対応するソリューションは順次拡大してまいります。ドコモは、「オープンイノベーションクラウド」を通じて、パートナーとの協創による5Gソリューションの活用をさらに加速し、5G時代の新たな価値創造と社会課題解決に向けた取り組みを推進してまいります。詳細は別紙をご覧ください。
2020年7月1日	（お知らせ）災害時に訪日外国人へ情報提供を行う「災害時訪日外国人支援SMS」を開始	https://www.nttdocomo.co.jp/info/news_release/2020/07/01_00.html	Tweet(お知らせ)災害時に訪日外国人へ情報提供を行う「災害時訪日外国人支援SMS」を開始<2020年7月1日>株式会社NTTドコモKDDI株式会社ソフトバンク株式会社株式会社NTTドコモ、KDDI株式会社、ソフトバンク株式会社の3社(以下「通信3社」)は、2020年7月1日(水曜)に、災害時に訪日外国人向けに、動画ニュースや災害時無料Wi-Fiの情報を4言語で配信するSMS(以下、「災害時訪日外国人支援SMS」)を開始します。災害対策基本法に定める指定公共機関である通信3社が連携することで、災害時に必要な情報をよりタイムリーに訪日外国人へ提供することが可能となります。地震や台風が頻繁に発生する日本において、訪日外国人は慣れない土地や言語の壁もあり、災害による大規模停電や交通網への影響が発生すると、避難所や食料調達などの情報を入手することが困難な状況になります。通信3社は、2018年9月に発生した北海道胆振東部地震を契機に、連携に向けて協議を進めてきましたが、今回通信3社でSMSを配信する体制が整いました。災害時訪日外国人支援SMSは、通信3社が被災エリアにいる海外からのローミングインユーザに向けて、共通の文面でSMSを配信するものです。配信内容は、日本政府観光局が運営する多言語で24時間365日対応可能なコールセンターの電話番号、災害時無料Wi-Fi、災害情報などを総合的に扱うNHKの外国人向けニュースサイト(多言語のサポートあり)のURLの情報です。訪日外国人の加入元携帯電話事業者ごとに配信対象者の国を判別し、それに応じて英語、韓国語、中国語簡体字、中国語繁体字の4言語で配信します。SMSの配信を通して、訪日外国人が災害の状況を素早く把握し、必要な対処ができるように支援します。今後も通信3社は、お客さまの生活をより安心・安全・便利にしていくことを目指して、豊かなコミュニケーション環境を実現するさまざまな取り組みを進めていきます。別紙 「災害時訪日外国人支援SMS」の概要1. 情報提供の内容・対応言語訪日外国人の加入元携帯電話事業者ごとに配信対象者の国を判別し、それに応じて英語、韓国語、中国語簡体字、中国語繁体字の4言語で配信します。※1<配信内容>
2020年7月4日	（更新）令和2年7月豪雨に伴う支援措置について～災害時データ無制限モードを実施～	https://www.nttdocomo.co.jp/info/news_release/detail/20200704_00_m.html	Tweet(更新)令和2年7月豪雨に伴う支援措置について～災害時データ無制限モードを実施～<2020年7月4日>このたびの令和2年7月豪雨により被災された皆さまに心よりお見舞い申し上げます。NTTドコモは、このたびの令和2年7月豪雨により被災された地域のお客さまを対象に、以下の支援措置を実施します。(更新情報:2020年7月30日 午前9時00分時点)実施期間を延長しました。1.実施内容(1)災害時データ無制限モードの実施(2)付属品の無償提供(3)携帯電話機購入時における特別割引の実施(4)一部手数料の無料化(5)故障修理代金の一部減額など(6)ケータイ補償サービスの対応(7)ケータイデータ復旧サービスの無料化(8)代替機賠償金の無料化(9)受付手続きの緩和(10)「ドコモ光」の基本料金などを無料化(11)「ドコモ光」などに関する一部機器の無償提供(12)「ひかりTV for docomo」基本料金などの返還(13)料金支払い期限の延長(14)失効したdポイントの返還2.対象となるお客さま実施内容(1):対象地域において、「契約者住所」または「請求書送付先住所」のいずれかがあるお客さま(個人・法人)実施内容(2)-(11):対象地域において、「契約者住所」、「請求書送付先住所」または「ドコモ光設置場所住所」のいずれかがあるお客さま(個人・法人)かつ、今回の災害により携帯電話等を破損、故障、紛失された、またはドコモ光が利用できない期間があったお客さま(個人・法人)。実施内容(12):対象地域に「光設置場所住所」があるお客さま(個人・法人)かつ、今回の災害により「ひかりTV for docomo」が利用できない期間があったお客さま(個人・法人)。実施内容(13):対象地域において、「請求書送付先住所」があるお客さま(法人・個人)。実施内容(14):対象地域において、「携帯電話・ドコモ光・dカードの契約者住所」または、「払宛先住所」のいずれかがあるお客さま(個人)かつ、今回の災害によりdポイントが利用できず失効してしまったお客さま(個人)。3.お申し出の要否一部必要(お申し出不要の支援措置については、対象となるお客さまは自動適用となります)。4.実施時期2020年7月4日(土曜)から2020年8月31日(月曜)5.対象地域<長野県>松本市、飯田市、伊那市、安曇野市、上伊那郡宮田村、下伊那郡阿南町、下伊那郡阿智村、下伊那郡下條村、下伊那郡売木村、木曽郡上松町、木曽郡南木曽町、木曽郡王滝村、木曽郡大桑村、木曽郡木曽町<岐阜県>高山市、中津川市、恵那市、飛騨市、郡上市、下呂市<島根県>江津市<福岡県>大牟田市、八女市、みやま市、久留米市<佐賀県>鹿島市<熊本県>八代市、人吉市、水俣市、上天草市、天草市、葦北郡芦北町、葦北郡津奈木町、球磨郡錦町、球磨郡多良木町、球磨郡湯前町、球磨郡水上村、球磨郡相良村、球磨郡五木村、球磨郡山江村、球磨郡球磨村、球磨郡あさぎり町、荒尾市、玉名市、山鹿市、菊池市、玉名郡玉東町、玉名郡南関町、玉名郡長洲町、玉名郡和水町、阿蘇郡南小国町、阿蘇郡小国町<大分県>日田市、由布市、玖珠郡九重町、玖珠郡玖珠町<鹿児島県>阿久根市、出水市、伊佐市、出水郡長島町、鹿屋市、曽於市、志布志市、垂水市、薩摩川内市、いちき串木野市、曽於郡大崎町【別紙】対象地域のお客さまに対する主な支援措置実施内容1.災害時データ無制限モードの実施2020年7月4日(土曜)から2020年8月31日(月曜)までの期間、以下の支援を実施します。(1)「5Gギガライト」「ギガライト」、「ベーシックパック」、「ベーシックシェアパック」、「ビジネスベーシックシェアパック」、「ケータイパック」のお客さまは、7月分につきましては「災害時データ無制限モード」の発動までに利用したデータ量に応じたご利用料金が適用となります。8月分につきましては、「5Gギガライト」「ギガライト」、「ベーシックパック」、「ベーシックシェアパック」、「ビジネスベーシックシェアパック」のお客さまはステップ1の料金、「ケータイパック」のお客さまは定額料の300円のご請求となります。(2)「災害時データ無制限モード」中は、利用可能データ量の上限に到達しても速度制限がかからなく※1なります。(3)速度制限※2中のお客さまは、速度制限を解除し高速通信でご利用いただけます。「災害時データ無制限モード」 支援内容(1)のイメージ(ギガライトをご利用の場合)<7月><8月>2.付属品の無償提供2020年7月4日(土曜)から2020年8月31日(月曜)までの期間、今回の災害により携帯電話の付属品を破損、故障、紛失された対象地域のお客さまに対して、電池パック・ACアダプタ・DCアダプタ・ポケットチャージャーなどを無償で提供しております。対象地域のドコモショップにて受付いたします。3.携帯電話機購入時における特別割引の実施2020年7月4日(土曜)から2020年8月31日(月曜)までの期間、今回の災害により携帯電話を破損、故障、紛失された対象地域のお客さまに対して、携帯電話機※3購入(契約変更・機種変更)時の特別割引を行います。対象地域のドコモショップにて受付いたします。4.一部手数料の無料化2020年7月4日(土曜)から2020年8月31日(月曜)までの期間、今回の災害により携帯電話を破損、故障、紛失された対象地域のお客さまに対して、「契約事務手数料(契約変更)」、「登録等手数料(機種変更)」「UIM再発行時の手数料」の無料化を行います。対象地域のドコモショップにて受付いたします。5.故障修理代金の一部減額など2020年7月4日(土曜)から2020年8月31日(月曜)までの期間、今回の災害により携帯電話を破損、故障された対象地域のお客さまに対して、携帯電話機の故障修理代金の一部減額などを行います。対象地域のドコモショップにて受付いたします。6.ケータイ補償サービスの対応2020年7月4日(土曜)から2020年8月31日(月曜)までの期間、今回の災害により携帯電話を破損、故障された対象地域のお客さまに対して、本災害を理由にケータイ補償サービスのお申込みを受付いたします。対象地域のドコモショップにて受付いたします。7.ケータイデータ復旧サービス※4の無料化2020年7月4日(土曜)から2020年8月31日(月曜)までの期間、今回の災害により携帯電話を破損、故障された対象地域のお客さまに対して、通常データ復旧成功時※5にいただく復旧代金を無料とします。対象地域のドコモショップにて受付いたします。8.代替機賠償金の無料化2020年7月4日(土曜)から2020年8月31日(月曜)までの期間、今回の災害により携帯電話を破損、故障された対象地域のお客さまに対して、代替機の賠償金を請求いたしません。対象地域のドコモショップにて受付いたします。9.受付手続きの緩和2020年7月4日(土曜)から2020年8月31日(月曜)までの期間、今回の災害により携帯電話を破損、故障、紛失された、またはドコモ光が利用できない期間があった対象地域のお客さまに対して、お客さまが対象地域のドコモショップに来店し手続きを行う際、本人確認書類に不足があった場合であっても、後日、本人確認等をさせていただくことを条件に受付手続きを行います。10.「ドコモ光」の基本料金などを無料化2020年7月4日(土曜)から2020年8月31日(月曜)までの期間※6、今回の災害により避難などのため「ドコモ光」をご利用できなかった場合、お客さまのお申し出に基づき、当該期間中の「ドコモ光」基本料金など※7の無料化及び被災により仮住居へ転居する場合、「ドコモ光」の移転工事料金、移転手数料を無料といたします。受付については、対象地域のドコモショップやインフォメーションセンターなどにて行います。また、避難指示・避難勧告が発令されてから解除までの期間が24時間以上となる地域、または通信局の故障や停電により「ドコモ光」がご利用になれなかった期間が24時間以上となる地域のお客さまにつきましては、お申し出がなくても期間中の「ドコモ光」基本料金などを1日単位で無料といたします。なお、「ドコモ光」の故障については、113センターにて受付いたします。11.「ドコモ光」などに関する一部機器の無償提供2020年7月4日(土曜)から2020年8月31日(月曜)までの期間、「ドコモ光」をご契約されている対象地域のお客さまに対して、今回の災害により破損、故障、紛失などとなった「ドコモ光ルーター01」」「ドコモテレビターミナル02」※8を無償で提供いたします。対象地域のドコモショップにて受付いたします。12.「ひかりTV for docomo」基本料金などの返還2020年7月4日(土曜)から2020年8月31日(月曜)までの期間※9、災害により「ひかりTV for docomo」をご利用できなかった場合、お客様からのお申出に基づき、利用不可期間の「ひかりTV for docomo」の基本料金など※10を返還いたします。また、災害により「ひかりTV for docomo(2年割)」のご利用ができず、「ひかりTV for docomo(2年割)」を解約する場合、お客様からのお申出に基づき、「ひかりTV for docomo(2年割)」解約金を免除いたします。13.料金支払い期限の延長対象地域の被災されたお客さまが、携帯電話・「ドコモ光」などのご利用料金をドコモショップ、コンビニエンスストア、金融機関の窓口でお支払いただいている場合、2020年7月ご請求(2020年6月ご利用)分について、請求書の支払期限を、2020年8月31日(月曜)まで延長いたします※11。14.失効dポイントの返還2020年7月4日(土曜)から2020年8月31日(月曜)までの期間、今回の災害によりdポイントの利用が出来ず、8月末までの有効期限を失効してしまったお客さまへのdポイントの返還※12を実施いたします。dポイントカスタマーセンターにて受付いたします。※1 速度制限が自動で解除されるのは7月6日(月曜)となります。7月4日(土曜)から7月6日(月曜)の期間中に速度制限解除するためには、「1GB追加オプション(1,000円/1GB)」もしくは「128kbps通信解除(2,500円/2GB)」が必要となりますが、無料でご利用いただけます。※2 通常、ご契約プランのデータ量を超過した場合は、当月末まで通信速度が送受信最大128Kbpsもしくは1Mbpsになります。速度制限を解除するためには、「ギガホ」「5Gギガライト」「ギガライト」「ケータイプラン」「カケホーダイ&パケあえる」の場合、「1GB追加オプション(1,000円/1GB)」、Xi旧プランの場合、「128kbps通信解除(2,500円/2GB)」が必要となります。※3 2020年7月5日(日曜)以降販売開始となる端末については、本特別割引の対象外です。※4 水濡れや破損等により故障した携帯電話機をお預かりし、データをCD-RまたはDVD-Rにコピー、もしくは専用アプリにてお客さまへお渡しするサービスです。※5 お客さまよりお預かりした携帯電話端末の水濡れの状態によっては、データ復旧ができない、または一部しか復旧できない場合があります。なお、一部のデータ(ダウンロードデータ、おサイフケータイのICデータ等)は本サービスの対象外となります。※6 なお、「ドコモ光」の基本料金等の無料化、移転工事料金及び移転手数料の無料化については、お客さまよりご要望があった場合、実施期間終了後も引き続き対応いたします。※7 対象は「ドコモ光」基本料金および「ドコモ光」のその他付加機能使用料(ネットトータルサポート(ドコモ光)利用料、ドコモ光電話基本料、ドコモ光テレビオプション基本料等)。なお、「ドコモ光」回線工事料の分割請求分および、NTT東日本、NTT西日本からの工事費残債は無料化の対象外です。※8 「ドコモテレビターミナル」「ドコモテレビターミナル02」は、「dTV」「dTVチャンネル」「dアニメストア」「DAZN for docomo」「ひかりTV for docomo」「Disney+(ディズニープラス)」のいずれかのサービスをご契約されているお客さまが対象となります。※9 「ひかりTV for docomo」の基本料金等の無料化については、お客さまよりご要望があった場合、実施期間終了後も引き続き対応いたします。※10 対象は「ひかりTV for docomo」月額料金、「ひかりTV for docomo」月額有料コンテンツ(プレミアムチャンネル、プレミアムビデオ)の利用料金、「ひかりTV for docomo」個別有料コンテンツ(オプションビデオ)の利用料金です。※11 口座振替・クレジットカードによるお支払いをご利用のお客さまは、自動的に口座引き落としとなることから、対象外とさせていただきます。※12 返還するdポイントは、失効したdポイントの種別/有効期限に関わらず通常のdポイント(有効期限4年)とさせていただきます。*「5Gギガライト」「ギガライト」「ベーシックパック」「ベーシックシェアパック」「ビジネスベーシックシェアパック」「ケータイパック」「ドコモテレビターミナル」「dTV」「dTVチャンネル」は、株式会社NTTドコモの商標または登録商標です。報道発表資料に記載された情報は、発表日現在のものです。仕様、サービス内容、お問い合わせ先などの内容は予告なしに変更されることがありますので、あらかじめご了承ください。
2020年7月6日	（お知らせ）ドローンプラットフォーム「docomo sky」の新機能および新料金プランの提供を開始 -お客さまの用途に応じた最適な機能と料金プランを選択可能に-	https://www.nttdocomo.co.jp/info/news_release/2020/07/06_00.html	Tweet(お知らせ)ドローンプラットフォーム「docomo sky」の新機能および新料金プランの提供を開始-お客さまの用途に応じた最適な機能と料金プランを選択可能に-<2020年7月6日>株式会社NTTドコモ(以下、ドコモ)は、ドローンを業務で利用するあらゆる企業のお客さまに幅広くご利用いただくことを目的として、ドローンプラットフォーム「docomo sky&reg;※1」に、ドローンから撮影した静止画や動画を閲覧しやすくする機能やAIを活用した鉄塔のサビの自動検知機能など、新たに5つの機能を2020年7月6日(月曜)から追加いたします。また今回の機能拡張に合わせて料金プランも見直し、従来の1プランからお客さまの用途や使用頻度に応じて選択可能な3つの料金プランに変更して提供いたします。新たに提供開始するのは、高層建造物等の静止画を高度や方角ごとに整列させて表示する「バーティカルビューワー」、撮影動画を管理・確認することが可能な「動画ビューワー」、ドローンの操縦者がタブレット端末からの簡易な操作でドローンをコントロールできる「鉄塔点検アプリ(高層建造物点検用)※2」、撮影映像を多拠点へ同時中継できる「ライブ配信アプリ※2」の4つの機能です。さらに鉄塔の保守作業向けのオプション機能として、ドローンで撮影した鉄塔の画像からAIを活用して自動でサビを検知する「AIサビ検知」も新たに提供いたします。今回の5つの機能拡充により、鉄塔を含む高層建造物点検や橋梁点検における業務の効率化や点検品質の平準化、災害対策における遠隔地からの安全かつ迅速な被災状況の確認など、幅広い分野においてドローンをさらに活用いただくことが可能となります。また、新機能提供開始にあわせて料金プランを見直し、これまで1種類のみ提供していた基本プランをさまざまなニーズに合わせた3プランへ拡充します。新たな基本プランでは、docomo skyの基本機能を月額8,000円からご利用いただける「ライト」、基本機能に加え、バーティカルビューワーやライブ配信アプリを月額55,000円でご利用いただける「スタンダード」、さらにドローンの機体数や利用頻度の多いお客さま向けに月額330,000円でご利用いただける「エンタープライズ」の3プランから、お客さまの用途やご利用頻度に合わせて最適な料金プランをご選択いただけるようになります。ドコモは、さまざまな産業分野のパートナーとの協業を通じて、安全かつ効率的に多くのドローンを運用するプラットフォームの実現をめざしています。今後もドコモは、docomo skyのサービス拡充を通じ、インフラの老朽化や高齢化社会による労働人口の減少などの社会課題解決に取り組んでまいります。「docomo sky(ドコモスカイ)」は、ドローンを活用してビジネスを展開する企業向けにドローン運用をトータルにサポートするサービスです。ドローンとプラットフォームをモバイルネットワークで常時接続することで、複数台の自動飛行、目視外での遠隔操作、機体情報やフライトの管理、撮影画像データ等を取得し管理・分析を行うまでの一連の運用についてWEB上での管理が可能となります。
2020年7月13日	（お知らせ）5GとARスマートグラスを活用した遠隔作業支援ソリューション「AceReal for docomo」の提供を開始 -リモート型社会に適した遠隔からの業務支援やスキル伝達を実現-	https://www.nttdocomo.co.jp/info/news_release/2020/07/13_00.html	Tweet(お知らせ)5GとARスマートグラスを活用した遠隔作業支援ソリューション「AceReal for docomo」の提供を開始-リモート型社会に適した遠隔からの業務支援やスキル伝達を実現-<2020年7月13日>サン電子株式会社株式会社NTTドコモサン電子株式会社(以下、サン電子)と株式会社NTTドコモ(以下、ドコモ)は、ARスマートグラスと5Gネットワークを用いて、リモート環境から現場に的確な指示を出せる遠隔作業支援ソリューション「AceReal&reg; for docomo」を、2020年7月13日(月曜)から法人のお客さま向けに提供開始します。「AceReal for docomo」は、ARスマートグラス、業務支援アプリケーション、サポートサービス、「クラウドダイレクトTM※1」がセットとなり、遠隔からの現場作業を支援するソリューションです。現場作業者がARスマートグラスを装着し、現場の映像や音声を遠隔支援者にリアルタイムに伝送するだけでなく、ドコモのネットワーク内に設置したクラウド基盤「ドコモオープンイノベーションクラウド&reg;※2」上にある業務支援アプリケーション「AceReal Apps」を活用することで、支援者は作業者が必要とするマニュアルや、作業指示を書いた現場画像等をARスマートグラス上に表示させることができます。<遠隔作業支援のイメージ>利用シーンは、主に製造業における製品の保守メンテナンス業務や、電気・ガスなどインフラ業における設備点検業務、農業におけるベテラン農家から新人農家へのノウハウ伝達などを想定しています。このような業務では、これまでベテランの作業者がスキルを伝達する相手と現場に同行することが多かったと想定されますが、「AceReal for docomo」をご活用いただくことで、業務の効率化や出張コストの削減、また新型コロナウイルス感染症対策に有効であると考えております。さらに、「AceReal for docomo」は、「クラウドダイレクト」に対応した通信回線やARスマートグラスの初期設定、導入後のサポートなどもワンパッケージでご提供するため、お客さまはよりセキュアかつ低遅延※3に本サービスをご利用いただけるほか、安心してご導入いただくことができます。サン電子とドコモは今後も、両社のもつ製品・技術・サービスを通じて新しい価値の創出や社会課題の解決に貢献し、お客さまの生活がより便利で、豊かなものになるよう努めてまいります。詳細は別紙をご覧ください。
2020年7月13日	（お知らせ）株式会社Mobility Technologiesとの資本・業務提携契約を締結	https://www.nttdocomo.co.jp/info/news_release/2020/07/13_01.html	Tweet(お知らせ)株式会社Mobility Technologiesとの資本・業務提携契約を締結<2020年7月13日>株式会社NTTドコモ(以下、ドコモ)は、国内トップシェアのタクシー配車アプリ「JapanTaxi」、「MOV」や交通事故削減支援サービス「DRIVE CHART」の運営などを展開する株式会社Mobility Technologies(以下、MoT社)※1と、ドコモの保有する会員基盤や決済サービス「d払い&reg;」のビジネスの拡大、MaaSの発展やスマートシティを見据えた、データビジネスや自動運転などにおける事業化検討を目的に、以下のとおり資本・業務提携契約を締結いたしましたので、お知らせいたします。1. 業務提携の背景・内容ドコモは、これまで中期戦略「beyond宣言」に基づき、次世代モビリティを推進しており、タクシー乗車需要を予測する「AIタクシー&reg;」や、リアルタイムに発生する乗降リクエストに対して、AIを活用して最適なルートと車両を算出し効率的な配車を可能とする「AI運行バス&reg;」、および「ドコモバイクシェア」や「dカーシェア&reg;」などモビリティ分野において多岐にわたるサービスの提供を行ってまいりました。また、2018年7月に前身のJapanTaxi株式会社と資本・業務提携契約を締結し、「JapanTaxi」アプリや、全国展開をしているQRコード決済機能を搭載した広告タブレットに、ドコモの「d払い」を導入するほか、ミニアプリでの連携や、「AIタクシー」の実証実験など、モビリティ分野において双方のサービスの価値向上のための取組みを行ってまいりました。今回の提携において、以下の取組みを実施する予定です。【今後の取組み(予定)】
2020年7月14日	（お知らせ）ドコモと竹中工務店が建築現場のデジタル変革に向けた共同検討に合意 -建築現場の最前線における働き方の新たなスタンダードモデル構築をめざす-	https://www.nttdocomo.co.jp/info/news_release/2020/07/14_00.html	Tweet(お知らせ)ドコモと竹中工務店が建築現場のデジタル変革に向けた共同検討に合意-建築現場の最前線における働き方の新たなスタンダードモデル構築をめざす-<2020年7月14日>株式会社NTTドコモ株式会社竹中工務店株式会社NTTドコモ(代表取締役社長:吉澤 和弘、以下、ドコモ)と株式会社竹中工務店(取締役社長:佐々木 正人、以下、竹中工務店)は、建築現場における「人」の活動に焦点をあてた生産性向上を目的とした、デジタル変革の共同検討に着手することに合意しました。近年、建設業界では建物の設計・生産・運用段階にいたるまでデジタル技術の活用が拡大しています。一方、生産の最前線である建築現場においては、個人のスキルや、アナログなコミュニケーションに依存しており、デジタル技術の活用は限定的となっています。ドコモと竹中工務店は、建築現場における「人」の活動や建築現場という「協働」の場での情報伝達をデジタル技術で支援することで、「デジタル技術を活かした建築現場の業務改革」による生産プロセスの最適化を実現します。さらに、建築現場の工事計画や工事管理などの業務データやバイタル、歩数、位置データなどの「人」に関するIoTデータを蓄積し、将来の建築現場に活用することで、生産性の持続的向上を図るとともに、建築現場の最前線における働き方の新しいスタンダードモデルの構築をめざします。今後、両社は現場起点のデジタル変革の推進に向けた各種ワーキンググループを設置し、竹中工務店が有する建築現場の知見と、ドコモが有するIoTやAI、XR※1などの知見を連携させてまいります。また、建築現場の課題に対して、すぐれたソリューションを有するスタートアップ企業などとの連携や、業界全体への働きかけを進め、建設業界全体の生産性および安全性向上と魅力向上に資する取り組みを推進してまいります。別紙 建築現場のデジタル変革に向けた取り組みの概要1. 目的従来の建築現場における個人スキルへの依存やアナログなコミュニケーションスタイルに代表される業務形態を、IoTやデジタル化により変革し、生産プロセスを最適化させることで、生産性の持続的な向上を図ります。【イメージ図】2. 具体例「協働」の支援これまで対面で行われていたコミュニケーションをデジタル技術で支援します。具体例番号具体的な取り組み概要
2020年7月21日	「docomo Wi-Fi for visitors」の提供を終了	https://www.nttdocomo.co.jp/info/news_release/2020/07/21_00.html	Tweet「docomo Wi-Fi for visitors」の提供を終了<2020年7月21日>株式会社NTTドコモ(以下、ドコモ)は、訪日外国人向けのプリペイド式公衆Wi-Fiサービス「docomo Wi-Fi for visitors」(以下、本サービス)の提供を、2021年2月28日(日曜)をもって終了いたします。本サービスは、「docomo Wi-Fi」のネットワークを活用し、主に訪日外国人を対象に提供しているキャリアフリー型の公衆Wi-Fiサービスです。2014年8月からトライアルサービスとしてご利用いただき、2017年3月30日に正式に提供を開始しました。個人のお客さまに直接販売するとともに、訪日外国人を顧客とする法人のお客さまに対して本サービスが利用できるクーポンを販売するなど、サービスの拡充に努めてまいりました。しかしながら、現在の事業環境に鑑み、経営資源を集中すべくサービスを終了することといたしました。なお、サービス終了に先立ち、2020年8月31日(月曜)をもって本サービスの新規申込みの受付を終了いたします。提供終了までのスケジュール新規申込み受付終了 :2020年8月31日(月曜)サービス終了    :2021年2月28日(日曜)ドコモは2020年3月から、無料でご利用いただけるdポイントクラブ会員向けの公衆Wi-Fiサービス「d Wi-Fi&reg;」を提供しており、今後は訪日外国人の方にも「d Wi-Fi」をご案内してまいります。引き続きお客さまへの一層のサービス向上に取り組んでまいりますので、何卒ご理解賜りますようお願い申し上げます。
2020年7月22日	（お知らせ）「ドコモ スマートフォン arrows 5G F-51A」を発売	https://www.nttdocomo.co.jp/info/news_release/2020/07/22_00.html	ロック解除から1秒※3アプリ起動。キャッシュレス支払いも即完了。指紋認証によるロック解除と同時に、事前に特定の指に紐づけ設定したアプリを瞬間起動。arrowsの独自技術により、設定したアプリの起動時間も短縮。レジ前でのキャッシュレス決済アプリやゲームアプリの起動など、普段使いを高速化。リッチな動画やゲームを楽しめるハイスペック&ハイパフォーマンス設計。約6.7インチの大画面有機ELディスプレイと、DolbyAtmosのサウンドで、迫力ある動画が楽しめる。ゲームパフォーマンス向上を図ったElite Gaming deviceとして、高いグラフィック性能と低遅延でのBluetooth接続(aptXTM Adaptive)を実現、さらに効率よく排熱するベイパーチャンパー方式を採用することで過熱を抑え、快適にゲームを楽しめる。アウト約4800万/イン約3200万の高画素カメラ。アウトカメラ/インカメラ、どちらで撮影しても高画素で綺麗。arrows独自のワイプ撮影と組み合わせることで、アウトカメラとインカメラが同時に撮れる。美しい山の風景を撮影しながら、楽しかった自分の表情も一緒に残したり、みんなを撮影しているとき、撮影者自身も一緒に写ることができるので、思い出の残し方が広がる。
2020年7月27日	「新型コロナウイルス感染症の流行に伴うU25向け支援措置」の再延長	https://www.nttdocomo.co.jp/info/news_release/2020/07/27_00.html	Tweet「新型コロナウイルス感染症の流行に伴うU25向け支援措置」の再延長<2020年7月27日>株式会社NTTドコモ(以下、ドコモ)は、「新型コロナウイルス感染症の流行に伴うU25向け支援措置」(以下、本支援)を、当初予定していた4月末から7月末まで延長して実施しておりますが、引き続き大学等でリモート学習が実施されている状況を踏まえ、本支援の実施期間を8月末まで再延長いたします。なお、本支援については8月末をもって終了予定とさせていただきます。本支援は、全国の学校において、新型コロナウイルス感染症の感染拡大防止を目的に遠隔授業やオンライン学習を実施している状況を踏まえ、学生の通信環境を確保するために実施しているものです。2020年4月1日(水曜)時点の契約者または利用者※1の年齢が25歳以下かつ、対象プランをご契約のお客さまを対象に、2020年4月から8月までのご利用分の「スピードモード&reg;」ならびに「1GB追加オプション」を、50GBを上限に無償化いたします。なお、ドコモではテザリングを利用する際の追加オプション料金や、テザリングに利用できるデータ量の制限などはございません。PC等でのオンライン学習にもご活用いただけます。本支援の詳細は別紙の通りです。別紙1 「新型コロナウイルス感染症の流行に伴うU25向け支援措置」再延長の概要別紙2 「新型コロナウイルス感染症の流行に伴うU25向け支援措置」を利用したオンライン学習時の利用可能データ量の追加方法について別紙1 「新型コロナウイルス感染症の流行に伴うU25向け支援措置」再延長の概要1. 実施期間2020年4月1日(水曜)～2020年8月31日(月曜)2. 支援内容「新型コロナウイルス感染症の流行に伴うU25向け支援措置」は、25歳以下を対象とした支援措置です。対象料金プランをご契約中のお客さまを対象として、「スピードモード」および「1GB追加オプション」のご利用料金(1,000円/1GB(税別))のお支払いを、50GBを上限に無償化いたします。支援措置詳細契約種別
2020年7月30日	東北地方における大雨に伴う支援措置について～災害時データ無制限モード等の実施～	https://www.nttdocomo.co.jp/info/news_release/detail/20200730_00_m.html	Tweet東北地方における大雨に伴う支援措置について～災害時データ無制限モード等の実施～<2020年7月30日>このたびの東北地方の大雨により、被災された皆さまに心よりお見舞い申し上げます。NTTドコモは、このたびの東北地方の大雨により被災された地域のお客さまを対象に、以下の支援措置を実施します。1.実施内容(1)災害時データ無制限モードの実施(2)付属品の無償提供(3)携帯電話機購入時における特別割引の実施(4)一部手数料の無料化(5)故障修理代金の一部減額など(6)ケータイ補償サービスの対応(7)ケータイデータ復旧サービスの無料化(8)代替機賠償金の無料化(9)受付手続きの緩和(10)「ドコモ光」の基本料金などを無料化(11)「ドコモ光」などに関する一部機器の無償提供(12)「ひかりTV for docomo」基本料金などの返還(13)料金支払い期限の延長(14)失効したdポイントの返還2.対象となるお客さま実施内容(1):対象地域において、「契約者住所」または「請求書送付先住所」のいずれかがあるお客さま(個人・法人)実施内容(2)-(8):対象地域において、「契約者住所」、「請求書送付先住所」のいずれかがあるお客さま(個人・法人)かつ、今回の災害により携帯電話等を破損、故障、紛失されたお客さま(個人・法人)。実施内容(9):対象地域において、「契約者住所」、「請求書送付先住所」または「ドコモ光設置場所住所」のいずれかがあるお客さま(個人・法人)かつ、今回の災害により携帯電話等を破損、故障、紛失された、またはドコモ光が利用できない期間があったお客さま(個人・法人)。実施内容(10)-(11):対象地域において、「ドコモ光設置場所住所」があるお客さま(個人・法人)かつ、今回の災害によりドコモ光が利用できない期間があったお客さま(個人・法人)。実施内容(12):対象地域に「光設置場所住所」があるお客さま(個人・法人)かつ、今回の災害により「ひかりTV for docomo」が利用できない期間があったお客さま(個人・法人)。実施内容(13):対象地域において、「請求書送付先住所」があるお客さま(法人・個人)。実施内容(14):対象地域において、「携帯電話・ドコモ光・dカードの契約者住所」または、「請求書送付先住所」のいずれかがあるお客さま(個人)かつ、今回の災害によりdポイントが利用できず失効してしまったお客さま(個人)。3.お申し出の要否一部必要(お申し出不要の支援措置については、対象となるお客さまは自動適用となります)。4.実施時期2020年7月28日(火曜)から2020年8月31日(月曜)5.対象地域<山形県>山形市、米沢市、鶴岡市、酒田市、新庄市、寒河江市、上山市、村山市、長井市、天童市、東根市、尾花沢市、南陽市、東村山郡山辺町、東村山郡中山町、西村山郡河北町、西村山郡西川町、西村山郡朝日町、西村山郡大江町、北村山郡大石田町、最上郡最上町、最上郡舟形町、最上郡大蔵村、最上郡戸沢村、東置賜郡高畠町、東置賜郡川西町、西置賜郡小国町、西置賜郡白鷹町、西置賜郡飯豊町、東田川郡三川町、東田川郡庄内町 【別紙】対象地域のお客さまに対する主な支援措置実施内容1.災害時データ無制限モードの実施2020年7月28日(火曜)から2020年8月31日(月曜)までの期間、以下の支援を実施します。(1)「5Gギガライト」「ギガライト」、「ベーシックパック」、「ベーシックシェアパック」、「ビジネスベーシックシェアパック」、「ケータイパック」のお客さまは、7月分につきましては「災害時データ無制限モード」の発動までに利用したデータ量に応じたご利用料金が適用となります。8月分につきましては、「5Gギガライト」「ギガライト」、「ベーシックパック」、「ベーシックシェアパック」、「ビジネスベーシックシェアパック」のお客さまはステップ1の料金、「ケータイパック」のお客さまは定額料の300円のご請求となります。(2)「災害時データ無制限モード」中は、利用可能データ量の上限に到達しても速度制限がかからなく※1なります。(3)速度制限※2中のお客さまは、速度制限を解除し高速通信でご利用いただけます。「災害時データ無制限モード」 支援内容(1)のイメージ(ギガライトをご利用の場合)<7月><8月>2.付属品の無償提供2020年7月28日(火曜)から2020年8月31日(月曜)までの期間、今回の災害により携帯電話の付属品を破損、故障、紛失された対象地域のお客さまに対して、電池パック・ACアダプタ・DCアダプタ・ポケットチャージャーなどを無償で提供しております。対象地域のドコモショップにて受付いたします。3.携帯電話機購入時における特別割引の実施2020年7月28日(火曜)から2020年8月31日(月曜)までの期間、今回の災害により携帯電話を破損、故障、紛失された対象地域のお客さまに対して、携帯電話機※3購入時の特別割引を行います。対象地域のドコモショップにて受付いたします。4.一部手数料の無料化2020年7月28日(火曜)から2020年8月31日(月曜)までの期間、今回の災害により携帯電話を破損、故障、紛失された対象地域のお客さまに対して、「契約事務手数料(契約変更)」、「登録等手数料(機種変更)」「UIM再発行時の手数料」の無料化を行います。対象地域のドコモショップにて受付いたします。5.故障修理代金の一部減額など2020年7月28日(火曜)から2020年8月31日(月曜)までの期間、今回の災害により携帯電話を破損、故障された対象地域のお客さまに対して、携帯電話機の故障修理代金の一部減額などを行います。対象地域のドコモショップにて受付いたします。6.ケータイ補償サービスの対応2020年7月28日(火曜)から2020年8月31日(月曜)までの期間、今回の災害により携帯電話を破損、故障された対象地域のお客さまに対して、本災害を理由にケータイ補償サービスのお申込みを受付いたします。対象地域のドコモショップにて受付いたします。7.ケータイデータ復旧サービス※4の無料化2020年7月28日(火曜)から2020年8月31日(月曜)までの期間、今回の災害により携帯電話を破損、故障された対象地域のお客さまに対して、通常データ復旧成功時※5にいただく復旧代金を無料とします。対象地域のドコモショップにて受付いたします。8.代替機賠償金の無料化2020年7月28日(火曜)から2020年8月31日(月曜)までの期間、今回の災害により携帯電話を破損、故障された対象地域のお客さまに対して、代替機の賠償金を請求いたしません。対象地域のドコモショップにて受付いたします。9.受付手続きの緩和2020年7月28日(火曜)から2020年8月31日(月曜)までの期間、今回の災害により携帯電話を破損、故障、紛失された、またはドコモ光が利用できない期間があった対象地域のお客さまに対して、お客さまが対象地域のドコモショップに来店し手続きを行う際、本人確認書類に不足があった場合であっても、後日、本人確認等をさせていただくことを条件に受付手続きを行います。10.「ドコモ光」の基本料金などを無料化2020年7月28日(火曜)から2020年8月31日(月曜)までの期間※6、今回の災害により避難などのため「ドコモ光」をご利用できなかった場合、お客さまのお申し出に基づき、当該期間中の「ドコモ光」基本料金など※7の無料化及び被災により仮住居へ転居する場合、「ドコモ光」の移転工事料金、移転手数料を無料といたします。受付については、対象地域のドコモショップやインフォメーションセンターなどにて行います。また、避難指示・避難勧告が発令されてから解除までの期間が24時間以上となる地域、または通信局の故障や停電により「ドコモ光」がご利用になれなかった期間が24時間以上となる地域のお客さまにつきましては、お申し出がなくても期間中の「ドコモ光」基本料金などを1日単位で無料といたします。なお、「ドコモ光」の故障については、113センターにて受付いたします。11.「ドコモ光」などに関する一部機器の無償提供2020年7月28日(火曜)から2020年8月31日(月曜)までの期間、「ドコモ光」をご契約されている対象地域のお客さまに対して、今回の災害により破損、故障、紛失などとなった「ドコモ光ルーター01」「ドコモテレビターミナル」「ドコモテレビターミナル02」※8を無償で提供いたします。対象地域のドコモショップにて受付いたします。12.「ひかりTV for docomo」基本料金などの返還2020年7月28日(火曜)から2020年8月31日(月曜)までの期間※9、災害により「ひかりTV for docomo」をご利用できなかった場合、お客様からのお申出に基づき、利用不可期間の「ひかりTV for docomo」の基本料金など※10を返還いたします。また、災害により「ひかりTV for docomo(2年割)」のご利用ができず、「ひかりTV for docomo(2年割)」を解約する場合、お客様からのお申出に基づき、「ひかりTV for docomo(2年割)」解約金を免除いたします。13.料金支払い期限の延長対象地域の被災されたお客さまが、携帯電話・「ドコモ光」などのご利用料金をドコモショップ、コンビニエンスストア、金融機関の窓口でお支払いただいている場合、2020年7月ご請求(2020年6月ご利用)分について、請求書の支払期限を、2020年8月31日(月曜)まで延長いたします※11。14.失効dポイントの返還2020年7月28日(火曜)から2020年8月31日(月曜)までの期間、今回の災害によりdポイントの利用が出来ず、8月末までの有効期限を失効してしまったお客さまへのdポイントの返還※12を実施いたします。dポイントカスタマーセンターにて受付いたします。※1 速度制限が自動で解除されるのは7月30日(木曜)となります。※2 通常、ご契約プランのデータ量を超過した場合は、当月末まで通信速度が送受信最大128Kbpsもしくは1Mbpsになります。速度制限を解除するためには、「ギガホ」「5Gギガライト」「ギガライト」「ケータイプラン」「カケホーダイ&パケあえる」の場合、「1GB追加オプション(1,000円/1GB)」、Xi旧プランの場合、「128kbps通信解除(2,500円/2GB)」が必要となります。※3 2020年7月5日(日曜)以降販売開始となる端末については、本特別割引の対象外です。※4 水濡れや破損等により故障した携帯電話機をお預かりし、データをCD-RまたはDVD-Rにコピー、もしくは専用アプリにてお客さまへお渡しするサービスです。※5 お客さまよりお預かりした携帯電話端末の水濡れの状態によっては、データ復旧ができない、または一部しか復旧できない場合があります。なお、一部のデータ(ダウンロードデータ、おサイフケータイのICデータ等)は本サービスの対象外となります。※6 なお、「ドコモ光」の基本料金等の無料化、移転工事料金及び移転手数料の無料化については、お客さまよりご要望があった場合、実施期間終了後も引き続き対応いたします。※7 対象は「ドコモ光」基本料金および「ドコモ光」のその他付加機能使用料(ネットトータルサポート(ドコモ光)利用料、ドコモ光電話基本料、ドコモ光テレビオプション基本料等)。なお、「ドコモ光」回線工事料の分割請求分および、NTT東日本、NTT西日本からの工事費残債は無料化の対象外です。※8 「ドコモテレビターミナル」「ドコモテレビターミナル02」は、「dTV」「dTVチャンネル」「dアニメストア」「DAZN for docomo」「ひかりTV for docomo」「Disney+(ディズニープラス)」のいずれかのサービスをご契約されているお客さまが対象となります。※9 「ひかりTV for docomo」の基本料金等の無料化については、お客さまよりご要望があった場合、実施期間終了後も引き続き対応いたします。※10 対象は「ひかりTV for docomo」月額料金、「ひかりTV for docomo」月額有料コンテンツ(プレミアムチャンネル、プレミアムビデオ)の利用料金、「ひかりTV for docomo」個別有料コンテンツ(オプションビデオ)の利用料金です。※11 口座振替・クレジットカードによるお支払いをご利用のお客さまは、自動的に口座引き落としとなることから、対象外とさせていただきます。※12 返還するdポイントは、失効したdポイントの種別/有効期限に関わらず通常のdポイント(有効期限4年)とさせていただきます。*「5Gギガライト」「ギガライト」「ベーシックパック」「ベーシックシェアパック」「ビジネスベーシックシェアパック」「ケータイパック」「ドコモテレビターミナル」「dTV」「dTVチャンネル」は、株式会社NTTドコモの商標または登録商標です。報道発表資料に記載された情報は、発表日現在のものです。仕様、サービス内容、お問い合わせ先などの内容は予告なしに変更されることがありますので、あらかじめご了承ください。
2020年7月31日	（お知らせ）「ずっとはじめてスマホ割」「おしゃべり割」を提供開始 -ドコモのスマートフォンが5分通話無料で月額980円から利用可能-	https://www.nttdocomo.co.jp/info/news_release/2020/07/31_00.html	Tweet(お知らせ)「ずっとはじめてスマホ割」「おしゃべり割」を提供開始-ドコモのスマートフォンが5分通話無料で月額980円から利用可能-<2020年7月31日>株式会社NTTドコモ(以下、ドコモ)は、ケータイ(フィーチャーフォン)からスマートフォンへ移行するお客さまを対象に、毎月1,000円割引する「ずっとはじめてスマホ割」と、最大12か月間700円割引する「おしゃべり割」を2020年8月5日(水曜)から提供開始いたします。「ずっとはじめてスマホ割」は、ケータイ(フィーチャーフォン)をご利用中のお客さまが、他社からのお乗り換えまたは指定料金プランからの変更など※1と同時に、「ドコモのギガプラン※2」をお申込みいただくことで、毎月のご利用料金から1,000円割引いたします。※3「おしゃべり割」は、「ずっとはじめてスマホ割」が適用となるお手続きと同時に音声オプション※4をお申込みいただくことで、音声オプションのご利用料金から最大12か月間、700円割引いたします。「ずっとはじめてスマホ割」と、最大12か月割引の「おしゃべり割」「はじめてスマホ割&reg;」を適用することで、「ギガライト&reg;」の場合、最大12か月間、1回あたり5分までの国内通話が無料で、月額980円※5※6からご利用いただけます。ドコモは今後も、一人ひとりのライフスタイルに寄り添い、安心して長く使い続けていただける料金サービスのさらなる充実をめざしてまいります。「ずっとはじめてスマホ割」と「おしゃべり割」の詳細は別紙をご覧ください。指定料金プランからの変更などとは、契約変更(FOMA5G、FOMAXi)または、キッズケータイプラン、ケータイプラン、カケホーダイプラン(ケータイ)、カケホーダイライトプラン(ケータイ)、シンプルプラン(ケータイ)からドコモのギガプランへの変更をさします。
2020年8月4日	（お知らせ）国内初、TVCMやWEB広告、デジタルOOHの接触から購買までの効果測定をID単位で可能とする「docomo data square」を提供開始	https://www.nttdocomo.co.jp/info/news_release/2020/08/04_00.html	Tweet(お知らせ)国内初、TVCMやWEB広告、デジタルOOHの接触から購買までの効果測定をID単位で可能とする「docomo data square」を提供開始<2020年8月4日>株式会社NTTドコモ株式会社電通株式会社電通デジタル株式会社LIVE BOARD株式会社D2C株式会社NTTドコモ(以下、ドコモ)、株式会社電通(以下、電通)、株式会社電通デジタル(以下、電通デジタル)、株式会社LIVE BOARD(以下、LIVE BOARD)、株式会社D2C(以下、D2C)の5社は、国内初※1の取り組みとして、TVCM、WEB広告やデジタルOOH広告の接触から商品購買までの効果測定がID単位※2で可能となる「docomo data squareTM(ドコモデータスクエア)」を2020年8月4日(火曜)から提供開始します。「docomo data square」は、ドコモが保有する位置情報データやdポイント会員データと、電通グループが「People Driven DMP&reg;※3」で保有する「STADIA※4」をはじめとしたテレビ・デジタル等のメディア接触データ、LIVE BOARDが配信可能なデジタルOOH※5(LIVE BOARD マーケットプレイス※6)の配信ログ、及びD2Cの広告配信ログを、ドコモが保有する基盤にて統合することで、ID単位をキーとしたデータベースとして分析※7が可能となります。これにより、従来のマーケティングで課題であった「オフラインデータとオンラインデータの統合」や、「ID単位でターゲティングが可能な良質なメディアの統合」、および「広告と販売促進の統合」が可能となり、生活者に対して、より便益のある情報を提供することができます。また、オフラインでの購買や来店の効果をID単位で可視化できることで、効率よくPDCAサイクルを回すことが可能となり、マーケティング活動の効果効率を向上させることができます。「docomo data square」の3つの課題解消によるマーケティング効果の向上「docomo data square」は、上記の3つの課題解消を、ID単位で統合された環境で実現しております。トライアルとして実施した来店率をKPIとするコミュケーション施策において、「docomo data square」を使うことで、これまで困難であったデジタルOOHの来店効果を検証しました。その結果、デジタルOOHの効果の高さや、デジタルOOHとTVCMおよびWEB広告の重複接触時の相乗効果などが見られました。今後も、ドコモ、電通、電通デジタル、LIVE BOARD、D2Cは、お客様に広告や販促を通じて便益を提供する中で、個人を特定しないセキュアなデータ統合環境を通じて、購買を起点とした統合マーケティング活動およびCRMの推進を共同で行うことで、広告主のマーケティング活動の質を向上するべく尽力してまいります。
2020年8月4日	XRサービスの企画開発をする新会社「株式会社複合現実製作所」を設立 -XR技術とMRデバイスを活用したサービスで業務の高度化・効率化を実現-	https://www.nttdocomo.co.jp/info/news_release/2020/08/04_01.html	TweetXRサービスの企画開発をする新会社「株式会社複合現実製作所」を設立-XR技術とMRデバイスを活用したサービスで業務の高度化・効率化を実現-<2020年8月4日>株式会社NTTドコモ(以下、ドコモ)は、XR技術を活用したサービスの企画開発をする新会社「株式会社複合現実製作所(以下、複合現実製作所)」を2020年8月4日(火曜)に設立します。新会社設立は、ドコモグループにおける新規事業の創出をめざす社内ベンチャー制度を利用して、社員のアイデアを事業化するものです。新会社設立の目的鉄工業界は、技術者の高齢化や人手不足の課題を抱えており、ICT化による業務の高度化・効率化が求められています。複合現実製作所は、XR技術とMRデバイスなどの次世代デバイスを活用したXRサービスの企画・開発および提供を行い、XR技術を実用化することで鉄工業界の課題を解決します。また、XR技術を活用したサービスを他業界へも展開することで、XR技術を普及・拡大させ、社会が抱える後継者問題や技術継承問題、人手不足などの課題解決に貢献します。
2020年8月4日	（お知らせ）「dヘルスケア」有料サービスを「dヘルスケア（300円）」に統合しヘルスケア領域を強化	https://www.nttdocomo.co.jp/info/news_release/2020/08/04_02.html	Tweet(お知らせ)「dヘルスケア」有料サービスを「dヘルスケア(300円)」に統合しヘルスケア領域を強化<2020年8月4日>株式会社NTTドコモ(以下、ドコモ)は、ドコモの健康支援サービス「dヘルスケア&reg;」の有料サービスを、「dヘルスケア(300円)」に統合し、ひとつのアプリで日々の健康状態を管理でき、お悩みに応じたアドバイスの配信や健康相談が受けられるよう、ヘルスケアのサービスを強化してまいります。「dヘルスケア」アプリ画像イメージこれに伴い、「dヘルスケア(500円)」の提供を2021年4月30日(金曜)に終了いたします。「dヘルスケア(500円)」は、健康に関する各種使い放題コンテンツをご利用いただけるパッケージサービスとして月額500円(税抜)で提供してまいりました。また、使い放題コンテンツのうち単体サービスとしても提供してまいりました、体内時計を整えて理想のカラダづくりをサポートする「からだの時計 WM」(月額300円(税抜))、生理周期・基礎体温管理から妊活までサポートする「カラダのキモチ」(月額300円(税抜)※1)も併せて提供を終了させていただきます。なお、「dヘルスケア(500円)」をご利用のお客さまには、「dヘルスケア(300円)」へご加入いただくと、dポイント(期間・用途限定)が最大1,000ポイントもらえるキャンペーンを、また、「からだの時計 WM」をご契約のお客さまには、「dヘルスケア(300円)」へご加入いただくと、dポイント(期間・用途限定)が300ポイントもらえるキャンペーンを、本日から開始いたします。今後のスケジュール(「dヘルスケア(500円)」「からだの時計 WM」「カラダのキモチ」)「dヘルスケア(300円)」への移行キャンペーン:2020年8月4日(火曜)午後3時～2021年1月6日(水曜)午後11時59分新規受付停止2020年8月31日(月曜)午後11時59分サービス終了2021年4月30日(金曜)午後11時59分ドコモは今後もヘルスケア分野においてdヘルスケアを中心に、お客さまへの一層のサービス向上に取り組んでまいります。お客さまからご要望の多い体温や消費カロリーなどの管理項目を順次追加していく予定です。また、健康経営推進を目的とする法人向けサービスとして「dヘルスケア for Biz」も提供しております。なお、「dヘルスケア(300円)」への移行キャンペーンの詳細は別紙のとおりです。別紙 「dヘルスケア(300円)」移行キャンペーン参考 「dヘルスケア(500円)」で提供中のコンテンツに関する今後の対応別紙 「dヘルスケア(300円)」移行キャンペーン1. 概要「dヘルスケア(500円)」をご利用のお客さま向け「dヘルスケア(300円)」へご加入いただくと、dポイント(期間・用途限定)が最大1,000ポイントもらえるキャンペーンを実施「からだの時計 WM」をご契約のお客さま向け「dヘルスケア(300円)」へご加入いただくと、dポイント(期間・用途限定)が300ポイントもらえるキャンペーンを実施2. キャンペーン期間2020年8月4日(火曜)午後3時00分～2021年1月6日(水曜)午後11時59分3. 適用条件「dヘルスケア(500円)」をご利用のお客さま向けキャンペーン期間中に同月内で「dヘルスケア(500円)」から「dヘルスケア(300円)」にご契約変更をされた方で、かつ、dポイント進呈時に「dヘルスケア(300円)」のご契約を継続されている方「からだの時計 WM」をご契約のお客さま向けキャンペーン期間中に新規で「dヘルスケア(300円)」のご契約をされた方で、かつ、dポイント進呈時に「dヘルスケア(300円)」のご契約を継続されている方4. キャンペーンURL「dヘルスケア(300円)」https://dhealthcare.net/app/hosuu_campaign「からだの時計 WM」https://tokeisw.watashi-move.jp/campaign3/index.html(参考)「dヘルスケア(300円)」の概要
2020年8月6日	（お知らせ）小学生向けプログラミング教材「センサープログラミングPIoT」の提供開始	https://www.nttdocomo.co.jp/info/news_release/2020/08/06_00.html	Tweet(お知らせ)小学生向けプログラミング教材「センサープログラミングPIoT」の提供開始<2020年8月6日>株式会社NTTドコモ(以下、ドコモ)は、教育現場におけるプログラミング教育の普及をめざし、さまざまなセンサーデバイスと、プログラミング学習で広く普及が進む「Scratch※1」を活用した小学生向けプログラミング教材「センサープログラミングPIoTTM(ピオット)」を、本日から自治体や小学校向けに提供開始します。本教材は、小学校教育における多様な授業に対して、プログラミング導入を容易にする小学校向けのパッケージ教材です。教育現場において手軽に活用いただくため、小学校で広く普及している「Scratch」をベースに開発したアプリケーション「Sensor Programing App」、「センサー」、先生を支援するための「動画コンテンツ」を1つのパッケージとして提供します。本教材を活用することで、たとえば、新学習指導要領に例示されている、センサーを活用する理科の授業「電気の利用」をはじめ、空気の温まり方の測定や光の性質を調べる授業など、センサーの組み合わせ次第で、さまざまなプログラミング学習が可能となります。身近なデータを使ったリアルなプログラミング体験ができるため、児童は身の回りの事象に興味を広げることができ、授業理解度を深めるとともに、2020年から小学校で必修化されたプログラミング教育の目的であるプログラミング的思考を広い視点で習得することができます。<センサープログラミングPIoTサービスイメージ>本教材は、ドコモの研究開発部門・法人部門が組織横断的に混成チームを構成し、法人のお客さまの課題解決を図る「トップガン&reg;※2」の取組みにより創出しました。なお、アプリケーション開発には、センサーデバイスを連携させるプラットフォーム「Linking&reg;※3」を活用しています。今後もドコモは、本教材を活用し、学校教育におけるプログラミング教育を支援してまいります。別紙 「センサープログラミングPIoT」の概要1. 主な特長教育現場のプログラミング教育のツールとして、広く普及が進んでいる「Scratch」をベースにしたアプリで、センサーと接続することができるため、「Scratch」を活用している学校への導入が容易。アプリケーションとセンサーに加え、指導案、解説動画、プログラムサンプルも含めたパッケージサービスのため、授業へのスムーズなプログラミング導入が可能。センサーとタブレットの接続は、アプリ上で番号を入力するだけで簡単に連携可能なため、授業の準備時間を大幅に削減可能。ひとつのセンサーの値を複数のタブレットで同時に取得できるため、グループ学習でも使いやすい。2. 授業での活用イメージ(1)6年理科「電気の利用」 ※明るさセンサーを使った事例<授業内容>明るさセンサーを利用して電球の点灯を自動で制御する仕組みを考えるセンサーを活用することで電気を効率よく使うことができることに児童に気づいてもらう。(2)4年理科「空気のあたたまり方」 ※温湿度センサーを使った事例<授業内容>部屋の空気がどのような順番であたたまっていくか予想、結果を考察するタブレットとセンサーを使うことによって、温度の取得とグラフ化を自動化できることに児童に気づいてもらう。また、どのようなプログラミングをするとグラフで可視化できるのかを児童に考えてもらうことでプログラミング的思考を身に着けていく。3. サービス提供内容下記(1)～(3)をひとつのパッケージとして提供します。(1)アプリケーション「Sensor Programing App」「Scratch」をベースに開発したアプリケーションを提供します。対応OS:iOS 10.0以上
