2022年5月2日	有名クリエイターたちが手がける、LINEギフトの母の日限定メッセージカード企画『MOTHER'SDAYCARDFACTORY』にベッキー・ROLANDが参戦！	https://linecorp.com/ja/pr/news/ja/2022/4220	お母さんへのありがとうを込めた特別なメッセージカードは、5月15日まで使用可能さらに、新機能「動画で作るメッセージカード」も提供開始LINE株式会社(本社:東京都新宿区、代表取締役社長:出澤 剛)は、当社が提供する、「LINE」を通じて友だちに様々なプレゼントを贈ることができるサービス「LINEギフトhttps://gift.line.me/about」において、2022年4月20日(水)より始動した、有名クリエイターたちが「お母さんにありがとうのキモチが伝わるメッセージカード」をテーマに母の日限定のメッセージカードを考案する企画『MOTHER&lsquo;S DAY CARD FACTORY』へ、タレント・ベッキーさん、実業家・ROLANDさんの2名が参戦したことをお知らせいたします。『MOTHER&lsquo;S DAY CARD FACTORY』で制作された母の日限定メッセージカードは、5月15日(日)まで期間限定で使用可能です。【MOTHER&lsquo;S DAY CARD FACTORY特設サイト】https://lin.ee/Vofw9Ig/gift大童澄瞳さんら有名クリエイターが母の日限定メッセージカードを考案する『MOTHER&lsquo;S DAY CARD FACTORY』にベッキーさん・ROLANDさんが参戦!母の日への想いを込めて作られたメッセージカードが期間限定で使用可能!LINEギフトでは、4月20日(水)より、お母さんへの気持ちに寄り添った母の日限定のメッセージカードを有名クリエイターが考案する『MOTHER&lsquo;S DAY CARD FACTORY』を始動(https://linecorp.com/ja/pr/news/ja/2022/4206)しました。このたび、『MOTHER&lsquo;S DAY CARD FACTORY』への参加クリエイター第2弾として、タレント・ベッキーさん、実業家・ROLANDさんの2名が参戦いたしました。ベッキーさんには、他クリエイターと同様に「お母さんにありがとうのキモチが伝わるメッセージカード」をテーマとしたメッセージカードをご自身で描き下ろし制作いただきました。ROLANDさんには、母の日に込めた想いを【言葉】で表現いただき、イラストレーターのトキチアキさんがその言葉を元にしたメッセージカードを制作しました。『MOTHER&rsquo;S DAY CARD FACTORY』で制作された7種すべてのメッセージカードは、5月15日(日)までの期間限定でLINEギフトにて誰でも使用が可能です。今年の母の日はLINEギフトで、特別なメッセージカードにお母さんへの様々な想いを乗せて、気持ちを伝えてみてはいかがですか?<『MOTHER&rsquo;s DAY CARD FACTORY』限定メッセージカード使用可能期間>2022年4月28日(木)〜2022年5月15日(日)23:59本企画に参加するクリエイターから、制作したメッセージカードに込めた想いやこだわりを伺いしました。<参加クリエイター・メッセージカード・コメント>1:ベッキーさん(タレント)プロフィール1998年「おはスタ」でデビュー。以降テレビ・映画・ラジオ・雑誌・CMなどで幅広く活躍。「STUDIOUS」や「Vis」とのコラボデザインをはじめ、 2018 年には大阪、福岡にて初の個展を開催。2019 年にはパークホテル東京にて『ART colours Vol. 31 冬展示 Becky &ndash;Cozy and Warm Winter!&ndash;』を開催し、洋服のデザインや絵画作品の制作など、デザイン活動も幅広く展開している。また、自身初のスキンケアブランド「NaturaLUNA&hellip;」のプロデュースもしており多方面に活躍の場を広げている。コメント母の日というと、お花のイメージがあるので、お花をモチーフにしつつ、私の絵といえばカラフルな色使いが特徴なので、ハッピーな色合いでウキウキするような印象になるように描きました。いつもありがとう、感謝しています、という日本語だと恥ずかしいと思う方もらっしゃるかなと思い、あえて英語で「Thank you Always!!」という言葉をそえました。また、今回の作品で、初めてデジタルの手法にチャレンジしました。母の日にまつわる印象深い思い出実は、私の母は、母の日のプレゼントはいらないから!というタイプの人なのですが、旦那さまのお母さまにはバラの花がお好きなので、赤いバラの花をプレゼントしています。旦那さまを産んでくれてありがとうございます、と伝えたいです。やはり、子供を出産してからの母の日というのは、母の日に対して感じる重みが違うと感じていますし、母の日は、子供がお母さんに気持ちを伝える印象があるけれど、お友達や旦那さまに母の日に感謝の気持ちなどを言われることがとても嬉しいです。だから、毎日母の日だったらいいのに、と思います(笑)。2:ROLANDさん(実業家)&times;トキチアキさん(漫画家)ROLANDさんプロフィール"1992年7月27日、東京・八王子生まれ ホスト、実業家。高校卒業後、大学をすぐに中退し18歳で歌舞伎町へ。 1年間の下積み時代を経たのち、歌舞伎町の売上記録を更新し 続け「現代ホスト界の帝王」と称される。自身がオーナーを務めるホストクラブ・THE CLUBを立ち上げ独立。現在は実業家として脱毛サロン、美容院、アパレルブランド経営などの傍ら、TVや雑誌などメディアでも幅広く活躍。また、アニメ好き、名門・帝京高校のサッカー部出身など意外な一面もあわせ持ち、YouTubeチャンネルは登録者110万人を 超える。コメント自分の人生は、自分が〝主役〟となり生きてください、とよく話をするのですが、365日中364日は、自分が主役でいたいと思うし、他の方にもそうあってほしいと思います。一方で、母の日だけは、そんな傲慢な僕でもお母さんに主役を譲りたいなと思うくらい、世の中のお母さんたちは頑張っているなと思うので、【1年で唯一〝この日だけは〟貴方に主役を譲るよ】という言葉を選びました。ローランド流&ldquo;相手に感謝を伝える秘策&rdquo;好意とか感謝の気持ちを伝えるのは、迷惑かなとか重たいかなと思うこともあるかもしれないですけれど、僕は何千・何百という人から好意を向けられる仕事をしてきたけれど、どんな人からも好意を向けられて嫌だと思ったことはないです。だから、自分で意思表示ができないと決めつけるのはもったいないことだと思うので、まずは好意を示して嫌がられることはほぼないよと伝えたい。思い切って、勇気出して伝えてみることだと思います。そして、文章にして可視化したほうが、素直な気持ちを伝えやすかったりすることもあると思うので、手紙で伝えるのも良いと思います。かしこまって敬語で話せたり、普段と違った別人として相手に気持ちを伝えることができたりするツールが手紙だと思うので、なかなか気持ちを相手に伝えられない人がいるのだとしたら、たまには手紙を書くのもいいんじゃないかなと思います。トキチアキさんのイラストへのコメント実物のほうがかっこいいなと(笑)!それは冗談として、ブロンドヘアーで描いていただいたのが、やはり僕といえば、ブロンドのロングヘアーというイメージが強いんだなと思いました。7月にホスト復活する予定なので、またブロンドヘアーに戻そうかなと。見事に表現していただいて、素晴らしい絵だと思います。トキチアキさんコメントROLANDさんを描かせていただきました!コメントはROLANDさんから頂いたもので、オーラでキラキラしている様子を描くようにしました。ROLANDさんのお写真ももちろん見させていただきながら描いたのですが、私の中のROLANDさんのイメージが風で髪がなびいていてにっこり笑っている様子だったのでこのイメージがしっかり出るよう描かせていただきました!3: 大童澄瞳さん(漫画家) コメント気軽に、あまり緊張せず、日頃の感謝をより自然に伝えられるユーモアあるイラストになるよう意識しました。こだわったのは「暖かいけど清々しい」色味です。メカを登場させたのもちょっとしたこだわり。実は母の日に何かを贈ったりする習慣が無い家で育ちました。今更何かを贈るのも少し気恥ずかしいなと思ったので、そんな自分が贈るならどんなイラストにするか考えました。4:マキヒロチさん(漫画家)コメントこのご時世、まだまだ実家に帰れない方も多いと思います。今年もお母さんに会えない方に是非贈っていただきたいなと思い、楽しげな雰囲気をできるだけ出せるように製作しました。私は一人っ子で母子家庭で育ったのでこんな賑やかな母の日は経験したことはありませんが、賑やかな母の日ってこんな感じかな?とイメージしながら描きました。今年は会えない方はもちろん会える方も是非送ってみてください。5:雪下まゆさん(アーティスト)コメント自分が子供の頃の写真を母親に見せてもらい、それを参考に描きました。自分自身も覚えていない頃の写真ですが、こんな風に抱っこをしてくれていた時期があったのだと改めて実感する良い機会になりました。絵を通して感謝を伝えられて良かったです!これからもよろしくお願いします!6:seko kosekoさん(イラストレーター)コメントこだわりは母の日の楽しい雰囲気を伝わりやすくしたことです。カーネーションと紙吹雪が舞って、もらって嬉しいプレゼントを散りばめて、ぱっと見ただけでもワクワクできるように色合いも暖色を中心にまとめました。母の日に限らずですが子供の時に家族にプレゼントを贈った時の記憶です。背中に隠してたプレゼントを目の前に出すと顔がパッと笑顔になって、嬉しい気持ちが溢れてる様子が好きだったのでそういった記憶を参考にしました。7:可哀想に!さん(イラストレーター)コメントお母さんがたくさんいればいるほど「ありがとう」の気持ちが伝わると思いまして、何人も書いてみました。スペースの空きがあるほどたくさん描きました。母の日は毎年感謝の気持ちを伝えていたので、今回はLINEギフトカードを通して表現できることが嬉しいです。動くメッセージカードが作れる!「動画で作るメッセージカード」で家族の思い出やお子さんの成長した姿をギフトと一緒に届けよう!LINEギフトを贈る際に添えることができるメッセージカードには、『イラスト』『アニメーション』『写真で作るメッセージカード』*の3種類があり、ギフトを贈る相手の好みやシーンに合わせたメッセージカードを贈ることができます。*写真で作るメッセージカード:https://linecorp.com/ja/pr/news/ja/2021/3911このたび、既存3種類のメッセージカードに加え、新たに「動画で作るメッセージカード」の提供を開始いたしました。家族の思い出やお子さんの元気な姿、かわいいペットの動画と一緒に、感謝の気持ちをメッセージカードに添えてギフトを贈ることができます。『ありがとう』の一言だけでも、表情や声をビデオメッセージに込めることができるので、相手により一層気持ちを伝えることができます。さらに、「動画で作るメッセージカード」をきっかけに、思い出話しに花が咲いたり、趣味や好きなことの話しが広がったり、相手とのコミュニケーションをとるきっかけの一つとしても活用いただけます。離れて暮らすお母さんや家族、なかなか会えなくなってしまった友人へ久しぶりに連絡を取る手段として、動画で作るメッセージカードを使ってみるのはいかがですか?<作成フロー>1. カード選択画面で「動画で作るメッセージカード」カテゴリから、贈りたいデザインのカードを選択する2. フレーム内中央のプラスマークをタップし、贈りたい動画を撮影・もしくは保存してある動画を選択する※使用可能な動画は1分以内3. メッセージテキストを入力する4. 「ギフトを贈る」をタップし、送信するLINEギフトは、新しいコミュニケーションサービスの一つとしてユーザーのギフトシーンに寄り添ってまいります。またLINEでは、今後も様々なサービスを通じて、企業・ユーザーの双方にとって価値のある情報接点を提供し、コミュニケーションインフラとして多様な活用の可能性を広げてまいります。<LINEギフトについて>「LINEギフト」は、「LINE」のトークを通じて友だちとギフトを贈り合うことができるコミュニケーションサービスです。住所を知らなくても直接会えなくても、LINE上で簡単にギフトを贈ることができるため、ちょっとしたお礼を言いたい時や季節イベント、大切なライフイベントなど様々なシーンでご利用いただいています。現在LINEギフトの出店ショップ数は約1000店舗*1、取扱商品数は約10万点*1となっており、手軽なコンビニのコーヒーから本格的なものまで、ギフトを贈るシーンにあった、もらって嬉しい多様なラインナップを揃えています。また、LINEギフトは、&ldquo;会えないけれど気持ちを伝えたい"というユーザーの気持ちを実現する新しいコミュニケーションサービスとして注目されており、LINEギフトの累計ユーザー数は2,300万人*2を突破、2021年の年間流通額は前年比330%を達成するなど、成長を続けております。*1 2022年3月時点 *2 LINEギフトを贈った、もしくはもらった経験があるユニークユーザー数<LINEギフトのメッセージカードについて>LINEギフトでは、ギフトを贈る際に、「ありがとう」「お疲れさま」「がんばって」「おめでとう」など贈るシーンに合わせた全281種類以上*のメッセージカードの中から、好きなカードを添えて贈ることができます。2022年の母の日限定メッセージカードは全26種。静止画イラストのほか、キャラが動くアニメーションカード、写真を入れられるフレームなどがあります。*2022年3月時点LINEFACEBOOKTWITTER
2022年5月6日	モンスター育成シミュレーションゲーム「LINE：モンスターファーム」クローズドβテストの参加者募集を開始！	https://linecorp.com/ja/pr/news/ja/2022/4224	公式サイト:https://lin.ee/50xl2IZ/gmel/blog/mf/LINE株式会社(本社:東京都新宿区、代表取締役社長:出澤 剛)は、株式会社コーエーテクモゲームス(本社:神奈川県横浜市、代表取締役社長:鯉沼久史、以下:コーエーテクモゲームス)が手掛ける大ヒットゲームシリーズ「モンスターファーム」の最新作で、2022年にリリース予定のスマートフォン向けゲームアプリ「LINE:モンスターファーム」において、クローズド&beta;テストの参加者募集を開始いたしましたので、お知らせいたします。「LINE:モンスターファーム」は、「モンスターファーム」の完全新作として復活する育成シミュレーションゲームです。プレイヤーは「モンスターファーム2」と同じIMa所属の新人ブリーダーとなり、調教助手とともに自分だけのモンスターを育て、No.1ブリーダーを目指します。クローズド&beta;テスト参加者募集を開始!「LINE:モンスターファーム」の世界を先行体験できるクローズド&beta;テスト(CBT)の参加者募集を5月6日(金)より開始いたしました。クローズド&beta;テストは、ゲームの調整およびサーバー負荷の検証を目的として実施します。クローズド&beta;テストを通じて、ユーザーの皆様からいただいたご意見・ご感想をもとに正式リリースへ向けてさらなる品質向上に努めてまいります。クローズド&beta;テスト概要応募受付期間:5月6日(金)〜5月17日(火)23:59実施予定  :5月24日(火)15:00〜6月1日(水)23:59募集人数  :5,000名(iOS:2,500名、Android:2,500名)応募方法  :下記のクローズド&beta;テスト募集ページ内にある、応募フォームの案内に沿ってご登録ください。クローズド&beta;テスト募集ページ:https://monsterfarm.game.line.me/ja/cbt/?blog※募集人数を超える応募があった場合、抽選で参加者を決定いたします※当選された方には2022年5月23日(月)に順次当選メールをお送りする予定です※その他、募集ページ内の注意事項をご確認ください「LINE:モンスターファーム」の特長(1)懐かしのモンスター育成の日々が蘇る! 新人ブリーダーとして、個性豊かなモンスターをトレーニングや修行で成長させ、大会での勝利を目指しましょう。甘やかしすぎるとトレーニングでズルをしたり、厳しく育てすぎると逃げ出したりしてしまうことも!ブリーダーとしてモンスターの適性、状況を把握しながら、自分だけのモンスター育成をお楽しみいただけます。(2) あのモンスターたちが最新グラフィックで登場! 「モンスターファーム」「モンスターファーム2」で育てたモンスターが最新グラフィックで登場し、育成、バトルを楽しむことができます。さらに、本作から新たな種族も登場します!(3)本作から登場する新機能も!育てたモンスターを各地に遠征に行かせる機能や、複数のモンスターでチームを組み、昇降格を競うブリーダー対抗戦など新要素を追加します。(4)LINEの友だちからモンスターが誕生する「モンスター再生」!LINEならではの新たな再生システムとして、LINEの友だちという&ldquo;人とのつながり&rdquo;からモンスターを誕生させる「フレンド再生」を実装。「フレンド再生」は、LINEアカウントをゲームと連携することで、ゲーム内のフレンド一覧にLINEの友だちが表示され、選択するとモンスターを再生できます。再生結果は相手には通知されません。フレンド一覧には、LINEの友だち以外にも毎日、日替わりでゲーム内のキャラクターが登場するのでそこからの再生も可能です。-----------------------------------------------『LINE:モンスターファーム』について-----------------------------------------------<ゲーム概要>タイトル名 :LINE:モンスターファーム対応端末  :iPhone/Android対応言語  :日本語サービス地域:日本ジャンル  :モンスター育成シミュレーションゲーム価格    :基本プレイ無料(一部アプリ内課金あり)公式サイト :https://lin.ee/50xl2IZ/gmel/blog/mf/公式Twitter:@MonsterFarm_L(https://twitter.com/MonsterFarm_L)※記載されている会社名および製品名は、各社の登録商標または商標です。※記載されている内容は、発表日現在のものです。その後予告なしに変更されることがあります。&copy;︎LINE Corporation &copy;︎コーエーテクモゲームスLINEFACEBOOKTWITTER
2022年5月9日	8周年の「LINECreatorsMarket」、登録クリエイターが500万人を突破スタンプクリエイター育成プログラムの4期生を今夏に募集開始	https://linecorp.com/ja/pr/news/ja/2022/4227	毎月30万円の活動費補助や「LINE公式スタンプ」監修スタッフによるサポートなど全面バックアップLINE株式会社(本社:東京都新宿区、代表取締役社長:出澤 剛)は、LINEスタンプを制作・販売できるプラットフォーム「LINE Creators Market」(https://creator.line.me) がサービス開始から8周年を迎えるにあたり、利用実績を公開いたします。また、スタンプクリエイター育成プログラム「LINE Creators Support Program」において、今夏に4期生の募集を開始することをお知らせいたします。「LINE Creators Market」はWEBやアプリから、世界中のLINEのユーザーがLINEスタンプを制作・販売することができるプラットフォームです。クリエイターが制作したスタンプはLINEによる審査を通過後、公式オンラインストア「LINE STORE」(https://store.line.me) とLINE内「スタンプショップ」にて販売することができます。2014年5月のサービス開始以降、クリエイターの創作活動の場のひとつとして成⻑を続けており、登録クリエイター数は世界中で500万人、販売中のスタンプセット数は合計1,500万セットを突破し、8年間の販売総額は1,200億円を超えました。また、トップクリエイター10名の売り上げ平均額は13億5,200万円と、昨年から1.5億円以上増加しており、198名のクリエイターが1億円以上を売り上げています。さらに、デザインスキルの有無を問わず、誰もがクリエイターとしてスタンプ制作に参加できるため、副業や趣味活動の一環としてご参加いただくケースも増加しています。※2022年4月時点のグローバル累計実績スタンプクリエイター育成プログラム「LINE Creators Support Program」、今夏に4期生を募集開始 過去には売り上げ30倍増になった卒業生も「LINE Creators Market」では、2019年より、才能豊かなクリエイターの発掘と世界的なキャラクターを生み出すことを目的としたスタンプクリエイターの育成プログラム「LINE Creators Support Program」を実施しています。「LINE Creators Market」で活躍するクリエイターの中から毎年6～10名程度を選抜し、選ばれたクリエイターは1年間、毎月30万円の活動費のサポートや、「LINE公式スタンプ」の監修を行うスタッフによるクリエイティブ・告知に関する様々なアドバイスを受けることがきます。また、クリエイター同士の交流の場など、様々なモチベーション向上の機会を通し、LINEクリエイターズスタンプのプロとして認知拡大や売り上げ増加を目指します。過去には売り上げが最大で約30倍に増加したケースや、キャラクターのマンガ化やグッズ化、企業とのコラボレーション事例も生まれており、4期生となる今年のクリエイター募集は、夏頃の開始を予定しております。「LINE Creators Support Program」公式サイト:https://campaign.line.me/sticker/lcsp/index.html【「LINE Creators Support Program」卒業生コメント】・雑誌での4コママンガ連載やグッズ展開など幅広く活躍 「つじなつみ」さん(1期生)スタンプ制作のアドバイスだけでなく、宣伝やグッズ展開、「LINE公式アカウント」の開設など幅広く支援していただきました。アニメーションなど自分だけではできなかったことが達成でき、グッズ化・販売を実現できたのは、この「LINE Creators Support Program」のおかげです。http://strawberrymilkdrop.com/・自身のキャラクターでPOP UP SHOPを展開 「mofusand」さん(2期生)沢山の方に知っていただくチャンスを与えていただいたことに感謝しております。1年間、毎月1パッケージのLINEスタンプを作る制度により、作画スピードが格段に上がりました。それまでSNS上で漠然と描いていた自身のイラストがキャラクターとなったことで、アニメや絵本などのメディアからではなく、LINEスタンプからも愛されるキャラクターを生み出すことができるのだと感じました。https://www.mofusand-mofumofu-market.jp/公式アプリ「LINEスタンプメーカー」、10代の利用が前年比2倍にスキャナや画像編集ソフト不要で、写真やLINEアバター、手描きの文字・イラストを用いて気軽にスタンプを作れる公式アプリ「LINE スタンプメーカー」は、2021年8月に1,000万ダウンロードを突破しました。卒業・クラス替え時の記念スタンプや、仲間と盛り上がるためのスタンプなど様々なシーンでご活用いただき、2022年4月現在、学生を中心とした10代ユーザーの利用が前年比2倍に伸長しております。(※) 今後も続々と登場する「デコフレーム」や「デコスタンプ」を自由な発想で組み合わせ、世界に一つのスタンプ作りをお楽しみください。※2022年4月現在の国内ユーザー(10代)スタンプ申請数より算出「LINEスタンプメーカー」: https://creator.line.me/ja/stickermaker/使い方ガイド: https://campaign.line.me/sticker/StickerMaker/guide.html現状の展開にとどまらず、「LINE Creators Market」では、有名キャラクターとのコラボレーション施策やNFTを活用したスタンプの提供など、多様な取り組みを実施してまいります。ぜひ、今後の発表にもご期待ください。LINE では、「LINE Creators Market」を通じ、クリエイター活動におけるエコシステムの構築を目指してまいります。LINE Creators Marketについて「LINE Creators Market」は世界中のLINEユーザーがLINEスタンプを制作・販売することができるプラットフォームです。クリエイターが制作したLINEクリエイターズスタンプは、LINEによる審査を通過後、公式オンラインストア「LINE STORE」(https://store.line.me)とLINEアプリ内「スタンプショップ」にて販売することができます。2014年5月のサービス開始以降、クリエイターの創作活動の場のひとつとなっており、販売中のLINEクリエイターズスタンプは全世界で約1,500万セット※を突破、LINEクリエイターズスタンプから誕生したキャラクターのグッズ化・アニメ化や、企業とのコラボレーション事例も数多く生まれています。※2022年4月時点LINEFACEBOOKTWITTER
2022年5月10日	LINEマンガでオリジナルwebtoon作品が一挙連載開始！5月の新連載第1弾は『探偵令嬢』	https://linecorp.com/ja/pr/news/ja/2022/4231	LINE Digital Frontier株式会社 (本社:東京都新宿区、代表取締役社長:金 俊九(キム・ジュンク)) は、当社が運営する電子コミックサービス「LINEマンガ」https://manga.line.me/ において、本日5月10日(火)より計6本のwebtoon作品の連載を順次開始することをお知らせします。「LINEマンガ」は、スマートデバイスやパソコンでの閲覧に適した、上から下に読み進める縦スクロール形式のデジタルコミック&ldquo;webtoon(ウェブトゥーン)&rdquo;の制作にも力を入れています。「LINEマンガ 2021年間ランキング」では「女性編」1位の『女神降臨』、「男性編」1位の『喧嘩独学』ともに、トップに輝いたのは「LINEマンガ」のオリジナルwebtoon作品でした。また、Netflixシリーズ「地獄が呼んでいる」の原作『地獄』や、『今、私たちの学校は&hellip;』など話題の映像化作品、そしてAnimeJapan 2022「第5回アニメ化してほしいマンガランキング」で1位を受賞した『先輩はおとこのこ』など、「LINEマンガ」の人気webtoon作品が各所で続々話題を呼んでいます。LINEマンガ編集部が本日5月10日(火)よりお届けする5月の新連載は、6本すべて今話題のwebtoon作品です。恋愛からホラーまで、さまざまなジャンルの作品をぜひお楽しみください。「LINEマンガ」は、マンガ市場のさらなる発展と活性化を目指し、引き続き様々な取り組みを強化していきます。 作品紹介について『探偵令嬢』原作:柏てん /脚本:野上武志 /作画:Perlacot連載開始日:5月10日(火)URL:https://manga.line.me/product/periodic?id=Z0001992ド田舎の貧乏貴族のルイーズは、とある能力を見込まれ、公爵夫人から浮気調査を頼まれる。報奨金は金貨500枚!! 貧窮する実家を救うべく、ルイーズは社交界に乗り込むが&hellip;&hellip;。カンと経験を頼りに、ルイーズは無事任務を遂行できるのか!?"『主人不在のメイド達』作者:moca連載開始日:5月13日(金)幼い頃の最初の記憶は、泣きすがり謝る母の顔。小さな頃から、孤児院で育ち成長したエリン・ヒルは、また行き場を失ってしまう。身寄りのない彼女を使用人として受け入れてくれたのは、ジョーンズ邸の風変わりな旦那様だった。「我が家の使用人職の売りは暇と自由だ、気楽にやって欲しい」不思議なあいさつを交わしたあと、賑やかな仲間たちと一緒に暮らしていけると思った矢先、旦那様が突然、屋敷から姿を消してしまう。
2022年5月12日	CJENMとスタジオドラゴンとの提携により合弁法人「スタジオドラゴンジャパン（仮）」を設立	https://linecorp.com/ja/pr/news/ja/2022/4234	LINE Digital Frontier株式会社 (本社:東京都新宿区、代表取締役社長:金 俊九(キム・ジュンク))は、CJENMとスタジオドラゴンと提携し、日本国内におけるオリジナルIPの映像コンテンツ市場のエコシステム拡大を目的に、合弁法人「スタジオドラゴンジャパン(仮)」を設立します。LINE Digital Frontier株式会社は、スマートフォンやタブレットで気軽にマンガ作品が楽しめる電子コミックサービス「LINEマンガ」を、アプリを中心に日本国内で運営しています。2013年にLINE株式会社で開始した同サービスの拡大を目的に、2018年にLINE Digital Frontier株式会社が設立され、2020年には世界最高レベルの電子コミックのノウハウを持つWEBTOON Entertainment Inc.(米国)の傘下に入りました。これにより、運営するサービス「LINEマンガ」は、グローバルでの月間利用者数8,200万、累計ダウンロード数2億超、ひと月の流通額が100億円を超える、同市場で圧倒的世界1位の規模を誇るプラットフォームサービスの連合体 &ldquo;WEBTOON worldwide service&rdquo;の一員となりました。さらに今年3月には、電子書籍販売サービス「ebookjapan」を運営する株式会社イーブックイニシアティブジャパンを完全子会社化し、両社のサービス「LINEマンガ」「ebookjapan」を単純合算した2021年度の国内流通総額は765億円を超え、日本国内で展開する電子コミックプラットフォームとしては最大になると見込んでいます。また、月間利用者数(MAU)は2,000万を超えます。スタジオドラゴン(代表キム・ヨンギュ、キム・ジェヒョン)は、コンテンツ企画、開発から資金調達、プロデューシングおよび流通に至るまでの全過程を網羅し、179のグローバルIPを保有するアジア最大規模のドラマスタジオです。2016年にCJENMのドラマ事業本部として設立され、2020年には米国ロサンゼルスに海外支社も設立し、米有数のエンターテインメントパートナーらと共にドラマシリーズを制作しています。2021年のグローバル動画配信サービスの世界ランキングのTOP10には「愛の不時着」「サイコだけど大丈夫」「青春記録」「スタートアップ: 夢の扉」「驚異的な噂」がランクインするなど、斬新ながらも普遍的な面白さを保有する数々のドラマで、全世界のファンを魅了しています。スタジオドラゴンジャパンは、LINE Digital Frontier株式会社、CJENM、ならびに、スタジオドラゴンが共同で300億ウォン(約30億円)を出資して設立し、今年上半期中に発足する予定です。&ldquo;WEBTOON worldwide service&rdquo;に所属するプラットフォームサービスの運営会社が韓国の制作会社と提携し、日本国内に映像ドラマの専門スタジオを設立するのは初となります。今回の合弁法人設立は、CJENMとスタジオドラゴンの制作ノウハウを基盤に、オリジナルIPのドラマ化など、グローバル展開の加速を目的としています。また、LINE Digital Frontier株式会社が保有するオリジナルIPを、全過程をワンストップで進行するCJENMおよびスタジオドラゴンのノウハウと統合することで、日本国内で制作されたドラマとは差別化したプレミアムコンテンツを生み出し、日本ドラマ市場を革新・活性化させることを目指します。LINE Digital Frontier株式会社 取締役の金信培(キム・シンベ)は、以下のようにコメントしています。「今回の合弁法人設立で、コンテンツ大国と呼ばれる日本でオリジナルwebtoon作品の映像化につながるIPのバリューチェーンを作ることができます。日本市場のみならずグローバル市場を狙った完成度の高いドラマを通して、多面的なwebtoon IPの独自性溢れる優良なコンテンツを皆様に広く楽しんでいただくとともに、グローバルプレーヤーとしてのポジションを強化していきます。同時に、既にカテゴリーの代名詞となった、webtoon(スマートデバイスでの閲覧に適した、上から下に読み進める縦スクロール形式のデジタルコミック)を日本でもさらに強化していきますので、日本発のオリジナルwebtoon作品にもご期待ください」また、CJENMドラマ日本事業総括のカン・チョルグ経営リーダーは、「スタジオドラゴンジャパンは韓国と日本両国内の才能あるクリエイターが相互交流できる重要な拠点であり、競争力のあるコンテンツのグローバル進出ゲートウェイの役割を果たすでしょう。多様なグローバルOTTをはじめとする新しいチャンネルをターゲットとしたプレミアムドラマを制作する予定です」と述べています。2021年時点で日本は、約1,913億ドルと世界3位のコンテンツ市場規模を誇ります(※1)。一方で、日本のドラマ市場は地上波チャンネルが主導しており、グローバルOTT向けドラマ市場はさらなる開拓が見込める分野であることから、オリジナルIPの強固なエコシステム展開が今後市場に大きな影響をもたらすことが期待されています。「LINEマンガ」と同じく&ldquo;WEBTOON worldwide service&rdquo;に所属する韓国の電子コミックサービス「NAVER WEBTOON」では、『Sweet Home』『地獄』『今、私たちの学校は&hellip;』など、webtoon IPを原作とした映像コンテンツがグローバルOTTプラットフォームを通じて相次いで人気を集めており、競争力のあるIPホルダーとして世界的な注目を集めています。今回の合弁法人設立に伴い、 &ldquo;WEBTOON worldwide service&rdquo;は、韓国のStudio N、米国のWattpad WEBTOON Studiosと共に、日本国内にも映像スタジオ拠点を持つこととなり、それぞれのローカル言語や文化に基づいた制作ノウハウをさらに強化することが可能になりました。「LINEマンガ」は、マンガ市場のさらなる発展と活性化を目指し、引き続き様々な取り組みを強化していきます。※1)米国コンテンツ市場の規模および展望(2015~2024年)/韓国コンテンツ振興院(2020)、海外コンテンツ市場の分析 CJENMについて  CJENMは日本で大きなブームを巻き起こしたドラマ「愛の不時着」、「サイコだけど大丈夫」をはじめ、日本版「シグナル」、「未生」、「記憶」、「ボイス」などの自社作品を通じて独歩的な韓国コンテンツ制作会社として日本国内での認知を築いてきました。今回設立するスタジオドラゴンジャパンは、スタジオドラゴン、エンデバーコンテンツ、CJENMスタジオズに次ぐCJENMの4番目の制作スタジオとなります。スタジオドラゴンジャパンの設立でCJENMは韓国、米国、日本にそれぞれ制作スタジオを構築し、良質のIPを確保することで、グローバル競争力を一層高めることができます。スタジオドラゴンについて  2016年CJENMのドラマ事業本部が分社して設立されたスタジオドラゴンは、コンテンツ企画、開発から資金調達、プロデューシング及び流通に至るまでの全過程を網羅するプレミアム・ストーリーテラーグループです。 グローバルプレミアムIP183編を保有しているアジア最大規模のドラマスタジオで、279人の優秀なクリエイターとともに年間30編前後のドラマシリーズを制作し、多様なプラットフォームに流通しています。斬新で魅力的なストーリーで、全世界の韓国ドラマファンから愛されています。完成したコンテンツの輸出のみならず、グローバルスタジオへと成長するため、2020年初めには米LAに海外支社を設立し、米国有数のエンターテインメントパートナーと共にグローバルドラマシリーズの制作に乗り出しています。LINEマンガについて  「LINEマンガ」は、スマートフォンやタブレットで気軽にマンガ作品が楽しめる電子コミックサービスです。グローバルでの月間利用者数8,200万、累計ダウンロード数2億超、ひと月の流通額が100億円を超える、同市場で圧倒的世界1位の規模を誇るプラットフォームサービスの連合体 &ldquo;WEBTOON worldwide service&rdquo;の一員として日本市場で展開しています。2013年に国内でサービスを開始し、現在70万点以上を配信。その中でもLINEマンガでしか読めないオリジナル作品や独占配信作品、先行配信作品を700タイトル以上取り揃えており、幅広い支持を得ています。また、スマートデバイスでの閲覧に適した、上から下に読み進める縦スクロール形式でカラーのデジタルコミック&rdquo;webtoon(ウェブトゥーン)&rdquo;の作品にも力を入れています。
2022年5月16日	ビジネス視点でサステナビリティを学ぶ「Zサステナビリティアカデミア」を開講	https://linecorp.com/ja/pr/news/ja/2022/4235	Zホールディングス株式会社(以下ZHD)は、グループ従業員が参加する企業内大学「Zアカデミア」において、サステナビリティに関する知識やリテラシーの向上を目的とするコミュニティ「Zサステナビリティアカデミア」を、5月20日(金)に開講します。年々深刻さを増す気候変動対応や、ジェンダー・人権といった社会課題解決、貧困や格差などの経済課題解決に企業が取り組むことは、今では企業経営の必須条件となっています。今後は、社会課題解決(社会のサステナビリティ)に取組むだけではなく、その活動を通じで企業価値を向上させる(企業のサステナビリティ)実現力が問われる時代になっていきます。ZHDは、中長期視点でグループを成長させるためには、社会と企業のサステナビリティを両立するSX(サステナビリティ・トランスフォーメーション)実現力の向上が必要不可欠であるという認識のもと、グループの従業員一人ひとりがサステナビリティに関する適切な知識を得てそれぞれの持ち場でサステナビリティを実践していくための学びの場を提供するため、「Zサステナビリティアカデミア」を開講するに至りました。「Zサステナビリティアカデミア」では、2022年5月～11月をサステナビリティに関する基本知識や事例に触れる「入門編」、2022年12月～2023年3月をグループ各社の取組みを知ることによって知見を深める「続・入門編」とし、年間12回程度の講座やワークショップを通じて、サステナビリティをビジネスに取り込んでいくための主体的なマインドづくりを行います。サステナビリティに関する知識を体系的に学ぶ機会や、約170社のグループ会社との交流の場を従業員に提供し、知を結集することで、事業成長やシナジー創出を促します。 ZHDは、「Zサステナビリティアカデミア」を通して、グループ全体でのサステナブルな成長を目指していきます。株式会社ニューラル 代表取締役CEO 夫馬 賢治(Zホールディングス株式会社 ESGアドバイザー) コメント「民間企業の活動・投資・イノベーションは、生産性及び包摂的な経済成長と雇用創出を生み出していく上での重要な鍵である」「民間セクターに対し、持続可能な開発における課題解決のための創造性とイノベーションを発揮することを求める」。これは、SDGsを打ち出した国連の文書「持続可能な開発のための2030アジェンダ」に書かれている文章です。このように、適切なイノベーションを企業が起こせない限り、私達の社会はサステナブルではなく、経済成長もできないということが、世界的に認識されています。では、適切なイノベーションとは何なのか。これを理解し、事業を育む人材養成が「Zサステナビリティアカデミア」の役割だと思います。Zホールディングスが、イノベーション・カンパニーとしてさらに飛躍しようとする意気込みを応援したいと思います。「Zアカデミア」学長 伊藤 羊一 コメント「Zアカデミア」は、ZHDグループ社員の誰もが参加できる、学びのコミュニティです。これまでもダイバーシティや女性リーダー育成などをテーマとしたプログラムを提供してきましたが、今期よりサステナビリティ全般の学びに特化した「Zサステナビリティアカデミア」を立ち上げます。現在の企業にとってサステナビリティは必須の要素となっていますが、本当の意味で持続可能な社会を目指していくためには、一人一人がサステナビリティを理解し、自分ごととして考えていくことが必要です。「Zサステナビリティアカデミア」を「持続可能な社会を作るにはどうしたらいいのか、そのために自分は何ができるのか」を考え、行動を始めるきっかけとなる、そんな場にしていきます。今後もこの取り組みにぜひご注目ください。「Zサステナビリティアカデミア」ボードメンバー コメント・Zホールディングス株式会社  ESG推進室長/ヤフー株式会社 執行役員 SR統括本部長 西田 修一 ZHDグループが本質的にサステナビリティを実践する企業グループになるためには、各社の事業やサービスに関わる社員、インフラやコーポレート部門で会社を支える社員一人ひとりの理解と創造、そして行動が必要だと考えます。グループ従業員の誰もが、サステナビリティの基礎的な知識と他社の先進的な取り組みなどを学ぶ機会を設けることで、いずれ世界のサステナビリティの推進にZホールディングスグループが寄与することができると信じています。・アスクル株式会社 コーポレート本部 コーポレートコミュニケーション統括部長 小和田 有花(「Zサステナビリティアカデミア」発起人)アスクルはEC事業者としてBtoB、BtoCのお客様とフィジカルな接点を持っていることもあり、お客様の声にお応えする形で比較的早期から環境意識をもってビジネスを進めてきました。一方で、企業に対するサステナブル経営の要請は年々高まっており、これまでの延長線上で物事を考えるのではなく、さらに一段上のイノベーションが必要であると考えていました。1社ではできることに限界がありますが、ZHDグループには多様な業種の企業が含まれており、これらの企業の知見を結集してサステナビリティという大きな課題をビジネスで解決できるのではないかと考え、「Zサステナビリティアカデミア」の提案をさせていただきました。この取り組みを通じて、一人一人のマインド変化が起きグループシナジーの創出に繋がることを期待しております。「Zサステナビリティアカデミア」概要・発足日:2022年5月20日・対象企業:Zホールディングスグループ企業 約170社・対象者数:Zホールディングスグループの全従業員 約23,000名・開催頻度:月1回・形式:オンライン・講義(予定):第1回 5月20日 開講宣言、講義「ESG思考って何?サステナビリティと経営の深い関係」(株式会社ニューラル 代表取締役CEO 夫馬 賢治)第2回 6月17日 講義「欧州サーキュラーエコノミーに探る日本の可能性」(Circular Initiatives&Partners代表 安居 昭博)第3回 7月22日 講義「ゼロ・ウェイスト、とは?〜ライフスタイルからビジネスへ〜」(株式会社斗々屋 広報担当 / サステナビリティ・コンサルタント ノイハウス萌菜)第4回 8月予定 予定テーマ:気候変動と企業活動第5回 9月予定 予定テーマ:ウェル・ビーイング第6回 10月予定 予定テーマ:サステナビリティ・イノベーション※開催日やテーマは変更となる可能性があります。「Zアカデミア」概要ヤフーの企業内大学「Yahoo!アカデミア」の受講対象者をヤフーグループからZホールディングスグループへと拡大し、2020年4月、Zホールディングスグループの企業内大学「Zアカデミア」として設立されました。Zホールディングスグループの従業員の横糸を繋ぎ、グループシナジーを加速させる役割を担うために設立された「Zアカデミア」は、グループ会社の従業員同士ともに未来を創るという意識を共有し、ともに進むべき道を描き、学び合う、ベースキャンプのような場所になることを目指しています。グループのトップリーダーが集まるクラスの他にも、グループ会社の従業員であれば誰でも参加できるプログラムをはじめ、2019年度(当時は「Yahoo!アカデミア」として運営)からは女性リーダーが集まるクラスも開催しています。2021年度からは従業員同士で学びあえる場を作るため、従業員が講師となる認定講師制度もスタートいたしました。LINEFACEBOOKTWITTER
2022年5月16日	LINEDigitalFrontierの系列会社であるNAVERWEBTOONがTBSとSHINEPartnersと共にwebtoonの制作会社（StudioTooN）を韓国に設立	https://linecorp.com/ja/pr/news/ja/2022/4237	LINE Digital Frontier株式会社(本社:東京都新宿区、代表取締役社長:金 俊九(キム・ジュンク))の系列会社であり、韓国でシェア1位の電子マンガプラットフォーム「NAVER WEBTOON」を運営するNAVER WEBTOON Ltd.(本社:韓国、代表取締役社長:金 俊九(兼務))は、TBS(株式会社TBSホールディングス、本社:東京都港区、代表取締役社長:佐々木卓)、並びに、webtoon制作会社であるSHINE Partners(シャインパートナーズ)株式会社(本社:東京都千代田区、代表取締役社長:岩本炯沢)との3社合弁で、韓国にwebtoon制作の新会社「Studio TooN」を設立することで合意し、5月12日(木)に調印式を行いました。「Studio TooN」の代表取締役社長には、SHINE Partnersの岩本炯沢社長が就任します。スマートフォンなどのデジタル機器での閲覧に適した、縦スクロールの電子マンガ形式「webtoon」は、日本、韓国をはじめ、欧米・東南アジアでも急速に市場を拡大しています。「NAVER WEBTOON」(韓国/NAVER WEBTOON Ltd.が運営する電子コミックサービス)で連載が開始された「女神降臨」は、2021年末時点で、全世界での累計閲覧数が53億回を超える大ヒットを記録しており、日本でもNAVER WEBTOON Ltd.の系列会社であるLINE Digital Frontier株式会社が運営する「LINEマンガ」においても累計閲覧数6億回を超える大人気作品となっています。 「NAVER WEBTOON」も所属する&ldquo;WEBTOON worldwide service&rdquo;(※)は世界No.1のIPコンテンツのプラットフォーム連合体また、世界を席巻している韓国ドラマの原作としても、webtoonは今や欠かすことができません。世界中で大ヒットを記録している韓国ドラマ「Sweet Home -俺と世界の絶望-」「地獄が呼んでいる」「今、私たちの学校は...」なども、原作は「NAVER WEBTOON」や「LINEマンガ」が所属する&ldquo;WEBTOON worldwide service&rdquo;を通じて世界中で連載されているwebtoon作品であり、日本でヒットしている韓国ドラマも、webtoon作品を原作に映像化されたものが少なくありません。今回、NAVER WEBTOON Ltd.は、TBS並びにSHINE Partnersと新会社「Studio TooN」を韓国に設立することで、日韓の優れたクリエイティブ力を結集してオリジナルの新作webtoon作品を開発、韓国の電子コミックプラットフォーム「NAVER WEBTOON」で連載し、さらにそれらの日本での映像化をTBSと積極的に進めてコンテンツの充実を目指していきます。今回の「Studio TooN」の設立に関して、NAVER WEBTOON Ltd.代表取締役社長の金 俊九(キム・ジュンク)は、以下のようにコメントしています。「webtoon作品は映像化されることで読者数がさらに大きく伸びる傾向にあります。今回、TBSという日本の映像制作のトップ企業と組むことができて非常に嬉しく思っています。webtoonをさらに発展させていけるよう努めて参ります。」また、TBSテレビの佐々木卓社長は「webtoonという新分野へのTBSの挑戦を、韓国のみならず世界一であるNAVER WEBTOON社および日本での先駆者SHINE Partners社の協力を得て実現できることとなり感謝している。今後はwebtoonを原作としたTBSの映像作品にも期待して欲しい」と述べました。更に、LINE Digital Frontier株式会社取締役の金信培(キム・シンベ)は、以下のようにコメントしています。「日本国内でもwebtoon作品は大きな人気を集めており、グローバルなwebtoonプラットフォームの一員として、「LINEマンガ」も今後ともwebtoon原作のオリジナルIPビジネスを積極的に拡大していきたいと考えています。」「LINEマンガ」と「NAVER WEBTOON」が所属する&ldquo;WEBTOON worldwide service&rdquo;は、マンガ市場のさらなる発展と活性化を目指し、引き続き様々な取り組みを強化していきます。 (※) &ldquo;WEBTOON worldwide service&rdquo;について全世界に向け10カ国語でサービス展開する、電子コミックを中心としたプラットフォームの連合体。各プラットフォームを合算したグローバルでの月間利用者数は8,200万、累計ダウンロード数は2億超、ひと月の流通額は100億円を超える、同市場で圧倒的世界1位の規模を誇る。代表的なサービスは、LINEマンガ(日本)、NAVER WEBTOON(韓国)、WEBTOON(北中南米/欧州)、LINE WEBTOON(東南アジア)など。 新会社Studio TooN 概要2022年5月設立、6月業務スタート予定。本社所在地・韓国ソウル、代表取締役社長・岩本炯沢(いわもと けいた)主な業務内容:電子マンガwebtoonの企画・開発・制作・版権管理。 「NAVER WEBTOON Ltd.」について日本で「LINEマンガ」を運営するLINE Digital Frontier株式会社の韓国系列会社。同社が運営する電子コミックサービス「NAVER WEBTOON」は、2004年、韓国を代表する検索ポータル「NAVER(ネイバー)」のサービスの一つとしてスタートし、従来のマンガ市場の創作と消費文化全般を革新し、新しい創作生態系(エコシステム)を創造してきました。 2017年5月に子会社として独立し、現在、&ldquo;WEBTOON worldwide service&rdquo;を通じて世界10ヶ国語で8,200万のユーザーにwebtoonの楽しさを提供しています。NAVER WEBTOON原作の「女神降臨」、「地獄」(原題)、「今、私たちの学校は...」などが映像化されて人気を集めるなど、オリジナルのwebマンガ、web小説IPを基に映画、ドラマ、出版など多様な付加価値ある産業に事業領域を拡大しています。 SHINE Partners株式会社について2016年設立。創業者であり社長の岩本氏が、webtoonの黎明期に韓国でマンガ出版社に従事した経験を活かし、日本帰国後に当時日本唯一のwebtoonに特化したスタジオとして起業したマンガ制作会社。主なオリジナル作品に「リベンジ・ラブ」、「大切な日はいつも雨」などがある。 LINEマンガについて「LINEマンガ」は、スマートフォンやタブレットで気軽にマンガ作品が楽しめる電子コミックサービスです。グローバルでの月間利用者数8,200万、累計ダウンロード数2億超、ひと月の流通額が100億円を超える、同市場で圧倒的世界1位の規模を誇るプラットフォームサービスの連合体 &ldquo;WEBTOON worldwide service&rdquo;の一員として日本市場で展開しています。2013年に国内でサービスを開始し、現在70万点以上を配信。その中でもLINEマンガでしか読めないオリジナル作品や独占配信作品、先行配信作品を700タイトル以上取り揃えており、幅広い支持を得ています。また、スマートデバイスでの閲覧に適した、上から下に読み進める縦スクロール形式でカラーのデジタルコミック&rdquo;webtoon(ウェブトゥーン)&rdquo;の作品にも力を入れています。
2022年5月17日	LINENEXT、グローバルNFTプラットフォーム「DOSI」の専用ウォレット「DOSIWallet」を提供開始	https://linecorp.com/ja/pr/news/ja/2022/4238	NFT取引など様々な体験が可能な「ソーシャルパスポート」を提供韓国のテーマパーク「ロッテワールド・アドベンチャー釜山」オープン記念キャンペーンにおける限定NFTの無償配布に「DOSI Wallet」を採用LINE株式会社(本社:東京都新宿区、代表取締役社長:出澤 剛、以下「LINE」)のグループ会社でグローバルNFT(Non-Fungible Token、代替不可能なトークン 以下「NFT」)プラットフォーム事業の運営を行うLINE NEXT Inc. (CEO:高 永受、以下「LINE NEXT」)は、グローバルNFTプラットフォーム「DOSI」の専用ウォレット「DOSI Wallet」の提供を開始しましたのでお知らせいたします。 「DOSI Wallet」は、決済・取引サービスを提供するだけでなく、ユーザーが「DOSI」のエコシステム上で多様なNFT体験やソーシャル機能を利用できる「ソーシャルパスポート」ウォレットです。※1 また、クレジットカードやLINE Pay、Naver Payなどのデジタル決済及び暗号資産支払い等、ユーザーにとって使いやすい様々な決済方法を提供し、NFT取引をより身近にしていきます。「DOSI Wallet」へのユーザー登録は公式ウェブサイト(https://dosi.world)から簡単に行うことができ、LINEやFacebook、Google等のアカウントを利用したソーシャルログインも可能です。サービス提供国は、日本を除く180ヵ国を予定しております。※2また、今回の提供開始に伴い、2022年3月31日に新しくオープンした韓国のテーマパーク「ロッテワールド・アドベンチャー釜山(プサン)」のオープン記念として、「DOSI Wallet」を採用したNFT無償配布イベントを開催しています。※3 ロッテワールドのキャラクター「ロッティー」と「ローリー」が登場する4種類のショート動画形式で限定NFTを発行し、当選したユーザーの「DOSI Wallet」に送られます。※1 決済機能は、2022年上半期中に予定されている「DOSI」提供後に利用可能です※ 2  日本では、デジタルアセット管理ウォレット「LINE BITMAX Wallet」を提供しています※ 3  本イベントは韓国国内ユーザー限定のイベントとなりますLINE NEXT CEO高 永受(コ ヨンス)コメント「グローバルNFTプラットフォーム『DOSI』の軸となるのが『DOSI Wallet』です。NFTを初めて使うユーザーでも簡単に利用できるよう、今後さらに機能を追加していきます。」DOSIは、一般ユーザーがNFTを購入し取引できる市場やコミュニティーを提供する企業やクリエイターを支援するグローバルNFTプラットフォームです。なお、日本では、LINEの暗号資産事業及びブロックチェーン関連事業を展開するLINE Xenesis株式会社が4月13日にNFT総合マーケットプレイス「LINE NFT」の提供を開始しています。※4※4 参考プレスリリース:NFT総合マーケットプレイス「LINE NFT」 本日より提供開始https://linecorp.com/ja/pr/news/ja/2022/4197LINE NEXT Inc.LINE NEXT Inc.は、LINEの独自ブロックチェーン「LINE Blockchain」およびNFT(Non-Fungible Token)プラットフォームの事業運営を行う法人です。グローバルNFTおよびWeb3.0のエコシステム構築を目指しています。LINEFACEBOOKTWITTER
2022年5月18日	LINE、トレジャーデータと業務提携契約を締結データクリーンルームソリューションの共同開発ならびに「LINE」活用促進のための連携を強化	https://linecorp.com/ja/pr/news/ja/2022/4241	LINEが保有するデータとトレジャーデータに格納されたクライアントデータの突合分析により実購買データやオフラインコンバージョンへの広告貢献の可視化が可能にLINE株式会社(本社:東京都新宿区、代表取締役社長:出澤 剛)と米国トレジャーデータ社(本社:800 W. El Camino Real, Suite 180 Mountain View, CA 94040 United States、CEO:太田 一樹、以下トレジャーデータ)は、業務提携契約を締結し、プライバシー保護と企業のマーケティングニーズを両立するデータクリーンルームソリューションの共同開発を行っていくことをお知らせいたします。合わせて、「LINE」の活用促進のためのデータ連携強化ならびにソリューション開発の検討を推進してまいります。業務提携の背景昨今のサードパーティクッキーの規制やiOS14.5における計測環境の変化、「改正個人情報保護法」の施行などにともない、企業のマーケティング手法のあり方が大きく変化しつつあります。企業は自社サービス内で顧客との接点を持つことがより重要となり、顧客のプライバシー保護を前提としながら、その企業内に散在する顧客データをどのように統合・分析・活用していくかなど、企業の体制構築がこれまで以上に求められています。このような背景を受けて、国内月間アクティブユーザー約9,200万人*1の基盤を持つLINEと、顧客データ基盤「Treasure Data CDP」を国内外450社以上に提供しているトレジャーデータは、「Treasure Data CDP」に格納された顧客データと、ユーザーの同意を得てLINEが取得したデータをセキュアに突合する、データクリーンルームソリューションの共同開発を開始いたします。LINEが取得したデータと、「Treasure Data CDP」内のデジタル広告やメール配信、アプリプッシュ通知の顧客データをかけ合わせた分析によって、「LINE広告」「LINE公式アカウント」などをはじめとするさまざまな法人向けサービスを通じて得られた顧客インサイトの抽出や、分析結果をもとにした有効なメッセージ/広告配信を行う仕組みの提供を目指します。この仕組みによって、例えば、これまで可視化しづらかった実購買データやオフラインコンバージョンへの広告貢献の可視化などが実現します。合わせて、「Treasure Data CDP」内において、LINEのプラットフォームで得たデータの活用・連携をセキュアかつ容易に行うためのAPIの開発、および「LINE」のユーザーIDの活用普及や企業の顧客ID連携を促進するためのノウハウ提供と新規ソリューション開発の検討も推進してまいります。*1:2022年3月末時点具体的な取り組み1. データクリーンルームソリューションの共同開発事前にユーザーから同意を得たデータなどを利用し、「Treasure Data CDP」に格納された顧客データとLINEが保有するデータをセキュアに突合する、「LINE」を基軸としたデータクリーンルームソリューションを共同で開発します。提供価値・顧客インサイトの抽出・高いメッセージ、広告配信効果が見込める顧客の抽出と配信・プライバシー保護と企業のマーケティングニーズを両立する分析プラットフォームの提供2. LINEのマーケティングソリューションと「Treasure Data CDP」のデータ連携「LINE広告」や「LINE公式アカウント」などのLINEのマーケティングソリューションに対して、「Treasure Data CDP」とのデータ連携を、企業のシステム開発負担を軽減した上で実現する仕組みを提供し、企業の「LINE」活用をより効果的かつ容易にします。提供価値・顧客一人一人に最適化されたメッセージ/広告の配信・広告主の新規システム開発負荷の軽減3. LINEのプラットフォームにおける各種サービスとのソリューション開発LINEの提供する幅広いサービスに対して、「Treasure Data CDP」との連携およびソリューションの開発を行うことで、顧客の利便性を向上するとともに、両社のサービスのさらなる普及と利活用を促進します。今後LINEとトレジャーデータは、企業の顧客データの活用価値を高めることを軸に、さまざまな他サービスと連携可能なマーケティング基盤を構築し、加えて各領域の事業者とも連携することで、あらゆる場所で「LINE」が活用され、ユーザーの利便性が向上するサービスの提供を目指します。LINEでは、今後も企業との密接な連携を通じて、企業とユーザーの双方にとって価値のある情報接点を提供し、コミュニケーションプラットフォームとして多様な活用の可能性を広げてまいります。また、今後も企業各社と連携して共同開発や開発支援を行い、サービスプラットフォームとして更なる拡大を図ってまいります。LINEFACEBOOKTWITTER
2022年5月18日	LINE、株式会社さとふると協業し、「LINEでふるさと納税」のサービス提供を開始	https://linecorp.com/ja/pr/news/ja/2022/4242	LINEアプリを通じて気軽にふるさと納税に触れる機会を創出し、ふるさと納税をきっかけに地域とLINEユーザーの関係構築を継続的に支援LINE株式会社(本社:東京都新宿区、代表取締役社長:出澤 剛)は、ふるさと納税ポータルサイト「さとふる」を運営する株式会社さとふる(本社:東京都中央区、代表取締役社長:藤井 宏明)とふるさと納税事業に関する協業について基本合意書を締結し、LINEアプリを通じてふるさと納税が可能となる「LINEでふるさと納税」の提供を本日より開始いたしましたので、お知らせいたします。特設ページURL:https://cp.satofull.jp/line_miniapp/index.htmlLINEアプリを通じて気軽にふるさと納税に触れる機会を創出し、ふるさと納税をきっかけに地域とLINEユーザーの関係構築を継続的に支援ふるさと納税は、2008年に「地方創生」を理念として導入され、ふるさと納税の受入額及び受入件数は年々増加しています※1。クロス・マーケティング社の調査結果※2によると、調査対象者の4人に1人がふるさと納税を経験したことがあると回答しており、「住民税・所得税の控除が受けられる」、「地方の特産品がお得に手に入る」といった理由から、ふるさと納税が世の中に浸透しつつある様子がうかがえます。一方で、ふるさと納税に関する疑問や心配な点については、「そもそも仕組みがわからないから」という理由が未経験の人で上位となり、仕組みのわかりにくさが利用までの高いハードルになっていることが考えられます。このような背景を受け、「LINE」と「さとふる」は、ふるさと納税をより身近なサービスとしてユーザーにご利用いただけるように、本日より「LINEでふるさと納税」の提供を開始いたします。月間9,200万人※3が利用する「LINE」と「さとふる」の連携によって、既にふるさと納税を利用している方だけではなく、ふるさと納税を利用したことがない方に対しても、LINEユーザーが普段から利用しているLINEアプリを通じてより気軽にふるさと納税に触れる機会を創出します。また各自治体も、寄付後の寄付金の活用報告など、次年度も寄付をしていただくような継続的なコミュニケーションを「LINEでふるさと納税」のLINE公式アカウント※4上で構築することが可能となります。「LINEでふるさと納税」※5は、お礼品検索やふるさと納税の寄付、寄付履歴の確認、控除額シミュレーションを利用できます。さとふるサイトと連携することで、さとふるサイトから寄付金控除に関する証明書発行など各種機能が利用できるほか、ワンストップ特例制度の電子申請が可能※6になるなど、控除手続きを簡単に行うことができます。8月末には、LINE公式アカウントのトーク機能を通じた配送状況の通知や、ユーザーに応じてお礼品をおすすめするサービスの開始を予定しています。さらに、今後はオンラインとオフラインを融合させたユーザー体験として、訪問先で寄付申し込みをするとその場でアクティビティなどの「体験型ふるさと納税」を楽しめるサービスの提供など、地域とLINEユーザーのつながりを深める機能拡張を検討しています。※1 ふるさと納税に関する現況調査結果(令和3年度実施) https://www.soumu.go.jp/main_content/000761685.pdf※2 ふるさと納税に関する調査(2022年) https://www.cross-m.co.jp/news/release/20220224/※3 2022年3月時点※4 さとふるLINE公式アカウント名称は「ふるさと納税サイト さとふる」から「LINEでふるさと納税」に変わります。アクセスするタイミングによっては旧称が表示される可能性がありますが、5月18日中に更新される予定です。※5 LINE公式アカウント「LINEでふるさと納税 」から株式会社さとふるが運営するサービスサイト「LINEでふるさと納税 Powered by さとふる」へ遷移します。※6 2022年秋サービス提供予定。<「LINEでふるさと納税」の便利なポイント>・いつも使っているLINEアプリからふるさと納税の申し込みができる!※5・はじめての方でもカンタン!控除シミュレーションで控除上限額の目安を計算できる!・カテゴリ検索やキーワード検索でお礼品が見つかる!・寄付の管理もLINE内で!お礼品の配送状況も確認できる!・さとふるサイトとの連携で控除手続きもカンタン!【予告】お礼品の配送情報やおすすめお礼品情報をLINEのトーク機能で受け取れる!(8月末予定)※ご利用いただける決済:クレジットカード、PayPay残高払い(コンビニ払い、ペイジー、キャリア決済は随時追加予定です)※画面はイメージとなります<キャンペーン情報>・キャンペーン名称:「LINEでふるさと納税」スタート記念さとふるの日キャンペーン・期間:2022年5月18日(水)～2022年6月30日(木)・内容:キャンペーン期間中に「LINEでふるさと納税」で寄付をすると、寄付金額に対して最大で6%相当のPayPayギフトカードが必ずもらえます。キャンペーンの詳細や注意事項は、LINE公式アカウント「LINEでふるさと納税」をご覧ください。※ 「LINEでふるさと納税」で本キャンペーン期間中に寄付をされた方が対象です。※ 災害支援金(「新型コロナウイルス医療対策支援寄付」「ウクライナ緊急人道支援」を含む)のお申し込みかつお礼品を希望されない寄付、ならびに「ふるさと納税で留学支援ページ」での寄付については、本キャンペーンの対象外とさせていただきます。※ キャンペーン期間中、寄付金額に対して通常1%、さとふるの日(3と8のつく日)の寄付で6%相当のPayPayギフトカードのプレゼントとなります。※ 本キャンペーンは株式会社さとふる主催のキャンペーンです。本キャンペーンについてはLINE公式アカウント「LINEでふるさと納税」をご覧ください。なお、本キャンペーンは予告なく中断・中止・変更される場合があります。<株式会社さとふるによる本取り組みについてのコメント>取締役 副社長 COO 青木 大介様ふるさと納税は全国のさまざまな魅力や文化風習を知る機会になり、新たな価値観や人の交流が生み出され、多くの地域が活性化する原動力となっています。さとふるは継続性のある地域発展に貢献したいという想いで、全国の自治体・事業者の皆さまのふるさと納税業務をサポートするとともに、誰でもわかりやすくふるさと納税に参加できるサイトやアプリを提供してきました。今回、新たにLINEプラットフォーム上で「LINEでふるさと納税」の提供を開始します。LINEはさまざまな交流・情報・サービスが融合されたプラットフォームであり、LINEが提供するユーザー体験やコミュニケーションの基盤、インターフェースを活用することで、新しくて楽しいふるさと納税体験を提供することができるようになりました。この新たなふるさと納税体験を通じて、寄付者と地域のつながりを多く創出し、更なる地域活性化に寄与してまいります。<LINE株式会社による本取り組みについてのコメント>上級執行役員 広告・法人事業統括 マーケティングソリューションカンパニー CEO 池端 由基株式会社さとふるという素晴らしいパートナーと、共にチャレンジ出来ることを嬉しく思います。LINEは、ユーザーの生活を支えるコミュニケーションプラットフォームとなることを目指して、ユーザーと地域のお店や自治体にご利用いただける様々なソリューションの提供を続けてまいりました。そして本日より、ふるさと納税サイトにおいて認知度や利用率など多くの分野でNo.1の実績※を有する「さとふる」のノウハウと、LINEのプラットフォームを掛け合わせた新しい納税体験として「LINEでふるさと納税」の提供を開始いたします。「LINEでふるさと納税」が、ユーザーと地域の新たなつながりを生むきっかけとなれば幸いです。今後の活動にも、是非ご期待ください。※2022年ふるさと納税サイト 認知度・利用率No.1について https://www.satofull.jp/static/research/no1_2022.php株式会社さとふるについて株式会社さとふるは、ふるさと納税(自治体への寄付)を通して地域活性化を推進しています。「ふるさとの元気を&ldquo;フル&rdquo;にする、ふるさとの魅力が&ldquo;フル&rdquo;に集まる ふるさと応援、ふるさと納税ポータルサイト」をコンセプトに、寄付者向けに「さとふる」で寄付先の自治体やお礼品の選定、寄付の申し込み、寄付金の支払いなどができるサービスを提供しています。自治体向けには寄付の募集や申し込み受け付け、寄付金の収納、お礼品の在庫管理や配送など、ふるさと納税の運営に必要な業務を一括代行するサービスを提供しています。また、ふるさと納税を活用した地域活性化の取り組みを掲載する、地域情報サイト「ふるさとこづち」(https://www.satofull.jp/koduchi/)を運営しています。LINE株式会社について家族や友人・恋人など、身近な大切な人との関係性を深め、絆を強くするコミュニケーション手段として、2011年6月にコミュニケーションアプリ「LINE」のサービスを開始。「CLOSING THE DISTANCE」をコーポレートミッションに、世界中の人と人、人と情報・サービスとの距離を縮めるため、さまざまなサービス・事業を展開中。LINEは、今後もコーポレートミッションである「CLOSING THE DISTANCE」の実現を目指し、コミュニケーションプラットフォームとして多様な活用の可能性を広げてまいります。LINEFACEBOOKTWITTER
2022年5月19日	「LINEBizPartnerProgram」において2022年認定パートナーを表彰	https://linecorp.com/ja/pr/news/ja/2022/4244	「Sales Partner」においてサイバーエージェントが最上位「Diamond」を受賞「Local Sales Partner」ではクラブネッツ、総合アド、GMOコマースが「Diamond」を、特別賞の「Best LINEミニアプリ Award」はGMOコマース、イースト・デイリーが獲得LINE株式会社(本社:東京都新宿区、代表取締役社長:出澤 剛)は、当社が提供する各種法人向けサービスの販売を行う広告代理店を認定・表彰するパートナープログラム「LINE Biz Partner Program」において、2022年の認定パートナーの発表・表彰を行いましたので、お知らせいたします。「LINE Biz Partner Program」は、LINEが提供する各種法人向けサービスの拡販および機能追加・改善をより積極的に推進することを目的に導入された、「Sales Partner」、「Technology Partner」、「Planning Partner」の各カテゴリーにおいて*、広告代理店やサービスデベロッパーを認定・表彰するプログラムです。「Sales Partner」(「Sales Partner」「Local Sales Partner」「Best LINEミニアプリ Award」の3種)「Technology Partner」「Planning Partner」において認定が行われます。*「Technology Partner」および「Planning Partner」は今回のPartner Awardの表彰対象には含まれません。今期の認定からは、「Sales Partner」カテゴリー内の「SMB Sales Partner」を「Local Sales Partner」へ名称を改定いたしました。また本年度に限り「Local Sales Partner」の特別賞として、「Best LINEミニアプリ Award」が認定項目として設置されました。また来期の認定より、「Sales Partner」カテゴリー内に「LINEミニアプリSales Partner」の認定項目が新設、また、「Technology Partner」カテゴリーに紐づいている「コミュニケーション部門」「広告部門」「販促・OMO部門」の3部門のほかに、「LINEミニアプリ部門」が認定項目として新設予定です。詳細はこちら:https://linecorp.com/ja/pr/news/ja/2022/4245「LINE Biz Partner Program」において、2022年の認定パートナーのうち、表彰を受けたパートナーは以下のとおりです。「Sales Partner」については、サイバーエージェントが最上位の「Diamond」を2期連続で受賞し、電通デジタル、ワンスター、博報堂DYメディアパートナーズ、セプテーニ、ブリーチ、トランス・コスモスが「Gold」を受賞いたしました。また「Local Sales Partner」については、クラブネッツ、総合アド、GMOコマースが「Diamond」を受賞し、イースト・デイリー、アーバンプロジェクト、パルディア、EPARKが「Gold」を受賞いたしました。特別賞の「Best LINEミニアプリ Award」については、GMOコマース、イースト・デイリーが受賞いたしました。Sales Partner「Diamond」・株式会社サイバーエージェント「Gold」・株式会社電通デジタル・株式会社ワンスター・株式会社博報堂DYメディアパートナーズ・株式会社セプテーニ・株式会社ブリーチ・トランス・コスモス株式会社Local Sales Partner「Diamond」・株式会社クラブネッツ・株式会社総合アド・GMOコマース株式会社「Gold」・株式会社イースト・デイリー・株式会社アーバンプロジェクト・株式会社パルディア・株式会社EPARKBest LINEミニアプリ Award・GMOコマース株式会社・株式会社イースト・デイリーその他の認定パートナーはこちら:https://www.linebiz.com/jp/partner/LINEでは、今後もパートナー企業との密接な連携と様々なメニューを通じて、企業とユーザーの双方にとって価値のある情報接点を提供し、コミュニケーションプラットフォームとして多様な活用の可能性を広げてまいります。< LINE Biz Partner Program概要 >「Sales Partner」Sales Partner個人・法人向けアカウントサービス「LINE公式アカウント」・運用型広告「LINE広告」・LINEを活用した店頭販促ソリューション「LINEで応募」を中心とした広告商品を販売するパートナーです。LINEが提供する広告サービス群を対象とし、サービス別に係数を設定した売上カウントを基準に認定され、特に優秀なパートナーは「Diamond」「Gold」「Silver」として表彰・認定されます。Local Sales Partner個人・法人向けアカウントサービス「LINE公式アカウント」・運用型広告「LINE広告」の新規アカウント開設数と、期間中の総合売上金額を基準に認定され、特に優秀なパートナーは「Diamond」「Gold」「Silver」として表彰・認定されます。Best LINEミニアプリ Award2021年を通して、「LINEミニアプリ」リリース件数と、案件化数を基準としてサービス拡大の推進に大きく貢献をいただいたパートナーが表彰・認定されます。「Technology Partner」※今回の表彰対象には含まれません個人・法人向けアカウントサービス「LINE公式アカウント」・運用型広告「LINE広告」・LINEを活用した店頭販促ソリューション「LINEで応募」を中心とした広告商品とAPI関連サービスの導入において、技術支援を行うパートナーです。要望に応じてLINEと連携するツールの仕様共有が可能であるか、LINEの仕様変更時に対応するスキル・リソースがあるか、要求される技術仕様を保つことができるかなどを基準に認定されます。一定以上の実績を満たしたパートナーには、各種認定バッジが付与されます。「Planning Partner」※今回の表彰対象には含まれません個人・法人向けアカウントサービス「LINE公式アカウント」を中心軸とした広告商品、およびAPI関連サービスの企画・運用を支援するパートナーです。Planning Partnerは年に1度開催されるプランニングコンテストで選出されます。LINEの仕組みを活かしたビジネスソリューションの提案ができているか、LINEの勉強会等へ積極的に参加する意欲とリソースがあるかなどを基準に認定されます。2022年の「Planning Partner」の認定についてはこちら:https://linecorp.com/ja/pr/news/ja/2022/4181LINEFACEBOOKTWITTER
2022年5月19日	「LINEBizPartnerProgram」の「SalesPartner」、「TechnologyPartner」において「LINEミニアプリ」に特化した新しいパートナー制度を新設	https://linecorp.com/ja/pr/news/ja/2022/4245	「LINE Biz Partner Program」の 「Sales Partner」、「Technology Partner」において 「LINEミニアプリ」に特化した新しいパートナー制度を新設「LINEミニアプリ」事業の拡大に貢献いただいたパートナーを認定・表彰「Technology Partner」の「LINEミニアプリ部門」初回パートナーとして19社が認定LINE株式会社(本社:東京都新宿区、代表取締役社長:出澤 剛)は、当社が提供する各種法人向けサービスの販売・開発を行う広告代理店やサービスデベロッパーを認定・表彰するパートナープログラム「LINE Biz Partner Program」において、「LINEミニアプリ」に特化したパートナー制度を「Sales Partner」および「Technology Partner」カテゴリーに新設いたしましたので、お知らせいたします。「LINE Biz Partner Program」は、LINEが提供する各種法人向けサービスの拡販および機能追加・改善をより積極的に推進することを目的に導入された、「Sales Partner」、「Technology Partner」、「Planning Partner」の各カテゴリーにおいて、広告代理店やサービスデベロッパーを認定・表彰するプログラムです。「LINEミニアプリ」は、予約・注文・決済・会員証といった企業の自社サービスを、無償で「LINE」アプリ上に提供できるウェブアプリケーションです。「LINE」アプリ上でサービスを展開することで、ユーザーは個別のアプリダウンロードや煩雑な会員登録をすることなくサービスを利用でき、また企業は、サービスを利用するユーザーのLINEアカウントに紐づいた利用データを取得*1し、サービス改善やLINE公式アカウント等を通じたマーケティング施策に活用可能です。2020年7月のサービス開始以降、さまざまな企業・サービスに導入いただき、現在までに約4,000以上*2の「LINEミニアプリ」をリリースしています。*1:事前にユーザーの許諾必須*2:2022年3月時点このたび、「LINEミニアプリ」のプラットフォームを活用し、認定パートナーとともに企業課題の解決により貢献すべく、「LINEミニアプリ」に特化した新しいパートナー制度を新設いたします。「Sales Partner」カテゴリー内に「LINEミニアプリSales Partner」を新設、「Technology Partner」カテゴリーに紐づいている「コミュニケーション部門」「広告部門」「販促・OMO部門」の3部門のほかに、「LINEミニアプリ部門」を認定項目として新設いたします。なお、「Technology Partner」の「LINEミニアプリ部門」認定パートナーにおいては、計19社が初回のパートナーとして認定されました。初回の認定企業はこちらをご覧ください:https://www.linebiz.com/jp/partner/technology/< LINE Biz Partner Program概要 >「Sales Partner」Sales Partner個人・法人向けアカウントサービス「LINE公式アカウント」・運用型広告「LINE広告」・LINEを活用した店頭販促ソリューション「LINEで応募」を中心とした広告商品を販売するパートナーです。LINEが提供する広告サービス群を対象とし、サービス別に係数を設定した売上カウントを基準に認定され、特に優秀なパートナーは「Diamond」「Gold」「Silver」として表彰・認定されます。Local Sales Partner個人・法人向けアカウントサービス「LINE公式アカウント」・運用型広告「LINE広告」の新規アカウント開設数と、期間中の総合売上金額を基準に認定され、特に優秀なパートナーは「Diamond」「Gold」「Silver」として表彰・認定されます。LINEミニアプリSales Partner2022年を通して、「LINEミニアプリ」のアクティブサービス数またはアクティブ利用店舗数を基準としてサービス拡大の推進に大きく貢献をいただいたパートナーが表彰・認定されます。「Technology Partner」個人・法人向けアカウントサービス「LINE公式アカウント」・運用型広告「LINE広告」・LINEを活用した店頭販促ソリューション「LINEで応募」を中心とした広告商品とAPI関連サービスの導入において、技術支援を行うパートナーです。このたび新設された「LINEミニアプリ部門」では、提供する「LINEミニアプリ」のサービス導入実績と、アクティブに活用されている店舗数を基準に認定が行われます。認定パートナー各社には、開発・審査に関する個別相談や限定・先行機能の案内が受けられる開発サポートのほか、LINEの各種メディアで露出されるマーケティング支援、企業の「LINEミニアプリ」導入時の補助金支援、代理店との営業連携など、さまざまな特典が受けられます。「Planning Partner」個人・法人向けアカウントサービス「LINE公式アカウント」を中心軸とした広告商品、およびAPI関連サービスの企画・運用を支援するパートナーです。Planning Partnerは年に1度開催されるプランニングコンテストで選出されます。LINEの仕組みを活かしたビジネスソリューションの提案ができているか、LINEの勉強会等へ積極的に参加する意欲とリソースがあるかなどを基準に認定されます。2022年の「Planning Partner」の認定についてはこちら:https://linecorp.com/ja/pr/news/ja/2022/4181LINEFACEBOOKTWITTER
