2020年6月4日	 神戸市と日本マイクロソフトが包括連携協定を締結 	https://news.microsoft.com/ja-jp/2020/06/04/200604-comprehensive-cooperation-agreement/	～ スマートシティの実現を目指すとともに、新型コロナウイルス感染症対策の業務効率化アプリケーションを全国の自治体で利用できるオープンソースとして本日より公開 ～神戸市 (市長: 久元 喜造) と日本マイクロソフト株式会社 (本社: 東京都港区、代表取締役 社長: 吉田 仁志、以下 日本マイクロソフト) は、相互の連携を強化し,先端技術の活用による行政課題の解決とスマートシティの実現を目指し、本日 2020 年 6 月 4 日 (木) に包括連携協定を締結しました。神戸市では、2020 年を、阪神淡路大震災から 25 年を迎える大きな節目の年として捉え、多様な課題を克服し、最先端技術やデータを活用しながら高度な市民サービスの創出・実装に取組むことを通じて、「世界とふれあう市民創造都市」づくりを推進してきました。神戸市は、新型コロナウイルス感染症対策において、日本マイクロソフトなどの企業や団体と連携し、市職員が、業務効率を高めるアプリケーションを、Microsoft Power Platform (注) を活用して開発・提供した経験もふまえ、デジタル化をより一層推進していく必要があると考えたことから、日本マイクロソフトとの包括連携協定の締結に至りました。両者は、本連携協定に基づき、以下の取り組みを行います。デジタルトランスフォーメーションの推進による働き方改革:日本マイクロソフトが、自社やお客様との取り組みで培った、働き方改革の知見を市職員にご紹介する、オンライン研修等を実施します。Microsoft Teams、Microsoft 365 などのマイクロソフトのコラボレーション環境を活用した、テレワーク環境や災害時の業務継続計画 (BCP) の構築等により、市職員のデジタルツールの利活用を推進します。スマートシティ実現に向けたデータ連携基盤の推進:日本マイクロソフトが、神戸市のスマートシティ実現に向けたデータ連携基盤の検討に参画し、最新技術による安心安全なスマートシティ実現に向けたアドバイザリーを提供します。マイクロソフトの海外法人と連携して、先行する海外スマートシティのデータ連携基盤の事例を調査研究し、神戸市の理想のデータ連携基盤の概念を構築します。デジタルを利用した市役所と市民の接点の改善など、スマートシティのサービスの試行的プロジェクトを実施します。デジタル人材の育成および人材交流:市民目線の新しい行政サービスや政策形成、社会課題解決のための新しいソリューション創出に向けたサービスデザイン思考ワークショップなどを実施し、デジタルを活用し、価値を創造する人材の育成と交流を促進します。政策形成や社会課題解決のための新しいソリューション創出に AI を安全かつ有効に活用するための AI スクールを市職員や大学生向けに実施し、有効かつ安全に AI を活用できる人材を育成支援します。デジタルを活用した子どもや青少年の学びの支援:家庭学習の補完となるオンライン双方向通信などの充実を図ります。子どもたちの主体的な学びを支援する様々なデジタルツールと、その効果的な利用方法を提供します。コミュニケーション教育ツールとしてのチャットボットの活用を検討します。神戸市では、2020 年 4 月より、日本マイクロソフトに加えて、株式会社 KDDI ウェブコミュニケーションズ、非営利団体コロナ対策エンジニア、株式会社セカンドファクトリー、株式会社ソントレーゾ、Twilio Japan 合同会社と連携して、神戸市の新型コロナウイルス感染症対策における業務を効率化するためのアプリケーションを、Microsoft Power Platform を活用して、市職員が開発・提供してきました。神戸市と日本マイクロソフトは、今回の連携協定に合わせて「新型コロナウイルス感染症対策に関する覚書」を締結し、日本マイクロソフトは、神戸市に対して、Power Platform などのマイクロソフトのクラウドサービスを無償で提供するとともに、両者で連携して以下の取り組みを推進します。1. 新型コロナウイルス 健康相談チャットボット:新型コロナウイルスの影響により、神戸市では専用健康相談窓口等への問い合わせが殺到し、職員の業務時間の多くを問い合わせ対応に費やす必要がありました。簡単な問い合わせ対応はチャットボットや自動音声通話などで対応することで、職員がより緊急度の高い業務に注力できるように、チャットボット構築ツールの「Microsoft Power Virtual Agents」を採用し、神戸市ホームページ (https://www.city.kobe.lg.jp/) から市民が問い合わせできる、新たな不安解決のツールとして、「新型コロナウイルス 健康相談チャットボット」(https://www.city.kobe.lg.jp/kenko/health/infection/kobe_bot/index.html) を 2020 年 5 月 20 日 (水) より提供しています。詳細は下記を参照ください。https://www.city.kobe.lg.jp/a08691/748596411204.html2. 特別定額給付金の申請状況等確認サービス (住民ポータル)神戸市では、特別定額給付金の給付手続きに関して、2020 年 5 月 1 日 (金) にオンライン申請を開始、5 月 20 日 (水) に市民への申請書の郵送を完了しましたが、申請後の審査や振込手続きについての問い合わせが多数寄せられ迅速な対応が難しい状況にありました。そこで、市のホームページで申請者番号を入力すると、申請の審査状況や振込予定を確認できる「神戸市特別定額給付金申請状況検索サイト」(https://kobe-kyufukin-status.powerappsportals.com/) を開発し、2020 年 5 月 29 日 (金) より提供しています。詳細は下記を参照ください。https://www.city.kobe.lg.jp/a06448/kyufukin/457635466323.html3. データ公開サイトの統合 (ダッシュボード):神戸市では、新型コロナウイルス感染症の陽性判定者情報のリアルタイム公表に向けた視覚化や、不要不急の外出自粛要請に対する人流情報の解析のため、職員が集計業務に多くの時間を費やしていました。市民へのリアルタイムな情報提供を、より効率的に実現するために、データの取得・加工・可視化までを自動化させるツール、「Microsoft Power BI」を活用して、3 つに分かれていたデータ公開サイトを統合したダッシュボード (https://www.city.kobe.lg.jp/a73576/kenko/health/infection/protection/covid_19.html) を開発し、2020 年 6 月 1 日 (月) より提供しています。詳細は下記を参照ください。https://www.city.kobe.lg.jp/a89138/press/20200601.html4. 構築内容をオープンソースとして GitHub に公開:両者では、今回の取り組みを全国の自治体でも展開できるようにするため、構築したアプリケーション、ワークフローシステムの設定、視覚化ツール設定等をすべて、共に開発した企業・団体と連携して、ソフトウェア開発プラットフォームの「GitHub」(https://github.com/covid19-engr/gov-powerplatform-template/) に本日 6 月 4 日 (木) にオープンソースとして公開しました。これにより、他の自治体も神戸市と同じアプリケーションを自由に利用し、業務効率を高め、市民の利便性向上を図ることができます。日本マイクロソフトでは、今回の包括連携協定を通じて、神戸市の「世界とふれあう市民創造都市」の実現を支援していきます。注: Microsoft Power Platform は、業務アプリケーション作成、データ分析・洞察の取得、業務プロセス自動化、チャットボット作成など、様々なツールを提供する、統合型クラウドサービスです。Power Platform の詳細は以下 Web サイトを参照ください。https://www.microsoft.com/ja-jp/biz/dynamics/power-platform.aspx* Microsoft、Power BI は、米国 Microsoft Corporation の米国及びその他の国における登録商標または商標です。* その他、記載されている会社名、製品名は、各社の登録商標または商標です。記者会見の様子。向かって左から、神戸市長 久元 喜造 氏、日本マイクロソフト株式会社 執行役員 常務 クラウド&ソリューション事業本部長 手島 主税、業務執行役員 デジタル・ガバメント統括本部長 木村 靖【日本マイクロソフト株式会社について】日本マイクロソフト株式会社は、マイクロソフト コーポレーションの日本法人です。マイクロソフトは、インテリジェントクラウド、インテリジェントエッジ時代のデジタルトランスフォーメーションを可能にします。「Empower every person and every organization on the planet to achieve more.(地球上のすべての個人とすべての組織が、より多くのことを達成できるようにする)」を企業ミッションとしています。日本マイクロソフトは、この企業ミッションに基づき、「革新的で、安心して使っていただけるインテリジェントテクノロジを通して、日本の社会変革に貢献する」企業像を目指します。マイクロソフトに関する詳細な情報は、下記マイクロソフト Web サイトを通じて入手できます。日本マイクロソフト株式会社 Web サイト http://www.microsoft.com/ja-jp/マイクロソフトコーポレーション Web サイト http://www.microsoft.com/本プレスリリースのすべての内容は、作成日時点でのものであり、予告なく変更される場合があります。正式な社内承認や各社との契約締結が必要な場合は、それまでは確定されるものではありません。また、様々な事由・背景により、一部または全部が変更、キャンセル、実現困難となる場合があります。予めご了承下さい。
2020年6月8日	 役員人事変更について 	https://news.microsoft.com/ja-jp/2020/06/08/200608-announcement/	【日本マイクロソフト株式会社について】日本マイクロソフト株式会社は、マイクロソフト コーポレーションの日本法人です。マイクロソフトは、インテリジェントクラウド、インテリジェントエッジ時代のデジタルトランスフォーメーションを可能にします。「Empower every person and every organization on the planet to achieve more.(地球上のすべての個人とすべての組織が、より多くのことを達成できるようにする)」を企業ミッションとしています。日本マイクロソフトは、この企業ミッションに基づき、「革新的で、安心して使っていただけるインテリジェントテクノロジを通して、日本の社会変革に貢献する」企業像を目指します。マイクロソフトに関する詳細な情報は、下記マイクロソフト Web サイトを通じて入手できます。日本マイクロソフト株式会社 Web サイト http://www.microsoft.com/ja-jp/マイクロソフトコーポレーション Web サイト http://www.microsoft.com/* Microsoft は、米国 Microsoft Corporation の米国及びその他の国における登録商標または商標です。* その他、記載されている会社名、製品名は、各社の登録商標または商標です。本プレスリリースのすべての内容は、作成日時点でのものであり、予告なく変更される場合があります。正式な社内承認や各社との契約締結が必要な場合は、それまでは確定されるものではありません。また、様々な事由・背景により、一部または全部が変更、キャンセル、実現困難となる場合があります。予めご了承下さい。Tags: Corporate News
2020年6月10日	 NTT データとマイクロソフト、新たなデジタルソリューションの実現に向けた協業を開始 	https://news.microsoft.com/ja-jp/2020/06/10/200610-realize-new-digital-solutions/	株式会社 NTT データマイクロソフトコーポレーション東京/ワシントン州レドモンド – 2020 年 6 月 10 日 – 株式会社 NTT データ (以下、NTT データ) とマイクロソフトコーポレーション (以下、マイクロソフト) は、戦略的協業を開始したことを発表します。本協業は日本電信電話株式会社とマイクロソフトが 2019 年 12 月に締結した、複数年にわたる戦略的提携 (注1) に基づき実施するもので、お客さまのデジタルトランスフォーメーション (以下、DX) を加速するため、両社は望ましいプラットフォームとして Microsoft Azure を活用し、お客さまの事業の成長および生産性向上を支援します。本協業により、両社は、NTT データの様々な IT サービスと、マイクロソフトが持つ高信頼のクラウドプラットフォーム、AI 技術および生産性向上ツール群を融合させ、お客さまの DX の推進および業務効率化の支援をめざします。【背景】企業を取り巻く環境が急激に変化している現在において、クラウド等を活用した迅速なシステムインテグレーションによる、お客さまの DX が、より一層求められています。NTT データは、幅広い業界のお客さまに、IT 戦略ノウハウに基づくコンサルティングやマネージドサービスから、システムの設計・開発などの運用・保守までフルラインのシステムインテグレーション等、IT に関するさまざまなサービス提供を行ってきました。一方、マイクロソフトは、クラウドプラットフォーム Microsoft Azure や、Microsoft 365、Microsoft Teams、Dynamics 365 等の DX を実現する技術を有しており、多くのお客さまに提供しています。NTT データ 代表取締役社長 本間 洋のコメント:NTT データは、グローバルでお客さまの DX を支援しています。今回のマイクロソフトとの戦略的協業により、マイクロソフトの Microsoft Azure やデジタル技術と NTT データの IT サービス提供の経験・知識を融合し、お客さまのデジタルトランスフォーメーションの進化に貢献するソリューション・サービスを提供していきます。マイクロソフト コーポレーション コーポレート バイスプレジデント プログラムマネジメント担当 アレックス シモンズ (Alex Simons) のコメント:この戦略的協業により、NTT データのグローバルでの IT サービスや様々な業界の専門知識を、Microsoft Azure の力や生産性を高めるツールと組み合わせることで、お客さまにとって新しい機会と価値を創出し、迅速に DX を推進できるものと期待しています。両社で新たなソリューションを創出し、お客様にさらなる価値をご提供していきます。【協業の概要】1. お客さまのデジタルトランスフォーメーション両社は、お客さまの DX の推進のため、Microsoft Azure 上に新たなソリューションおよびサービスを連携して開発し展開を行います。Microsoft 365、Microsoft Teams で提供される生産性向上の技術と組み合わせ、NTT データが提供するナレッジマネジメントソリューション「everis knowler  (注2)」、RPA ソフトウエア「WinActor  (注3)」を拡張し、お客さまの業務の効率化を支援します。また、SAP アプリケーションなど基幹系システムの Microsoft Azure への移行やマネージドサービスなど、ソリューション領域を順次拡大し、幅広い業界のお客さまを対象とした DX を推進していきます。2. ワークスタイル変革両社は、グローバルで社員の力を高めて組織力を最大化することを目的としたワークスタイル変革を、デジタル技術を用いて推進します。本取り組みでは、NTT データ社内のワークスタイル変革を加速させるため、Microsoft 365 で提供されるセキュリティー製品群や、Microsoft Teams などのコラボレーションツールを活用し、生産性向上を目的とした IT・制度の両面における環境整備を進めます。また、成果の増大につながる働き方やベストプラクティスの共有を進めることで組織全体の働き方変革および社員一人一人のパフォーマンス向上を図ります。この活動で得られた実績や、実際のシステム構築のノウハウをもとにあらゆる業界のお客さまへ、ワークスタイル変革を両社で提案していきます。3. 人財育成両社は、デジタル人財育成・活用のさらなる促進のために協力します。本取り組みでは、マイクロソフトがこれまで手掛けた、組織文化の改革などグローバルでのさまざまな DX 事例を活用します。また、DX をお客さまに提案する人財として NTT データ社員が、マイクロソフトのクラウド関連の認定資格を取得するなど、グローバルで 1 万人規模の人財を育成する予定です。4. 社会貢献活動への取り組みNTT データは、グローバルヘルスの重要課題に対して、マイクロソフトが推進する「AI for Health  (注4)」と連携して取り組んでいきます。NTT データは、国連で採択された持続可能な開発目標 (SDGs) のひとつである感染症根絶に向け、同社の AI 画像診断技術を活用していきます。(注1) NTT とマイクロソフト、新たなデジタルソリューションの実現に向けた戦略的提携に合意https://news.microsoft.com/ja-jp/2019/12/10/191210-ntt-and-microsoft-agree-to-strategic-alliances-for-new-digital-solutions/(注2)「everis knowler」は、NTT データのスペイン子会社である everis グループが開発したオントロジー技術や自然言語処理技術を駆使した構造化データ、非構造化データを扱うナレッジマネジメントソリューションです。(注3)「WinActor」は NTT アドバンステクノロジ株式会社の登録商標です。WinActor は、NTT アクセスサービスシステム研究所で生まれた技術をベースに、NTT アドバンステクノロジ株式会社が製品化した RPA ソリューションです。(注4) AI for Health は、マイクロソフトが、AI によって研究者や研究組織を支援し、世界中の人々や地域社会の健康を向上することを目的として、2020 年 1 月に開始したプログラムです。詳細は下記を参照ください。https://news.microsoft.com/ja-jp/2020/01/30/200130-ai-for-health-child-mortality/* Microsoft、Azure、Dynamics は、米国 Microsoft Corporation の米国及びその他の国における登録商標または商標です。* その他の商品名、会社名、団体名は、各社の商標または登録商標です。マイクロソフトに関する詳細な情報は、下記マイクロソフト Web サイトを通じて入手できます。日本マイクロソフト株式会社 Web サイト http://www.microsoft.com/ja-jp/マイクロソフトコーポレーション Web サイト http://www.microsoft.com/本プレスリリースのすべての内容は、作成日時点でのものであり、予告なく変更される場合があります。正式な社内承認や各社との契約締結が必要な場合は、それまでは確定されるものではありません。また、様々な事由・背景により、一部または全部が変更、キャンセル、実現困難となる場合があります。予めご了承下さい。
2020年6月23日	 新型コロナウイルス感染症の軽症者向けの「健康管理アプリケーション」の提供を技術協力 全国の自治体で活用できるオープンソースとして本日公開 	https://news.microsoft.com/ja-jp/2020/06/23/200623-health-care-application/	日本マイクロソフト株式会社 (本社: 東京都港区、代表取締役 社長: 吉田 仁志、以下 日本マイクロソフト) は、東京都の新型コロナウイルス感染症 (COVID-19) 対策において、「健康管理アプリケーション」の提供を技術協力しました。健康管理アプリケーションは、入院治療の必要が無い軽症者等が、毎日の自身の体調を看護師等に報告し、看護師等がその情報をリアルタイムに把握できる、スマートフォンなどの端末用アプリケーション (モバイルアプリ) です。東京都では、医療機関が COVID-19 の重症患者の入院治療に注力できるよう、軽症者等を宿泊療養施設に受け入れていますが、同施設において入所者・看護師の負担軽減のために、入所者の毎日の健康状態の把握をリモートから簡便に行う仕組みが求められていました。東京都と日本マイクロソフトは、軽症者等が自分で毎日の体調をスマートフォン等に入力し、看護師及び行政機関が管理できるアプリケーションを宿泊療養施設に導入するため、2020 年 4 月 20 日 (月) に共同プロジェクトを開始、4 月 30 日 (木) ～ 5 月 1 日 (金) に宿泊療養施設での試験運用を行い、運用を開始しました。日本マイクロソフトは、他の自治体でも本アプリケーションを活用できるようにするため、本アプリケーションのテンプレートを、ソフトウェア開発プラットフォームの「GitHub」にオープンソースとして本日 6 月 23 日 (火) に公開しました。日本マイクロソフトの役割:ビジネスアプリケーション作成ツール「Microsoft Power Apps」を活用して、「健康管理アプリケーション」のベースとなるサンプルテンプレートを開発し東京都に提供入所者が登録したデータを、看護師や職員が容易に把握できるように、ダッシュボード形式で可視化するアプリケーション (体調分析ダッシュボード) を、データ可視化ツール「Microsoft Power BI」で作成「健康管理アプリケーション」を通じて入所者が入力したデータを、マイクロソフトのクラウドサービスに保管本アプリケーションのテンプレートを、オープンソースとして GitHub (以下) に公開https://github.com/microsoft/PowerApps-Templates-Japan東京都 副知事 宮坂 学 様のコメント:「東京都では、医療機関が COVID-19 の重症患者の入院治療に注力できるよう、軽症者を都内の宿泊療養施設に受け入れていますが、同施設では入所者の毎日の健康状態を安全かつ簡便に把握できる仕組みが求められていました。都では、日本マイクロソフトに技術協力してもらうことで、わずか数日で健康管理アプリケーションを開発し、利用を開始でき、入所者や看護師の負担を軽減できました。」健康管理アプリケーションの特徴:iOS と Android に対応したモバイルアプリのため、入所者が所有するスマートフォンで本アプリケーションを活用することで、日々の体温等の体調の変化を簡単に記録できます。これまで看護師や職員が 1 日 2 回電話で入所者に確認し、手作業で入力していた体調のデータを、自動的に集計し可視化できます。入所者にとっては看護師・職員への電話待ちや電話のやり取りの時間が無くなるなどの軽減を図ることができます。健康管理アプリケーションのイメージ:参考:東京都 (第 281 報) 軽症者等を受け入れる宿泊療養施設への最先端ロボット等の導入についてhttps://www.bousai.metro.tokyo.lg.jp/taisaku/saigai/1007261/1007792.htmlMicrosoft Power Apps:https://powerapps.microsoft.com/ja-jp/*Microsoft、Power Apps、Power BI は、米国 Microsoft Corporation の米国およびその他の国における登録商標または商標です。*その他、記載されている会社名、製品名は、各社の登録商標または商標です。【日本マイクロソフト株式会社について】日本マイクロソフト株式会社は、マイクロソフト コーポレーションの日本法人です。マイクロソフトは、インテリジェントクラウド、インテリジェントエッジ時代のデジタルトランスフォーメーションを可能にします。「Empower every person and every organization on the planet to achieve more.(地球上のすべての個人とすべての組織が、より多くのことを達成できるようにする)」を企業ミッションとしています。日本マイクロソフトは、この企業ミッションに基づき、「革新的で、安心して使っていただけるインテリジェントテクノロジを通して、日本の社会変革に貢献する」企業像を目指します。マイクロソフトに関する詳細な情報は、下記マイクロソフト Web サイトを通じて入手できます。日本マイクロソフト株式会社 Web サイト http://www.microsoft.com/ja-jp/マイクロソフトコーポレーション Web サイト http://www.microsoft.com/本プレスリリースのすべての内容は、作成日時点でのものであり、予告なく変更される場合があります。正式な社内承認や各社との契約締結が必要な場合は、それまでは確定されるものではありません。また、様々な事由・背景により、一部または全部が変更、キャンセル、実現困難となる場合があります。予めご了承下さい。
2020年6月26日	 日立とマイクロソフトが、東南アジア、北米、日本における製造・ロジスティクス分野向け次世代デジタルソリューションに関する戦略的提携で合意 	https://news.microsoft.com/ja-jp/2020/06/26/hitachi-and-microsoft-partnership/	株式会社日立製作所日本マイクロソフト株式会社株式会社日立製作所 (執行役社長兼 CEO: 東原 敏昭/以下、日立) と日本マイクロソフト株式会社 (代表取締役 社長: 吉田 仁志/以下、日本マイクロソフト) は、東南アジア、北米、日本における製造・ロジスティクス分野向け次世代デジタルソリューション事業に関する複数年にわたる戦略的提携に合意しました。協業の第一弾として、日立は、2020 年 7 月からタイ王国 (以下、タイ) において、本協業に基づくソリューション提供を開始します。今回の提携において両社は協力して、昨今の新型コロナウイルス感染症 (COVID-19) 拡大に伴う遠隔地での保守や自動化・省人化の需要拡大に対応したソリューションを提供し、ウィズコロナ・アフターコロナの新常態 (ニューノーマル) における企業の復興・変革を支援します。具体的には、日立は、日立の先進のデジタル技術を活用した次世代マニュファクチャリング・ロジスティクス・メンテナンスを実現する Lumada*1 ソリューションや株式会社日立産機システムの IoT 対応産業用コントローラ「HX シリーズ*2」と、マイクロソフトの信頼性の高いクラウドプラットフォーム Azure*3、Dynamics 365 や Microsoft 365 などを組み合わせ、企業の生産性向上や業務効率化を支援します。また、両社は、本協業を展開するために必要なデジタル人財の育成を共同で進めます。この協業を通して、日立は次の 3 つのソリューションを提供します。生産性向上を実現するマニュファクチャリングの高度化:「Hitachi Digital Supply Chain (日立デジタルサプライチェーン)*4」や Azure IoT などを活用して、製造現場の 4M*5 データを収集して、生産の進捗確認や設備の稼働状況、作業員の動作などの見える化・分析を行い、工場の運用最適化とお客さまの生産性向上を図ります。データアナリティクスによるロジスティクスの最適化:「Hitachi Digital Solution for Logistics / 配送最適化サービス*6」や Azure Maps などを活用して、配送の条件 (納品日時、物流拠点の位置、走行ルート・時間、渋滞、積荷時間など) や熟練者の経験を取り入れたデータ分析により、効率的な配送計画を自動立案することで、お客さまの物流コストの削減や配送業務の効率化を支援します。「Hitachi Digital Solution for Logistics / 配送最適化サービス」を活用した 物流最適化・業務効率化のイメージ画像予兆保全とリモートアシストによるメンテナンス:HoloLens 2*7 と Dynamics 365 Remote Assist*8 などを活用し、製造・流通現場とオフィスをシームレスにつないで、写真、テキスト、音声などによる作業証跡の保存、遠隔での作業指示を可能とすることにより、現場の作業員の作業効率化や高品質化を支援します。HoloLens 2 と Dynamics 365 Remote Assist を活用して 遠隔での作業指示に沿って作業する現場作業員のイメージ画像これらデジタルソリューションの導入・管理には、2019 年 4 月から販売を開始した日立の「Lumada Solution Hub*9」を利用します。これにより、お客さまは Azure 上でのデジタルソリューションの早期検証から本番環境へのスムーズな移行、さらには複数拠点への効率的な展開などが可能になります。また今後、両社は、北米や日本での事業展開や、製造・流通分野以外の協業範囲の拡大を検討していきます。さらに、両社共通のお客さまに対する付加価値を提供するために、Lumada と Azure の産業データ基盤の連携に向けた協議も開始します。株式会社日立製作所 執行役常務 産業・流通ビジネスユニット CEO 阿部淳のコメント「マイクロソフトとの協業を拡大し、OT、IT、プロダクトという幅広い領域におけるデジタルソリューションを展開できることをとても嬉しく思います。日立は、Lumada を活用してサイバー空間とリアル空間をつなぐことで課題を解決するトータルシームレスソリューションを提供しており、今後、マイクロソフトとの連携を通じて、お客さまのデジタルトランスフォーメーションを加速し、社会・環境・経済価値の向上に貢献していきたいと考えています。」マイクロソフト コーポレーション Manufacturing Industry 担当バイスプレジデント チャリオン アルカンのコメント「ビジネスを成長させ、今日の急速に変化する環境下で顧客のニーズを満たすには、復元力のある柔軟なデジタルサプライチェーンを構築することが非常に重要です。日立との協業拡大を通して、製造とロジスティクス分野の企業は、業界をリードし、データドリブン型のマインドセットとデジタル活用スキルを備えた先駆者になる新たな機会を切り開くことができるでしょう。」*1 Lumada: お客さまのデータから価値を創出し、デジタルイノベーションを加速するための、日立の先進的なデジタル技術を活用したソリューション・サービス・テクノロジーの総称。http://www.hitachi.co.jp/products/it/lumada/index.html*2 HX シリーズ: リアルタイムな制御と情報処理を実現する次世代 IoT 対応産業用コントローラ。https://www.hitachi-ies.co.jp/products/hx/index.html *3 Azure: マイクロソフトが提供するパブリッククラウドプラットフォーム。全世界 60 リージョンでデータセンターを展開。*4 Hitachi Digital Supply Chain (日立デジタルサプライチェーン) の日立の Web サイトhttp://www.hitachi.co.jp/products/it/industry/solution/dsc/dsc_qc.html*5 4M: Man (人)、Machine (設備)、Material (材料)、Method (方法)*6 2019 年 2 月 28 日の日立ニュースリリース「AI や IoT を活用し、実効性の高い配送計画を立案する「Hitachi Digital Solution for Logistics / 配送最適化サービス」を提供開始」http://www.hitachi.co.jp/New/cnews/month/2019/02/0228.html*7 HoloLens 2: マイクロソフトの複合現実 (Mixed Reality) と AI を活用したセンサー搭載ホログラフィックコンピューティングヘッドセット*8 Dynamics 365 Remote Assist: マイクロソフトのファーストラインワーカー向け遠隔支援ソリューション*9 2019 年 3 月 18 日の日立ニュースリリース「Lumada ソリューションの導入を迅速かつ容易にする「Lumada Solution Hub」を販売開始」http://www.hitachi.co.jp/New/cnews/month/2019/03/0318.html日立製作所について日立は、IT (Information Technology)、OT (Operational Technology) およびプロダクトを組み合わせた社会イノベーション事業に注力しています。2019 年度の連結売上収益は 8 兆 7,672 億円、2020 年 3 月末時点の連結従業員数は約 301,000 人でした。日立は、モビリティ、ライフ、インダストリー、エネルギー、IT の 5 分野で Lumada を活用したデジタルソリューションを提供することにより、お客さまの社会価値、環境価値、経済価値の 3 つの価値向上に貢献します。詳しくは、日立のウェブサイト (https://www.hitachi.co.jp/) をご覧ください。マイクロソフト コーポレーションについてマイクロソフト (Nasdaq MSFT @microsoft) は、インテリジェントクラウド、インテリジェントエッジ時代のデジタルトランスフォーメーションを可能にします。「Empower every person and every organization on the planet to achieve more. (地球上のすべての個人とすべての組織が、より多くのことを達成できるようにする)」を企業ミッションとしています。* Microsoft、Azure、Dynamics、HoloLens は、米国 Microsoft Corporation の米国及びその他の国における登録商標または商標です。* その他、記載されている会社名、製品名は、各社の登録商標または商標です。マイクロソフトに関する詳細な情報は、下記マイクロソフト Web サイトを通じて入手できます。日本マイクロソフト株式会社 Web サイト http://www.microsoft.com/ja-jp/マイクロソフトコーポレーション Web サイト http://www.microsoft.com/本プレスリリースのすべての内容は、作成日時点でのものであり、予告なく変更される場合があります。正式な社内承認や各社との契約締結が必要な場合は、それまでは確定されるものではありません。また、様々な事由・背景により、一部または全部が変更、キャンセル、実現困難となる場合があります。予めご了承下さい。Tags: Case Studies, Cloud Computing, Digital Transformation, Dynamics, HoloLens, Microsoft 365
2020年7月1日	 マイクロソフト、COVID-19 経済下で求められる新たなデジタルスキル習得に向け 2500 万人を全世界で支援 	https://news.microsoft.com/ja-jp/2020/07/01/200701-skillingprogram/	※ 本プレスリリースは、2020 年 6 月 30 日に公開した  Microsoft to help 25 million people worldwide acquire new digital skills needed for the COVID-19 economy の抄訳です。ワシントン州レドモンド — 2020 年 6 月 30 日 — 火曜日、マイクロソフトは新たなグローバルスキル構想を発表しました。デジタルスキルの強化を目的としたこの取り組みは、年内に世界 2500 万人を対象として実施される予定です。本発表は、COVID-19パンデミックがもたらしたグローバルな経済危機に対応するためのものです。デジタルスキルへのアクセスを拡大することは経済回復にとって、とりわけ、失業による大きな被害を受けた人々にとって重要です。今回発表したグローバルスキル構想では、マイクロソフトの公式ブログにも詳細が掲載されているとおり、スキル再獲得と雇用機会を求める人々を支援するための迅速な対策とともに、全社が一体となって LinkedIn (以下、リンクトイン)、GitHub、マイクロソフトの既存のリソースと新たなリソースを組み合わせていきます。これには以下の内容が含まれます。需要の高い職種と必要スキルの識別のためのデータ活用需要の高い職種に必要なスキル獲得を支援するための学習リソースへの無料アクセススキルを身に着けた人の求職活動を支援するための低コストの認定制度と無料ツールこれは、データとデジタルテクノロジを活用した総合的取り組みであり、LinkedIn Economic Graph の雇用とスキル関連のデータが活用されます。また、LinkedIn Learning、Microsoft Learn、GitHub Learning Lab のコンテンツへの無料アクセスが提供されると共に、Microsoft Certifications と LinkedIn の求職ツールも活用されます。これらのリソースは、すべて opportunity.linkedin.com* からアクセス可能であり、英語、フランス語、ドイツ語、スペイン語の 4 言語で提供されます。さらに、マイクロソフトでは、現金 2000 万ドルの助成金を用意し、この支援を最も必要とする人たちを世界中の非営利団体がサポートできるようにします。この金額の 4 分の 1 にあたる 500 万ドルは、米国の人種問題関連コミュニティを支援する非営利団体への寄付に使用されます。また、LinkedIn Economic Graph のデータを含めたデータや分析結果の世界中の政府機関への提供も強化し、各国の経済の評価をより適切に行えるよう支援していきます。変化する経済に必要なスキル獲得の機会を拡大する社会政策上のイノベーションを推進するための意見表明も行っていきます。マイクロソフトは、Microsoft Teams 用の新たな学習アプリを開発中であることを発表しました。これは、仕事に復帰する人が増え経済が雇用促進に向かう中、企業における既存社員のスキル向上や能力アップを支援できるようにするものです。マイクロソフト CEO のサティア ナデラ (Satya Nadella) は次のように述べています。「COVID-19 は公衆衛生と経済の両面での危機をもたらしています。世界がこの危機から回復する中で、取り残される人がいてはなりません。本日、マイクロソフトはリンクトインと GitHub を含めた全リソースを集結して、人々の新スキルの学習と獲得方法を再創造し、COVID-19 により失業に直面した 2500 万人の人々が将来の雇用を確保できるよう支援します。」マイクロソフト プレジデントのブラッド スミス (Brad Smith) は次のように述べています。「現在の経済危機による被害を最も強く受けているのは弱い立場の人々です。失業率は、有色人種、女性、若年層、障碍を持つ人々、そして、十分な教育を受けられなかった人々の間で特に高くなっています。政府機関や非営利団体との協力強化と最良のテクノロジの組み合わせにより、人々が新規雇用に必要なスキルを獲得できるよう支援することが、マイクロソフトの目標です。」リンクトイン CEO のライアン ロランスキー (Ryan Roslansky) は次のように述べています。「グローバルなワークフォースのあらゆる人々に機会を提供することがリンクトインの使命です。マイクロソフトのエコシステムの一部であるリンクトインは、世界中の求職者、特に、COVID-19 危機により大きな被害を受けた人々が、スキルを獲得し、適切な職を得られるよう支援できるユニークな存在です。将来の雇用とスキルに関するデータによって適切な学習の方向性を示すことで、2500 万人の人々が次の雇用機会を見付けられるよう支援できることを誇りに思っています。必要な情報は、すべて opportunity.linkedin.com 上で公開していきます。」詳細については、news.microsoft.com/skills をご覧ください。【日本マイクロソフト株式会社について】日本マイクロソフト株式会社は、マイクロソフト コーポレーションの日本法人です。マイクロソフトは、インテリジェントクラウド、インテリジェントエッジ時代のデジタルトランスフォーメーションを可能にします。「Empower every person and every organization on the planet to achieve more.(地球上のすべての個人とすべての組織が、より多くのことを達成できるようにする)」を企業ミッションとしています。日本マイクロソフトは、この企業ミッションに基づき、「革新的で、安心して使っていただけるインテリジェントテクノロジを通して、日本の社会変革に貢献する」企業像を目指します。マイクロソフトに関する詳細な情報は、下記マイクロソフト Web サイトを通じて入手できます。日本マイクロソフト株式会社 Web サイト http://www.microsoft.com/ja-jp/マイクロソフトコーポレーション Web サイト http://www.microsoft.com/* Microsoft は、米国 Microsoft Corporation の米国及びその他の国における登録商標または商標です。* その他、記載されている会社名、製品名は、各社の登録商標または商標です。本プレスリリースのすべての内容は、作成日時点でのものであり、予告なく変更される場合があります。正式な社内承認や各社との契約締結が必要な場合は、それまでは確定されるものではありません。また、様々な事由・背景により、一部または全部が変更、キャンセル、実現困難となる場合があります。予めご了承下さい。Tags: Corporate News
2020年7月6日	 長谷工グループとアウトソーシングテクノロジーが、日本マイクロソフトと連携し、建設・不動産業界における生産性改革を推進 	https://news.microsoft.com/ja-jp/2020/07/06/200706-promoting-productivity-reform/	～ マンションのタイル打診検査に国内で初めて Mixed Reality を活用 ～株式会社 長谷工コーポレーション (本社: 東京都港区、代表取締役社長: 池上 一夫、以下 長谷工) と株式会社アウトソーシングテクノロジー (本社: 東京都千代田区、代表取締役社長: 茂手木 雅樹、以下 アウトソーシングテクノロジー) は、日本マイクロソフト株式会社 (本社: 東京都港区、代表取締役 社長: 吉田 仁志、以下 日本マイクロソフト) と連携して最先端のデジタル技術を活用した建設・不動産業界における生産性改革を推進します。その一環として、長谷工とアウトソーシングテクノロジーは、マンションの外壁タイル打診検査のための、Mixed Reality (MR、複合現実) ソリューション『AR匠RESIDENCE (エーアールタクミレジデンス)』を共同開発しました。『AR匠RESIDENCE』は、2020 年 7 月より、株式会社長谷工リフォーム (本社: 東京都港区、代表取締役: 河合 英樹) が建物診断を行う関東エリアに導入し、順次、全国へ活用を広げていく予定です。マンションのタイル打診検査に Mixed Reality が活用されるのは国内初です (日本マイクロソフト調べ)。また、アウトソーシングテクノロジーは、年内に他の建設・リフォーム会社を対象に『AR匠RESIDENCE』の販売受付とトライアル運用を開始する予定です。3 社では、本ソリューションの展開を皮切りに、建設・不動産業界における生産性改革や働き方改革に貢献してまいります。【『AR匠RESIDENCE』を利用した検査の様子】
2020年7月8日	 TIS と日本マイクロソフトがヘルスケア業界のデジタルトランスフォーメーションの推進に連携 	https://news.microsoft.com/ja-jp/2020/07/08/200708-tis-and-japan-microsoft/	TIS株式会社日本マイクロソフト株式会社ヘルスケア リファレンス アーキテクチャーを本日より提供TIS株式会社 (本社: 東京都新宿区、代表取締役会長兼社長: 桑野 徹、以下 TIS) と日本マイクロソフト株式会社 (本社: 東京都港区、代表取締役 社長: 吉田 仁志、以下 日本マイクロソフト) は、ヘルスケア業界のデジタルトランスフォーメーションの推進に向けて連携することを発表します。両社は、パーソナル ヘルス レコード (PHR)(注) 分野においてヘルスケア情報の取り扱いで要求される各種ガイドラインに準拠したクラウドベースの技術を、「ヘルスケア リファレンス アーキテクチャー」としてパートナー企業に提供することで、システムやデータの最適化、イノベーションの加速を支援します。現在多くのヘルスケアサービスが民間企業により提供されており、特に PHR 分野では日々膨大なデータが生み出されています。また行政でも、健康寿命の延伸に向けて、こうした PHR の活用を促進させる仕組みが検討されています。バイタル・運動情報を取得するスマートウォッチ特定の疾患の治療や、栄養管理を行うスマートフォンアプリお薬手帳・母子手帳等の EHR データ (Electric Health Record、電子健康記録) を個人に見せるためのサービスこれら個人のヘルスケアデータ収集・管理には進展が見られるものの、それぞれのデータは分散して管理され、点在している状況です。そのため、個人は元より国や医療機関にとっても価値ある重要なデータであるにもかかわらず、データの統合・分析や、それらのデータを元にした総合的な判断が難しいといった課題があります。TIS と日本マイクロソフトでは、ヘルスケアサービスに関わる民間企業が、ガイドラインを参照した標準仕様においてサービス連携やデータ流通を実現いただけるように、「ヘルスケア リファレンス アーキテクチャー」の提供を含む下記を実施します。1.「ヘルスケア リファレンス アーキテクチャー」の提供 (無償)日本マイクロソフトと TIS は、行政や臨床学会が求める標準化ガイドラインを参照した PHR 分野における、「ヘルスケア リファレンス アーキテクチャー」を提供します。「ヘルスケア リファレンス アーキテクチャー」は、マイクロソフトのクラウドプラットフォーム「Microsoft Azure」を利用したヘルスケアサービス開発に必要となるシステム共有部分を定型化したもので、以下の特長があります。本日より GitHub 上で公開され、無償で利用可能です。ヘルスケア業界向けサービス提供者にとっての特長・PHR で求められる、セキュアで統一された基準でのシステム構築が可能・システム構築期間を短縮し、運用及び開発コストの削減が可能・臨床関連の 6 学会※による「生活習慣病コア項目セット集 (第 2 版)」および「生活習慣病自己管理項目セット集 (第 2 版)」と、経済産業省の「健康情報等交換規約定義書」を参照したサンプルプログラムの利用が可能※ 日本糖尿病学会、日本高血圧学会、日本動脈硬化学会、日本腎臓学会、日本臨床検査医学会、日本医療情報学会ヘルスケア業界にとっての特長2.「ヘルスケア リファレンス アーキテクチャー技術者育成プログラム」の開始日本マイクロソフトは、業種毎に最適な方法でお客様のデジタルトランスフォーメーションを支援させていただくために、パートナー企業とのエコシステムの構築を推進しています。今回、その取り組みの一環として、「ヘルスケア リファレンス アーキテクチャー」を理解し、技術活用できる技術者の育成を目的として、2020 年 7 月下旬より「ヘルスケア リファレンス アーキテクチャー技術者育成プログラム」を TIS と協力して開始します。本プログラムでは、「ヘルスケア リファレンス アーキテクチャー」のコンセプトから、国際標準規格でもある HL7 FHIR の情報提供、AI や IoT をはじめとする先進テクノロジを活用したシステム構築や実装に至る、総合的なトレーニングを提供します。TIS は、本プログラムに向けたトレーニングコンテンツの開発に協力します。3.社会的課題解決に向けたヘルスケア エコシステムの活性化日本マイクロソフトと TIS は、今回「ヘルスケア リファレンス アーキテクチャー」の提供を通じ、ヘルスケア業界向けにサービスを提供されるお客様の PoC (Proof of Concept、概念実証) や、PoC をきっかけとした事業化に数多く携わる事で、PHR 取扱の標準化への貢献を目指します。また、この活動を通じて蓄積したノウハウから、さらなるリファレンス アーキテクチャーの拡充と普及、PHR 取扱の標準化を進め、健康寿命延伸という社会的課題に向けたヘルスケア エコシステムの活性化に貢献します。本連携の詳細および「ヘルスケア リファレンス アーキテクチャー」の内容は下記 Web サイトを参照ください。GitHub へのリンクも下記にて紹介しています。https://aka.ms/PHR_RATIS サイト内紹介ページhttps://www.tis.jp/service_solution/PHR-POC-Template本発表に関して、コメントを頂戴していますのでご紹介します。九州大学病院 メディカル・インフォメーションセンター長 教授 中島 直樹 様「リファレンス アーキテクチャーは、黎明期にある PHR に強く求められている標準化の準拠、相互運用性の確保を重視、技術者育成プログラムをも包括した総合的技術であり、民間主導型の社会インフラと言えます。将来の PHR データ 2 次利活用や PHR 機能の更なる高度化を想定すると、このような企業横断的かつ標準的な技術の導入が急がれます。PHR の展開に不足しているユースケース構築やデータ項目セット設定なども支援していただくことを期待しています。」東京工業大学 科学技術創成研究院 准教授 小尾 高史 様「TIS と日本マイクロソフトが、ヘルスケア リファレンス アーキテクチャーという形で、PHR にどのようなデータを記録し、記録されたデータをどのように活用するか、さらには、得られたデータを個人の健康管理にどのように役立てるかという活用イメージを具体的に示されることは、PHR に関心を持つ多くの研究者や技術者が、PHR の新たな付加価値を考える際の有用な情報になると思います。また、システムのサンプルコード等が GitHub から公開されることは、今後の PHR の普及展開を考えるうえで非常に興味ある試みであると期待します。」注: PHR (Personal Health Record) は、個人の健康・医療・介護に関する情報を、健康と医療の質の向上を目的に一元的に保存する仕組みTIS株式会社について (http://www.tis.co.jp/)TIS インテックグループの TIS は、SI・受託開発に加え、データセンターやクラウドなどサービス型の IT ソリューションを多数用意しています。同時に、中国・ASEAN 地域を中心としたグローバルサポート体制も整え、金融、製造、流通/サービス、公共、通信など様々な業界で 3000 社以上のビジネスパートナーとして、お客様の事業の成長に貢献しています。日本マイクロソフト株式会社について (https://www.microsoft.com/ja-jp/)日本マイクロソフト株式会社は、マイクロソフト コーポレーションの日本法人です。マイクロソフトは、インテリジェントクラウド、インテリジェントエッジ時代のデジタルトランスフォーメーションを可能にします。「Empower every person and every organization on the planet to achieve more. (地球上のすべての個人とすべての組織が、より多くのことを達成できるようにする)」を企業ミッションとしています。日本マイクロソフトは、この企業ミッションに基づき、「革新的で、安心して使っていただけるインテリジェントテクノロジを通して、日本の社会変革に貢献する」企業像を目指します。*Microsoft、Azure は、米国 Microsoft Corporation の米国およびその他の国における登録商標または商標です。*その他、記載されている会社名、製品名は、各社の登録商標または商標です。マイクロソフトに関する詳細な情報は、下記マイクロソフト Web サイトを通じて入手できます。日本マイクロソフト株式会社 Web サイト http://www.microsoft.com/ja-jp/マイクロソフトコーポレーション Web サイト http://www.microsoft.com/本プレスリリースのすべての内容は、作成日時点でのものであり、予告なく変更される場合があります。正式な社内承認や各社との契約締結が必要な場合は、それまでは確定されるものではありません。また、様々な事由・背景により、一部または全部が変更、キャンセル、実現困難となる場合があります。予めご了承下さい。Tags: Healthcare
2020年7月13日	 役員人事変更について 	https://news.microsoft.com/ja-jp/2020/07/13/200713-announcement/	【日本マイクロソフト株式会社について】日本マイクロソフト株式会社は、マイクロソフト コーポレーションの日本法人です。マイクロソフトは、インテリジェントクラウド、インテリジェントエッジ時代のデジタルトランスフォーメーションを可能にします。「Empower every person and every organization on the planet to achieve more.(地球上のすべての個人とすべての組織が、より多くのことを達成できるようにする)」を企業ミッションとしています。日本マイクロソフトは、この企業ミッションに基づき、「革新的で、安心して使っていただけるインテリジェントテクノロジを通して、日本の社会変革に貢献する」企業像を目指します。マイクロソフトに関する詳細な情報は、下記マイクロソフト Web サイトを通じて入手できます。日本マイクロソフト株式会社 Web サイト http://www.microsoft.com/ja-jp/マイクロソフトコーポレーション Web サイト http://www.microsoft.com/* Microsoft は、米国 Microsoft Corporation の米国及びその他の国における登録商標または商標です。* その他、記載されている会社名、製品名は、各社の登録商標または商標です。本プレスリリースのすべての内容は、作成日時点でのものであり、予告なく変更される場合があります。正式な社内承認や各社との契約締結が必要な場合は、それまでは確定されるものではありません。また、様々な事由・背景により、一部または全部が変更、キャンセル、実現困難となる場合があります。予めご了承下さい。
2020年7月13日	 マイクロソフト、XiaoIce (シャオアイス) 事業を独立企業として分離 	https://news.microsoft.com/ja-jp/2020/07/13/200713-microsoft-splits-xiao-ice-business/	本日、マイクロソフトは、XiaoIce (シャオアイス) 関連事業を独立企業として分離することを発表しました。ハリー シャム (Harry Shum) がこの新会社の会長、ディ リィ (Di Li) が CEO となり、ジャン チェン (Zhan Chen) が日本支社のゼネラルマネージャーを務めます。すべての関連作業は、数ヶ月以内に完了する予定です。マイクロソフトは、新会社への投資を維持し、すべての XiaoIce 関連テクノロジを新会社にライセンスします。この事業分離の目的は、XiaoIce チームが、各地域に則した XiaoIce テクノロジのイノベーションとビジネスを推進し、エコシステムの拡大を加速し、さらにお客様やパートナー各社から要望が多かったカスタマイズされたサービスを提供できるようにすることにあります。独立企業への事業分離が完了した後も、XiaoIce は、そのブランド名を維持し、テクノロジ、ビジネス、コンテンツ作成の領域でイノベーションを継続していきます。XiaoIce は、中国、日本、インドネシアにおける、より幅広い顧客にサービスを提供するために、パートナー各社との関係強化を継続していきます。XiaoIce の既存のお客様は、今後もこれまでと同等水準と品質のサービスを継続して享受できます。XiaoIce は、世界で最も人気のあるチャットボットの 1 つであり、XiaoIce のブランドは中国で広く知られており (日本では「りんな」として知られています)、きわめて多くのファンとエンドユーザー、そして、開発パートナーと顧客を抱えています。XiaoIce は世界中の複数の国で提供されており、オンラインユーザー数は 6 億 6000 万人、サードパーティのデバイス数は 4 億 5000 万台に達します。9 億人以上のユーザーが XiaoIce 経由でコンテンツにアクセスしており、金融サービス、小売、自動車、不動産、繊維といった業種の企業が、XiaoIce のサービスをビジネスで活用しています。「りんな」は、2015 年 8 月にリリースされて以来、現在約 830 万人ユーザーを獲得しており、音楽、ラジオ、ニュースメディアなどと AI キャラクターを活用したコンテンツの取り組みを実施しているほか、AI を活用したデジタルマーケティングソリューション「Rinna Character Platform」など、幅広い業界で利用されています。以上【日本マイクロソフト株式会社について】日本マイクロソフト株式会社は、マイクロソフト コーポレーションの日本法人です。マイクロソフトは、インテリジェントクラウド、インテリジェントエッジ時代のデジタルトランスフォーメーションを可能にします。「Empower every person and every organization on the planet to achieve more.(地球上のすべての個人とすべての組織が、より多くのことを達成できるようにする)」を企業ミッションとしています。日本マイクロソフトは、この企業ミッションに基づき、「革新的で、安心して使っていただけるインテリジェントテクノロジを通して、日本の社会変革に貢献する」企業像を目指します。マイクロソフトに関する詳細な情報は、下記マイクロソフト Web サイトを通じて入手できます。日本マイクロソフト株式会社 Web サイト http://www.microsoft.com/ja-jp/マイクロソフトコーポレーション Web サイト http://www.microsoft.com/* Microsoft は、米国 Microsoft Corporation の米国及びその他の国における登録商標または商標です。* その他、記載されている会社名、製品名は、各社の登録商標または商標です。本プレスリリースのすべての内容は、作成日時点でのものであり、予告なく変更される場合があります。正式な社内承認や各社との契約締結が必要な場合は、それまでは確定されるものではありません。また、様々な事由・背景により、一部または全部が変更、キャンセル、実現困難となる場合があります。予めご了承下さい。Tags: Cloud Computing, Corporate News, 人工知能 (AI)
2020年7月15日	 958 万人の小中学生の新しい学習環境整備のために「GIGA スクール Windows PC 導入展開パック」を提供 	https://news.microsoft.com/ja-jp/2020/07/15/200715-giga-school-windows-pc-deployment-pack/	～ 迅速に 1 人 1 台学習用端末導入を実現するために業界を挙げて導入を支援 ～日本マイクロソフト株式会社 (本社: 東京都港区、代表取締役 社長 吉田 仁志、以下 日本マイクロソフト) は、現在の新型コロナウイルス感染症の環境下における新しい学習環境の整備を支援するため、1 人 1 台の学習者用端末の導入とキッティングのコストと工数を劇的に軽減した無償の端末展開支援サービス「GIGA スクール Windows PC 導入展開パック」を、Microsoft 365 Education GIGA Promo (注 1 以下 GIGA Promo) および GIGA スクール対応 PC を導入されるお客様を対象に、パートナー企業と連携して本日より提供開始することを発表します。日本国内においては、緊急事態宣言時に多くの児童・生徒・学生が自宅等でのリモート学習を余儀なくされました。現在、新しい学習様式を目指す文部科学省は、そのための環境整備として「GIGA スクール構想」を加速させ、1 人 1 台学習者用端末の出荷・導入を、急遽、令和 2 年度の単年度に繰り上げることを発表しています。一方で各自治体の学校における端末の導入においては、1 台 1 台のデバイスの供給と、マスターイメージ作成・イメージ展開・管理用サーバーの構築といった従来のキッティング手法における導入工数とコストが大きな障害になると指摘されています。日本マイクロソフトはこれらの学習インフラの整備を支援するため、販売パートナー企業およびデバイスメーカー各社と連携し、1 人 1 台の学習者用端末の導入におけるコストと工数を劇的に軽減する「GIGA スクール Windows PC 導入展開パック」を無償で提供します。これにより、全国約 958 万人の小中学生 (注 2) に一分一秒でも早く学習用端末を届け、新しい学びの環境整備に貢献することを目指します。「GIGA スクール Windows PC 導入展開パック」の提供内容は以下のとおりです。・日本マイクロソフトが「クラウド展開センター」を設置し、全国の教育委員会の要望に合わせて児童・生徒に必要な初期アカウントを GIGA Promo に含まれる Azure Active Directory 上に無償で作成するとともに、Microsoft Teams を活用したリモート支援を行います。・日本マイクロソフトが端末管理ツール (MDM) である、GIGA Promo に含まれる Intune for Education に対して MDM における初期設定を無償で実施します。これにより各地現場で実際に作業にあたる人的リソースと工数を削減し、端末導入展開作業をサポートします。・販売パートナー企業およびデバイスメーカー各社は、Azure Active Directory への端末の登録や校内で利用される Wi-Fi 設定など、学習者用端末に対する設定ファイルを作成します。初期設定ファイルを書き込んだ USB メモリを挿入し、端末の電源を ON にするだけで各種の設定を自動で行えるようになります。・デバイスメーカー各社より、Windows 10 はサポート期間中の機能更新プログラム (最新のバージョンを含む) が適用された形で、さらに Microsoft 365 Apps (旧 Office 365 ProPlus) もすでにインストールされた端末モデルを用意します。これにより導入時のアプリケーションの更新・インストール時間が大幅に削減されます。<販売パートナー企業各社 (五十音順)(注 3)>株式会社内田洋行SB C&S 株式会社株式会社大塚商会シネックスジャパン株式会社Sky 株式会社ダイワボウ情報システム株式会社西日本電信電話株式会社東日本電信電話株式会社富士ソフト株式会社富士電機 IT ソリューション株式会社リコージャパン株式会社<対応モデル提供予定デバイスメーカー各社 (五十音順)>ASUS JAPAN 株式会社Dynabook 株式会社日本エイサー株式会社株式会社日本 HP日本電気株式会社日本マイクロソフト株式会社富士通株式会社株式会社マウスコンピューターレノボ・ジャパン合同会社「GIGA スクール Windows PC 導入展開パック」をご活用いただくことで、導入パートナー企業の実測値に基づくデータでは、端末のインストール作業時間の短縮効果として 1 台につき約 40 分短縮できることがわかっています。また、販売パートナー様が、初期設定ファイルを使用して端末の登録ならびに校内で利用される Wi-Fi 設定を自動化することで 1 台につき約 20 分短縮することができます。仮に、学習者用端末の導入数を市部平均 (政令指定都市を除く) 7950 台 (注 4) の納入とした場合、合計で約 7,950 時間におよぶキッティング工数とその人的費用の削減の実現が可能になると考えています。日本マイクロソフトはパートナー企業と連携して、この「GIGA スクール Windows PC 導入展開パック」を提供することで、新しい生活様式に迅速に対応を目指す教職員の皆様の働き方改革や教え方改革、そしてデバイスを活用して学習する児童・生徒・学生の学び方改革により一層貢献してまいります。詳細は下記 Web サイトを参照ください。https://aka.ms/gigawinpcpack(注 1) GIGA Promo の詳細は下記 Web サイトを参照下さい。https://blogs.windows.com/japan/2020/03/04/microsoft-365-education-giga-promo/(注 2) 文部科学省 学校基本調査-結果の概要https://www.mext.go.jp/b_menu/toukei/chousa01/kihon/kekka/1268046.htm(注 3) 2020 年 7 月 15 日時点で連携を表明している販売パートナー企業となります。連携パートナー企業は順次拡大予定です。(注 4) e-Stat 学校基本調査 / 令和元年度 初等中等教育機関・専修学校・各種学校《報告書未掲載集計》市町村別集計政令指定都市を除く 722 市の平均<関連情報>GIGA スクール Windows PC 導入展開パックに準じるデバイスメーカー各社のサービスについて下記のパートナー企業から PC を導入するお客様には、各社が提供している導入支援サービスもご利用いただけます。Dynabook 株式会社dynabook GIGA 構築支援メニューDynabook は GIGA スクール Windows PC 導入展開パックを実現する Microsoft 365 Apps プレインストールをご用意致しました。Microsoft 365 Apps と最新の Windows 10 プレインストール、そして当社独自のプロビジョニングパッケージを組み合わせることで、作業時間短縮を実現致します。また、運用でも、導入に伴う煩雑なアカウント作成・管理・クラス単位のチームの作成等において、表形式のシンプルな情報を提供頂くだけで、素早く簡単に構築するメニューもご用意致します。クラス替え、生徒の転校の対応も簡単です。過去のクラスの学習データも一貫して管理できます。国内メーカーである Dynabook は、日本の教育委員会様や学校様へタブレットと教育ソリューションにて教育の ICT 化を推進してきました。日本の教育 ICT を知りつくした Dynabook だからこそ、教育機関の皆様が使いやすい GIGA Win Package をご提供し、皆様と共に子供たちの創造性を育む学びを実現していきます。dynaSchool 学びが変わる。未来を変える。dynabook GIGA スクール パッケージhttps://dynabook.com/solution/dynaschool/gigaschool/point.html富士通株式会社国内工場だからきめ細やか 富士通カスタムメイドプラスサービス提供開始時期 (予定): 8 月上旬GIGA スクール Windows PC 導入展開パックにおいて販売パートナー様が請け負うキッティングのうち、「端末へのプロビジョニング」を代行するカスタムメイドプラスサービスを用意し販売パートナー様のキッティング効率化を手助けいたします。https://www.fmworld.net/biz/fmv/support/spsv-biz/customplus/レノボ・ジャパン合同会社、Sky 株式会社【Sky+Lenovo のサービス】Sky 安心 GIGA タブレット (Lenovo 製 PC) は Windows PC 導入展開パックに賛同いたします。お客様の検討状況に合わせてキッティング支援、人的工数の削減を行い、子供たちの学習環境の安定稼働、1 人 1 台環境の早期実現に向けて全面的に支援をいたします。当サービスはすでに受注を開始しております。https://www.skymenu.net/tablet/lp.html2.文部科学省「学びの保障」総合パッケージに対応する Windows PC の供給支援について「GIGA スクールお問い合わせ窓口」開設のお知らせhttps://www.microsoft.com/ja-jp/biz/education/gigaschool-pc-infomation.aspx【日本マイクロソフト株式会社について】日本マイクロソフト株式会社は、マイクロソフト コーポレーションの日本法人です。マイクロソフトは、インテリジェントクラウド、インテリジェントエッジ時代のデジタルトランスフォーメーションを可能にします。「Empower every person and every organization on the planet to achieve more. (地球上のすべての個人とすべての組織が、より多くのことを達成できるようにする)」を企業ミッションとしています。日本マイクロソフトは、この企業ミッションに基づき、「革新的で、安心して使っていただけるインテリジェントテクノロジを通して、日本の社会変革に貢献する」企業像を目指します。マイクロソフトに関する詳細な情報は、下記マイクロソフト Web サイトを通じて入手できます。日本マイクロソフト株式会社 Web サイト http://www.microsoft.com/ja-jp/マイクロソフトコーポレーション Web サイト http://www.microsoft.com/* Microsoft は、米国 Microsoft Corporation の米国及びその他の国における登録商標または商標です。* その他、記載されている会社名、製品名は、各社の登録商標または商標です。本プレスリリースのすべての内容は、作成日時点でのものであり、予告なく変更される場合があります。正式な社内承認や各社との契約締結が必要な場合は、それまでは確定されるものではありません。また、様々な事由・背景により、一部または全部が変更、キャンセル、実現困難となる場合があります。予めご了承下さい。Tags: Hardware, Microsoft 365, Windows
2020年7月28日	 2030 年までにカーボンネガティブを実現するという目標の進捗状況について 	https://news.microsoft.com/ja-jp/2020/07/28/200728-carbon-negative-transform-to-net-zero/	※ 本ブログは、米国時間 7 月 21 日に公開された Progress on our goal to be carbon negative by 2030 の抄訳です。ルーカス ジョッパ (Lucas Joppa) 最高環境責任者2020 年 1 月、マイクロソフト コーポレーション最高経営責任者サティア ナデラ (Satya Nadella) 、同プレジデント ブラッド スミス (Brad Smith)、そして最高財務責任者エイミー フッド (Amy Hood) は、炭素、水、廃棄物、そして生物多様性に焦点を当てた大胆な環境持続可能性に関する新たな取り組みを開始しました。その第一歩としてマイクロソフトでは、これまでさまざまな企業が発表した中でも特に大がかりな炭素対策を発表しています。それは、マイクロソフトが 2030 年までにカーボンネガティブを実現し、2050 年までに創業以来排出してきた炭素量よりも多くの炭素を環境から排除するというものです。また、その目標に向けた詳細な計画も立て、進捗状況を随時公表すると表明しました。マイクロソフトはその公約を実行しようと懸命に取り組んでおり、今回、2030 年までにカーボンネガティブを実現するための新たな 7 つの重要なステップを発表するに至りました。業界を超えた事業変革を実現するマイクロソフトは、気候安定化に向けた未来への道を先導する 8 企業と共に、Transform to Net Zero という新連合を立ち上げました。同連合は、科学と透明性に従い、炭素を完全になくすカーボンゼロ経済に向けた事業活動を加速させます。組織が持続可能性の目標を設定すると、その目標達成に向け大変な取り組みが始まります。炭素に対する目標を持つ組織からも、取り組みたいもののどう始めていいのかわからない組織からも、目的と変革の差を埋める情報やツールが必要だという意見が聞こえてきます。そこで、Transform to Net Zero 連合では、まず世界でも特に野心的な炭素目標を掲げる業界リーダーを集め、カーボンゼロを達成するための戦略ガイドを作成します。連合の設立メンバーは、A.P. Moeller – Maersk、Danone、Mercedes-Benz AG、マイクロソフト、Natura & Co.、Nike、Starbucks、Unilever、および Wipro です。NGO 設立メンバーは Environmental Defense Fund で、事務局は BSR が務めます。Transform to Net Zero 連合では、事業変革に向けた取り組みを越える動きに焦点を当てます。すべての企業が排出量ゼロを達成できるようメンバー企業は協力していきますが、その方法としては、2050 年までに排出量ゼロを達成するにあたって各企業が取り組んでいる事業変革について共有することや、ビジネスとバリューチェーン全体で強力な排出量削減を実現すること、サプライチェーン全体にわたってパートナーと協力すること、インパクトを高めるような製品、サービス、ビジネスモデルのイノベーションを進め、大規模に投資すること、政策立案者と協力して排出量ゼロに向けた進化を推奨することなどが挙げられます。また、重要な点として、連合では今後の低炭素経済への移行が確実に公平で公正なものとなるよう注力していきます。お客様の力を高める本日、マイクロソフトは Microsoft Sustainability Calculator という新製品のプライベートプレビューを発表しました。炭素排出量を測定できなければ、有意義な炭素削減目標を設定し、達成することも困難です。Microsoft Sustainability Calculator は、マイクロソフトのクラウドをご利用するお客様に向けて、クラウドの利用による二酸化炭素排出量の合計を 1～3 のスコープで見える化します。マイクロソフトはすべてのお客様に向け、3 つのスコープの排出量に対し完全な透明性を提供している唯一のクラウドプロバイダーです。Microsoft Sustainability Calculator は、AI と高度な分析機能を活用し、排出量の削減方法や排出量の予測、炭素レポートの簡素化に向けた実用的な知見を提供します。また Microsoft Sustainability Calculator は、一貫した正確な炭素測定法を利用し、マイクロソフトのクラウドサービスが環境フットプリントに与える影響を測定します。アプリケーションやサービスをさらにクラウドへと移行することで、排出量がどれだけ削減できるかを計算するのです。任意の報告書や法で定められた報告書を容易に特定し、それに応じてまとめる機能も備わっています。マイクロソフト自身の二酸化炭素排出量の削減に向けてスコープ 1 および 2 の排出量をゼロに近づけるには、マイクロソフトの運営方法も変更する必要があります。そこで、マイクロソフトでは、2025 年を目処に、データセンターで日々利用する電力の 100% を再生可能エネルギー電力でまかなえるよう買電契約を結ぶ方針です。今回、2030 年までにディーゼル燃料の使用をやめるよう目指していることも新たに発表します。世界中のクラウドプロバイダーは、データセンターの継続的な運用を支えるバックアップ電源として、ディーゼル発電機を利用しています。ディーゼル燃料はマイクロソフトの全排出量の 1% にも達していませんが、私たちは化石燃料からの移行を世界的に加速させることが重要だと考えています。そこでマイクロソフトは、水素やエネルギー貯蔵などの低炭素燃料源を利用するという新たな手法を計画しています。その実現にいたるまでには課題が存在し、こうした燃料やバッテリー技術を進化させるには強力なサプライチェーンの開発が必要だということもわかっています。それでも、マイクロソフトは世界中のパートナーと協力し、Climate Innovation Fund からの投資を活用して実現に向けた準備を整えています。7 月 1 日には、社内炭素税をスコープ 3 を含む全事業へと拡張しました。また、Supplier Code of Conduct (サプライヤー行動規範) も更新し、サプライヤーにスコープ 1～3 の温室効果ガス排出量データを計算して報告してもらいます。今後数ヶ月でサプライヤーと協力し、スケジュールや新たなアイデア、ツール、プロセスの構築に向けた段階的なアプローチを進めていきます。こうして報告してもらうことが、サプライヤーの排出量削減を支援する重要な第一歩となり、マイクロソフトの排出量削減に向けた透明性確保という目標と連携することにもなるのです。二酸化炭素排出量の排除に向けたマイクロソフト社内の取り組み気候変動に対する取り組みとして、マイクロソフトでは 2030 年までに炭素排出量を半分以上削減し、残りも除去すること、さらには 1975 年の創業以来歴史的に積み重ねてきた排出量を 2050 年までにすべて排除することを自ら課しています。行動を開始するのは 2030 年ではありません。今年度、マイクロソフトは具体的な措置として 100 万トンの炭素を環境から除去する取り組みを進めています。その第一弾として今週マイクロソフトは、純粋にカーボンネガティブで、高い科学的整合性が検証されている自然と技術をベースにしたさまざまなソリューションで炭素排除ができるよう、画期的な提案依頼書 (RFP) を発行します。資金によって大気から炭素を最大限排除できるよう、マイクロソフトは各プロジェクトの科学検証を倍増させ、今回の RFP を活用して炭素排除に関する最高レベルの科学情報と市場情報を収集および共有します。各プロジェクトは、マイクロソフトだけでなく、第三者の科学および市場アドバイザーが厳密に審査し検証します。そのアドバイザーの中には、非営利団体の Winrock International や、気候科学分野トップの学者が集結する顧問会社の Carbon Direct も含まれています。これは他に類を見ない方法であり、すべてがうまくいくとは思っていません。何がうまくいき、何がうまくいかないのかを学び、都度アプローチを改善していく予定です。また、このプロセスで学んだことを公開し、他の企業が炭素排除の取り組みを加速できるようにしたいと思います。バランスシートの活用1 月にエイミー フッドが発表した 10 億ドルの Climate Innovation Fund による初の投資をここで発表したいと思います。マイクロソフトは、Energy Impact Partners (EIP) のグローバルプラットフォームにおける新技術のイノベーションに対し、5000 万ドルを投資します。この新技術は、世界のエネルギーと交通システムという、温室効果ガス排出量の大半を占める 2 分野を変革するものです。EIP は、脱炭素化や分散化エネルギー産業への移行に注力する大手ベンチャーキャピタル企業で、パートナー間で学びを共有しコラボレーションを促進しています。気候変動の公平性と環境の正当性に向けた投資最後に、マイクロソフトは 1 月に発表したことを越えた段階に向かっていることをお伝えしたいと思います。気候や環境問題は、すべてのコミュニティに平等に影響を与えているわけではなく、環境の公平性を幅広い問題として取り扱う必要があることも理解しています。そこで、マイクロソフトは今回、Sol Systems と新たな革新的パートナーシップを結んだことを発表します。Sol Systems は、再生可能エネルギーの開発と投資を手掛ける企業です。今回のパートナーシップでは、環境問題によって不当な影響を受けているコミュニティに投資することも含め、500 メガワット (MW) の再生可能エネルギーを確保できるよう取り組みます。これは、マイクロソフトがこれまでに投資した再生可能エネルギーのポートフォリオの中で最大規模のもので、これまでにマイクロソフトが調達した再生可能エネルギー全体の約 4 分の 1 に相当します。今回のパートナーシップ以前にマイクロソフトが調達した再生可能エネルギーの総量は 1.9 ギガワットです。わかりやすく言うと、500MW というのは米国の家庭 7 万件以上に 1 年間電力を供給できる量です。一部のコミュニティは、環境問題で不当に影響を受けています。データによると、米国の黒人とアフリカ系アメリカ人は、白人と比べ有害汚染に 1.54 倍さらされており、一般人口と比較して粒子汚染に接する率も 50% 高くなっています。研究者は、こうした汚染物質との高い接触率が、喘息や肺がん、心臓病の発生率の高さにつながっているとしています。マイクロソフトと Sol Systems との取り組みは、資源の乏しいコミュニティにおける環境の正当性と公平性の実現に向けて再生可能エネルギーを購入するという、これまでに類を見ない取り組みです。2019 年 12 月に開始した行動計画を実行に移すこのパートナーシップの詳細は以下のとおりです。米国内で資源不足に陥っているコミュニティにて、500MW の太陽光エネルギープロジェクトのポートフォリオを展開します。地元のリーダーと協力し、マイノリティや女性が運営する企業を優先します。コミュニティ主導の助成金や投資金として少なくとも 5000 万ドルを用意し、教育プログラムや職業訓練およびキャリアトレーニング、生活場所の復元、クリーンエネルギーやエネルギー効率化をサポートするプログラムなどに活用します。経済的に資源が不足し、不当に汚染の影響を受け、クリーンエネルギーへの移行の恩恵が受けられないコミュニティを対象とします。説明責任のある手法でコミュニティが確実に利益を享受できるようにします。その方法としては、第三者評価機関を活用してこの取り組みの社会的かつ環境的成果を測定し文書化するといったことも含まれます。今回の合意により、マイクロソフトは 2025 年までに 100% 再生可能エネルギーに移行するという目標へと近づくことになり、気候変動の公平性と環境の正当性に向けた課題に対応することにもなります。まとめマイクロソフトのミッションは、地球上のすべての個人とすべての組織が、より多くのことを達成できるようにすることです。これは、「ビジネスの目的は、人や地球の問題に対処する有益なソリューションを生み出すことだ」というマイクロソフトの信念とも一致します。だからこそマイクロソフトは気候変動の危機に対応しようと日々取り組んでいるのです。それが地球のためになり、マイクロソフトのためにもなるのです。持続可能性に向けた野心は、マイクロソフトだけで達成できるものではありません。今回のアップデートは、マイクロソフトとそのお客様、パートナー、非営利団体、そしてその他多くの人たちが世界中で大変な努力を重ね、献身的に取り組んできたことを反映したものです。協力して取り組んでこそ、より持続可能な未来を築くことができるのです。【日本マイクロソフト株式会社について】日本マイクロソフト株式会社は、マイクロソフト コーポレーションの日本法人です。マイクロソフトは、インテリジェントクラウド、インテリジェントエッジ時代のデジタルトランスフォーメーションを可能にします。「Empower every person and every organization on the planet to achieve more.(地球上のすべての個人とすべての組織が、より多くのことを達成できるようにする)」を企業ミッションとしています。日本マイクロソフトは、この企業ミッションに基づき、「革新的で、安心して使っていただけるインテリジェントテクノロジを通して、日本の社会変革に貢献する」企業像を目指します。マイクロソフトに関する詳細な情報は、下記マイクロソフト Web サイトを通じて入手できます。日本マイクロソフト株式会社 Web サイト http://www.microsoft.com/ja-jp/マイクロソフトコーポレーション Web サイト http://www.microsoft.com/* Microsoft は、米国 Microsoft Corporation の米国及びその他の国における登録商標または商標です。* その他、記載されている会社名、製品名は、各社の登録商標または商標です。本プレスリリースのすべての内容は、作成日時点でのものであり、予告なく変更される場合があります。正式な社内承認や各社との契約締結が必要な場合は、それまでは確定されるものではありません。また、様々な事由・背景により、一部または全部が変更、キャンセル、実現困難となる場合があります。予めご了承下さい。Tags: Cloud Computing, Corporate News, Digital Transformation, Microsoft 365
2020年4月8日	 Xbox Game Pass 日本で 4 月 14 日より提供開始 	https://news.microsoft.com/ja-jp/2020/04/08/200408-xbox-gamepass-jp/	Xbox のグローバルチームは Xbox Game Pass が利用価値の高いサービスとなるよう、提供開始時から努力を重ねてきました。このたび日本マイクロソフト株式会社は、100 本以上の人気ゲームを定額料金でプレイできる Xbox One (Xbox Game Pass for Console) および Windows PC 向け (Xbox Game Pass for PC (Beta) サービス「Xbox Game Pass」を 2020 年 4 月 14 日 (火) に日本で提供開始することを発表します。そして日本を含む世界中のゲーマーが今後も Xbox Game Pass を利用し、楽しんで頂けるよう素晴らしいサービスとして発展を目指します。Xbox のフィル・スペンサーが日本のゲーマーに向けてメッセージ。 シアトルの自宅から今世界中の人々がより多くの時間を自宅で過ごし、社会的距離 (ソーシャルディスタンス) を取りつつ、様々なゲームを通して友人や家族とつながっている中、日本向けの Xbox Game Pass は提供が開始されます。ゲームの世界であれば、子供たちは『Minecraft』を遊びながらプログラミングを学習し外宇宙への冒険に出かけ (※1)、車好きの人は『Forza Horizon 4』でイギリスの郊外を自由に疾駆し、またある人は日常を抜け出して『Ori and the Will of the Wisps』の幻想的な世界に飛び込むなど、仕事や勉強の終わった家族や友人たちが共に一緒の時間を過ごすことができるのです。Xbox Game Pass for Console および Xbox Game Pass for PC (Beta) は世界中から様々なゲームをラインアップする事で、日本のプレイヤーに新しい発見の機会を作り、過去のお気に入りのタイトルを再発見するきっかけを提供します。(※2)Xbox Game Pass の提供開始に伴い、提供される人気のタイトル (予定を含む) を一部紹介します。Xboxの人気タイトル作: 「Halo」シリーズ、「Gears」シリーズ、『Minecraft』や「Ori」シリーズなどを網羅。日本のクリエイターたちの名作タイトル:デビルメイクライ5 (Xbox Game Pass for Console)NieR:Automata BECOME AS GODS Edition (Xbox Game Pass for Console)鉄拳7 (Xbox Game Pass for Console)Yakuza 0 (Xbox Game Pass for Console, Xbox Game Pass for PC (Beta))デッドライジング4 (Xbox Game Pass for Console, Xbox Game Pass for PC (Beta))海外の大型タイトル:NBA 2K20 (Xbox Game Pass for Console)ウィッチャー3 (Xbox Game Pass for Console)Dishonored 2 (Xbox Game Pass for Console)DOOM (Xbox Game Pass for Console)シャドウ・オブ・ウォー (Xbox Game Pass for Console)アウター・ワールド (Xbox Game Pass for Console, Xbox Game Pass for PC (Beta))世界中のインディータイトル:Untitled Goose Game 〜 いたずらガチョウがやって来た!〜 (Xbox Game Pass for Console)ロケットリーグ (Xbox Game Pass for Console)Hollow Knight (ホロウナイト) (Xbox Game Pass for Console, Xbox Game Pass for PC (Beta))ARK: Survival Evolved (Xbox Game Pass for Console, Xbox Game Pass for PC (Beta))なつかしの名作タイトル:バンジョーとカズーイ (Xbox Game Pass for Console)NINJA GAIDEN 2 (Xbox Game Pass for Console)パンツァードラグーン オルタ (Xbox Game Pass for Console)メタルスラッグX (Xbox Game Pass for Console, Xbox Game Pass for PC (Beta))アルバスティア戦記 (Xbox Game Pass for Console, Xbox Game Pass for PC (Beta))Xbox Game Studios タイトルは発売日からプレイ可能: 今後登場する『Gears Tactics』や『Microsoft Flight Simulator』は Xbox Game Pass for PC (Beta) で、『Minecraft Dungeons』は Xbox Game Pass for Console と Xbox Game Pass for PC (Beta) の両方で発売日にプレイできます。 また『Halo Infinite』は Xbox Series X と合わせてホリデーシーズンに登場予定です。マイクロソフトは、世界中のゲーマーからの意見を参考に Xbox Game Pass を常に改善しています。Xbox Game Pass メンバーが新しい発見をし、様々な素晴らしいゲームで楽しんでいただけるよう、多くのタイトルを取り揃えています。日本向けの Xbox Game Pass において Xbox Game Pass for Console および  Xbox Game Pass for PC 向けに 100 タイトル以上のラインアップを用意しています。以下のプランと価格で Microsoft Store より販売されます。
2020年4月20日	 Telexistence、小売業界向けクラウドロボティクスサービスの提供に向け日本マイクロソフトと協業 	https://news.microsoft.com/ja-jp/2020/04/20/200420-telexistence-working-with-microsoft-japan-to-provide-cloud-robotics-services-for-the-retail-industry/	Telexistence 株式会社日本マイクロソフト株式会社Telexistence 株式会社 (本社:  東京都港区、代表取締役 CEO: 富岡 仁、以下TX) は、小売業界に向けた新しいクラウドロボティクスサービスの提供に向け、日本マイクロソフト株式会社 (本社: 東京都港区、代表取締役  社長: 吉田仁志、以下日本マイクロソフト) と協業します。協業の概要1. 小売業界向けクラウドロボティクスサービスの開発両社は、TX が開発を進めている AWP*およびロボットのクラウド基盤に、日本マイクロソフトのクラウドプラットフォーム Microsoft Azure を全面的に採用し、店舗での商品陳列や人材採用などの業務を、地理的制約を受けずに可能にする小売業界向けクラウドロボティクスサービスを開発します。将来的には、商品陳列業務と決済自動化技術を組み合わせることで、本サービスを通して、人件費の削減や業務効率化を図るだけでなく、商品開発などの新たな需要創造につながるよう支援します。また、日本マイクロソフトが持つ小売・流通業者とのパートナーネットワークを活用し、実店舗のデジタル化や店舗間のネットワーク化などによるデジタルトランスフォーメーションの推進を支援します。* AWP は、Augmented Workforce Platform (拡張労働基盤) の略であり、人々が TX のロボットと AWP を通じて物理的な労働を行うことが出来ます。2. TX の海外事業展開における協力マイクロソフトがグローバルで展開するスタートアップ支援の一環として、海外での TX の事業展開を支援します。主に、中国、米国市場におけるマイクロソフトの法人顧客紹介と 各地域での Microsoft Azure を活用したソリューションの開発に向けた連携を進めます。以 上* Microsoft、Azure は、米国 Microsoft Corporation の、米国およびその他の国における登録商標または商標です。* その他、記載されている会社名、製品名は、各社の登録商標または商標です。<Telexistence 株式会社について>ロボットを変え、構造を変え、世界を変える、をミッションとし、遠隔操作・人工知能ロボットの開発およびそれらを使用し事業を展開するロボティクス企業。 Augmented Workforce, 拡張労働力という、ロボットを通じて人々が労働参加できる基盤を開発している。会社名:Telexistence 株式会社所在地:港区西新橋 2 丁目 19 番 5 号 3F代表者:代表取締役 兼 最高経営責任者 富岡 仁設立年月日:2017 年 1 月 23 日会社 HP:https://tx-inc.com<日本マイクロソフト株式会社について>日本マイクロソフト株式会社は、マイクロソフト コーポレーションの日本法人です。マイクロソフトは、インテリジェントクラウド、インテリジェントエッジ時代のデジタルトランスフォーメーションを可能にします。「Empower every person and every organization on the planet to achieve more.(地球上のすべての個人とすべての組織が、より多くのことを達成できるようにする)」を企業ミッションとしています。会社名:日本マイクロソフト株式会社所在地:港区港南 2-16-3代表者:代表取締役 社長 吉田 仁志設立年月日:1986 年 2 月会社 HP:https://www.microsoft.com/ja-jp<本件に関する報道機関からのお問い合わせ>Telexistence 株式会社Email:info@tx-inc.com担当:小松日本マイクロソフト株式会社Email:mskkpr@microsoft.com担当:コーポレートコミュニケーション本部 石井マイクロソフトに関する詳細な情報は、下記マイクロソフト Web サイトを通じて入手できます。日本マイクロソフト株式会社 Web サイト http://www.microsoft.com/ja-jp/マイクロソフトコーポレーション Web サイト http://www.microsoft.com/本プレスリリースのすべての内容は、作成日時点でのものであり、予告なく変更される場合があります。正式な社内承認や各社との契約締結が必要な場合は、それまでは確定されるものではありません。また、様々な事由・背景により、一部または全部が変更、キャンセル、実現困難となる場合があります。予めご了承下さい。Tags: Cloud Computing, Digital Transformation
2020年4月30日	 国民に正確な最新情報を提供する、内閣官房「新型コロナウイルス感染症対策」Web サイトの構築を技術支援 	https://news.microsoft.com/ja-jp/2020/04/30/200430-new-coronavirus-infection-protection/	～ AI を活用した FAQ チャットボットを実装 ～日本マイクロソフト株式会社 (本社: 東京都港区、代表取締役 社長: 吉田 仁志、以下 日本マイクロソフト) は、マイクロソフトのクラウドサービスと AI を活用して、内閣官房の「新型コロナウイルス感染症対策」Web サイト ( https://corona.go.jp/) の構築を支援しており、国民の皆さまが、生活や仕事において、疑問を持たれたり、悩まれたりしているときに、デマに惑わされずに正確な最新情報に容易にアクセスできる方法として、同サイトに「新型コロナウイルス対策 FAQ チャットボット」を実装しました。同チャットボットは、新型コロナウイルス感染症 (以下 COVID-19) について確認したいキーワードやメッセージを入力することで、AI による自動応答で必要な情報を入手できます。経済産業省、厚生労働省、総務省、法務省、文部科学省、内閣官房が各 Web サイトで公表している、COVID-19 の症状、感染予防、臨時休校、補助金、休業手当等の様々な Q&A をもとに構築され、随時更新されており、利用者は、各省庁の Web サイトにアクセスすることなく、公的機関による情報を確認できます。内閣官房 新型コロナウイルス感染症対策推進室は、マイクロソフトのクラウドサービスが、医療情報システムに求められる「3 省 3 ガイドライン」に準拠するなどセキュリティやコンプライアンス対応を重視していることや、マイクロソフトのヘルスケアボットが、アメリカ疾病管理予防センター(CDC)など海外でも実績をあげていることなどを評価し、「新型コロナウイルス対策 FAQ チャットボット」の構築にあたって当社のテクノロジが採用されました。内閣官房 新型コロナウイルス感染症対策推進室と日本マイクロソフトは、2020 年 4 月 3 日 (金) にチャットボット構築プロジェクトを開始し、関係機関にも監修いただきながら、チャットボットの開発、各省庁の COVID-19 関連情報の取り込み、AI のチューニングやテストを行い、4 月 13 日 (月) に運用開始しました。現在はベータ版ですが、今後も改良を進め、5 月中旬を目途に正式版とする予定です。今後もさらにチャットボットによる対話形式の回答を拡充していくことで、COVID-19 に対する、人々の疑問や悩みの解消に役立てていきたいと考えています。日本マイクロソフトは、内閣官房 新型コロナウイルス感染症対策推進室の取り組みを、引き続き IT の側面から支援してまいります。日本マイクロソフトの役割:「新型コロナウイルス感染症対策」Web サイト ( https://corona.go.jp/ ) を、マイクロソフトのクラウドプラットフォーム「Microsoft Azure」上に構築・運用「新型コロナウイルス対策 FAQ チャットボット」の開発及び公開後の更新作業:米国疾病予防管理センター (Centers for Disease Control and Prevention:CDC) で採用された Microsoft Healthcare Bot のコンセプトをベースに、Azure QnA Maker を活用して開発しました。各省庁 Web サイトの COVID-19 関連の Q&A などの情報を取り込み、自然な対話形式で適切な回答が得られるナレッジベースを構築し、利用者の質問に対して最適な回答をします。公開後もより多くの質問を適切に回答できるように、ナレッジベースの改良や最新情報の追加等の更新作業を行っています。「新型コロナウイルス対策 FAQ チャットボット」のイメージ:(PC)(スマートフォン)参考情報:Microsoft Azure:https://azure.microsoft.com/ja-jp/COVID-19 対応における Microsoft Healthcare Bot の活用例:https://news.microsoft.com/ja-jp/2020/03/26/200326-delivering-information-and-eliminating-bottlenecks-with-cdcs-covid-19-assessment-bot/https://news.microsoft.com/ja-jp/2020/04/09/200409-how-international-health-care-organizations-are-using-bots-to-help-fight-covid-19/Azure QnA Maker:https://azure.microsoft.com/ja-jp/services/cognitive-services/qna-maker/*  Microsoft、Azure は、米国 Microsoft Corporation の米国およびその他の国における登録商標または商標です。* その他、記載されている会社名、製品名は、各社の登録商標または商標です。<この件に関するお問い合わせ>日本マイクロソフト株式会社一般の方は(記事として掲載される場合もこちらでお願いいたします。)マイクロソフト カスタマーインフォメーションセンター報道関係の方はコーポレートコミュニケーション本部 金澤E-mail: mskkpr@microsoft.com【日本マイクロソフト株式会社について】日本マイクロソフト株式会社は、マイクロソフト コーポレーションの日本法人です。マイクロソフトは、インテリジェントクラウド、インテリジェントエッジ時代のデジタルトランスフォーメーションを可能にします。「Empower every person and every organization on the planet to achieve more.(地球上のすべての個人とすべての組織が、より多くのことを達成できるようにする)」を企業ミッションとしています。日本マイクロソフトは、この企業ミッションに基づき、「革新的で、安心して使っていただけるインテリジェントテクノロジを通して、日本の社会変革に貢献する」企業像を目指します。マイクロソフトに関する詳細な情報は、下記マイクロソフト Web サイトを通じて入手できます。日本マイクロソフト株式会社 Web サイト http://www.microsoft.com/ja-jp/マイクロソフトコーポレーション Web サイト http://www.microsoft.com/本プレスリリースのすべての内容は、作成日時点でのものであり、予告なく変更される場合があります。正式な社内承認や各社との契約締結が必要な場合は、それまでは確定されるものではありません。また、様々な事由・背景により、一部または全部が変更、キャンセル、実現困難となる場合があります。予めご了承下さい。
2020年5月8日	 東京都教育委員会と、都立学校における学習支援サービスの活用に向けた協定を締結 	https://news.microsoft.com/ja-jp/2020/05/08/200508-agreement-for-the-use-of-learning-support-services/	都立学校の生徒 16 万人、教員 2 万人がオンライン学習等で利用する学習支援サービスを提供日本マイクロソフト株式会社 (本社: 東京都港区、代表取締役 社長: 吉田 仁志、以下 日本マイクロソフト) は、東京都教育委員会と協定を締結し、都立高等学校・特別支援学校などの都立学校全 247 校のすべての生徒 (約 16 万人) と教員 (約 2 万人) が利用する、学習支援サービスを 2020 年 5 月より提供します。東京都教育委員会は、双方向のオンライン学習等を円滑に実施できる環境の整備と、生徒の学習支援を目的として、「Microsoft 365 Education」(注)を採用しました。2020 年 5 月中旬より、オンライン学習や教員・生徒のコミュニケーションにおいて、Microsoft 365 Education に含まれるコラボレーションツール「Microsoft Teams」等が活用されます。都立学校が Microsoft 365 Education を活用して実施する学習支援の例:個人面談教員と生徒による学級会やホームルームの開催自宅にいる生徒に対してオンライン授業や学習指導を実施教員から生徒に課題を配信し、生徒から課題を提出* すべての都立学校で実施するわけではありません。日本マイクロソフトの役割:学習支援サービスとして、Microsoft 365 Education を提供* 1 日も早くオンライン学習の環境を構築するため、2020 年 5 月から Office 365 Education を提供、2020 年 11 月より Microsoft 365 Education に切り替えます2020 年 5 月から都立学校でオンライン授業や教員・生徒のコミュニケーションが図れるように、すべての生徒と教員が利用するアカウントを作成し、Microsoft Teams の初期設定を実施都立学校の教員と生徒が、Office 365 Education を円滑に利用できるようにするためのオンライン研修を実施するとともに、アカウント管理や Teams 利用に関する技術的な問い合わせ対応を実施都立学校で活用する、Microsoft Teams のイメージ:(注) Microsoft 365 Education は、Office 365 Education に加えて、Windows 10 のライセンスや端末管理ツールの Intune for Education、プログラミング教材として使える教育版の Minecraft や高度なセキュリティ機能などを含む教育機関向けの統合型クラウドサービスです。詳細は下記 Web サイトを参照ください。https://www.microsoft.com/ja-jp/education/buy-license/microsoft365* Microsoft、Windows、Office 365、Microsoft Intune、Minecraft は、米国 Microsoft Corporation の米国およびその他の国における登録商標または商標です。* Windows の正式名称は、Microsoft Windows Operating System です。* その他、記載されている会社名、製品名は、各社の登録商標または商標です。東京都 報道発表資料:https://www.metro.tokyo.lg.jp/tosei/hodohappyo/press/2020/05/08/02.html東京都教育庁 報道発表資料:https://www.kyoiku.metro.tokyo.lg.jp/press/press_release/2020/release20200508_01.html【日本マイクロソフト株式会社について】日本マイクロソフト株式会社は、マイクロソフト コーポレーションの日本法人です。マイクロソフトは、インテリジェントクラウド、インテリジェントエッジ時代のデジタルトランスフォーメーションを可能にします。「Empower every person and every organization on the planet to achieve more.(地球上のすべての個人とすべての組織が、より多くのことを達成できるようにする)」を企業ミッションとしています。日本マイクロソフトは、この企業ミッションに基づき、「革新的で、安心して使っていただけるインテリジェントテクノロジを通して、日本の社会変革に貢献する」企業像を目指します。マイクロソフトに関する詳細な情報は、下記マイクロソフト Web サイトを通じて入手できます。日本マイクロソフト株式会社 Web サイト http://www.microsoft.com/ja-jp/マイクロソフトコーポレーション Web サイト http://www.microsoft.com/本プレスリリースのすべての内容は、作成日時点でのものであり、予告なく変更される場合があります。正式な社内承認や各社との契約締結が必要な場合は、それまでは確定されるものではありません。また、様々な事由・背景により、一部または全部が変更、キャンセル、実現困難となる場合があります。予めご了承下さい。
2020年5月13日	 東京都渋谷区が区立小中学校のすべての児童生徒向けに「Surface Go 2」を 12,500 台導入 	https://news.microsoft.com/ja-jp/2020/05/13/200513-shibuya-ku/	世界で活躍できる人材育成を目指した新しい教育環境「渋谷区モデル」を推進日本マイクロソフト株式会社 (本社: 東京都港区、代表取締役 社長: 吉田 仁志、以下 日本マイクロソフト) は、東京都渋谷区が、さらなる教育 ICT 環境の充実を目指し、区立の小中学校全 26 校のすべての児童生徒に 2020 年 9 月以降順次配布する端末として、マイクロソフトの最新デバイス「Surface Go 2」の 12,500 台の導入を決定したことを発表します。「Surface Go 2」は、文部科学省が「GIGA スクール構想」で示している「学習者用端末の標準仕様」をすべて満たすとともに、様々なデジタル教材の活用に十分耐えうる性能、ペン描画機能、高精細の両側カメラなど、これからの子どもたちに必要な機能を備えた、GIGA スクール構想「応用パッケージ」(注1) に最適なデバイスです。日本マイクロソフトでは、昨日 2020 年 5 月 12 日 (火) より「Surface Go 2」の提供を開始しています。渋谷区は、2017 年 9 月から「渋谷区モデル」(注2) として Windows タブレットを区立小中学校のすべての教員・児童生徒に配布して、いちはやく児童生徒一人一台端末環境を整備し、授業や持ち帰り学習等で活用しています。渋谷区では、現在利用している端末の更新を機に、さらなる教育 ICT 環境の充実を目指して、Surface Go 2 の導入を決定しました。また、同時に導入を決定した、1 学年に 1 クラス分の「Microsoft クラスルームペン」と、すでに教育現場で利用されている Office 365 を含む Microsoft 365 A5 を組み合わせることで、Microsoft Power Point や Microsoft Word などを使った学習をしながらも、子どもたちの学習過程で重要な手書きの要素を残したまま、最先端の教育 ICT 環境を拡充していくことが可能になります。・渋谷区副区長 (CIO/CISO) 澤田 伸 様のコメント私たちは、「渋谷区長期基本計画」の教育分野において「学校教育の充実」を一つのテーマとして掲げ、情報化が加速度的に進む社会において、様々な ICT ツールを子どもたちが安全に正しく使いこなすため国内トップクラスの教育 ICT 環境整備を進めてきました。新型コロナウイルス感染症の影響が中期化する脅威の下で、子どもたちの学びが後退してしまうことが懸念されていますが、最先端の学習者用端末である Surface Go 2 と Microsoft 365 を組み合わせることにより、どんな状況においても充実した教育を子どもたちが受けられる環境が実現されることを期待しています。Surface Go 2 の詳細は下記 Web サイトを参照ください。https://aka.ms/GIGAPKG/Surfacehttps://aka.ms/winblog/surface/edu0513(注1) GIGA スクール構想「応用パッケージ」文部科学省の GIGA スクール構想では、児童生徒 1 人 1 台端末の整備事業において補助対象となる要素のみで構成された「基本パッケージ」と、先進自治体で実績があり端末補助対象外となる要素も含んだ「応用パッケージ」の 2 つのパッケージが導入検討の選択肢として提示されています。(注2)「渋谷区モデル」の詳細は下記 Web サイトを参照ください。https://www.city.shibuya.tokyo.jp/kodomo/gakkou/torikumi/ict.htmlマイクロソフトに関する詳細な情報は、下記マイクロソフト Web サイトを通じて入手できます。日本マイクロソフト株式会社 Web サイト http://www.microsoft.com/ja-jp/マイクロソフトコーポレーション Web サイト http://www.microsoft.com/* Microsoft、Windows、Office 365、Surface、PowerPoint は、米国 Microsoft Corporation の米国及びその他の国における登録商標または商標です。* Windows の正式名称は、Microsoft Windows Operating System です。* その他、記載されている会社名、製品名は、各社の登録商標または商標です。【日本マイクロソフト株式会社について】日本マイクロソフト株式会社は、マイクロソフト コーポレーションの日本法人です。マイクロソフトは、インテリジェントクラウド、インテリジェントエッジ時代のデジタルトランスフォーメーションを可能にします。「Empower every person and every organization on the planet to achieve more.(地球上のすべての個人とすべての組織が、より多くのことを達成できるようにする)」を企業ミッションとしています。日本マイクロソフトは、この企業ミッションに基づき、「革新的で、安心して使っていただけるインテリジェントテクノロジを通して、日本の社会変革に貢献する」企業像を目指します。本プレスリリースのすべての内容は、作成日時点でのものであり、予告なく変更される場合があります。正式な社内承認や各社との契約締結が必要な場合は、それまでは確定されるものではありません。また、様々な事由・背景により、一部または全部が変更、キャンセル、実現困難となる場合があります。予めご了承下さい。Tags: 導入事例
2020年5月15日	 役員人事変更について 	https://news.microsoft.com/ja-jp/2020/05/15/200515-announcement/	【日本マイクロソフト株式会社について】日本マイクロソフト株式会社は、マイクロソフト コーポレーションの日本法人です。マイクロソフトは、インテリジェントクラウド、インテリジェントエッジ時代のデジタルトランスフォーメーションを可能にします。「Empower every person and every organization on the planet to achieve more.(地球上のすべての個人とすべての組織が、より多くのことを達成できるようにする)」を企業ミッションとしています。日本マイクロソフトは、この企業ミッションに基づき、「革新的で、安心して使っていただけるインテリジェントテクノロジを通して、日本の社会変革に貢献する」企業像を目指します。マイクロソフトに関する詳細な情報は、下記マイクロソフト Web サイトを通じて入手できます。日本マイクロソフト株式会社 Web サイト http://www.microsoft.com/ja-jp/マイクロソフトコーポレーション Web サイト http://www.microsoft.com/* Microsoft は、米国 Microsoft Corporation の米国及びその他の国における登録商標または商標です。* その他、記載されている会社名、製品名は、各社の登録商標または商標です。本プレスリリースのすべての内容は、作成日時点でのものであり、予告なく変更される場合があります。正式な社内承認や各社との契約締結が必要な場合は、それまでは確定されるものではありません。また、様々な事由・背景により、一部または全部が変更、キャンセル、実現困難となる場合があります。予めご了承下さい。Tags: Corporate News
2020年5月19日	 ソニーセミコンダクタソリューションズとマイクロソフト、法人顧客向けスマートカメラソリューションの構築を目的とした協業に合意 	https://news.microsoft.com/ja-jp/2020/05/19/200519-sony-semiconductor-solutions-and-microsoft-corporate-agreement/	ソニーセミコンダクタソリューションズ株式会社マイクロソフト コーポレーション～ 両社協力のもと、事業成果向上のためにより利用しやすい映像解析ソリューションを提供 ～ソニーセミコンダクタソリューションズ株式会社 (以下、ソニー) とマイクロソフト コーポレーション (以下、マイクロソフト) は、それぞれの顧客がより利用しやすい AI スマートカメラと映像解析を用いたソリューションの構築に向けた協業を開始します。本協業では、ソニーのインテリジェントビジョンセンサー『IMX500』に、マイクロソフトのクラウドプラットフォーム Microsoft Azure AI 機能を組み込むことにより、スマートカメラ等で撮影された映像の有用な情報の抽出を可能にします。またソニーは、『IMX500』の機能を補完し、映像解析の範囲や能力を拡張する Azure IoT および Azure Cognitive Services を用いたスマートカメラの管理アプリを法人顧客向けに開発します。これら 2 つのソリューションにより、高速なエッジ AI 処理を実現するソニーの最先端のイメージング&センシングテクノロジーと、マイクロソフトが持つクラウドや AI プラットフォームの専門知識を融合し、さまざまな業界の顧客やパートナーに向けて新しい映像解析のソリューションを提供してまいります。映像解析は、業界全体の法人顧客が、新しい収益機会の発見、運用の合理化、また様々な課題を解決するための手段として登場しました。例えば小売業者は、スマートカメラを利用することで欠品商品を棚に補充するタイミングを検出し、レジ待ちの長さに応じて利用可能な最適なレジカウンターの数を検知できます。製造業者は、製造現場で事故が発生する前に、リアルタイムに危険を特定することができます。一方で、店舗、倉庫、配送センター等のサイトに設置される多くのスマートカメラに分散されたデータの収集に依存する従来のアプリケーションでは、コンピューティングリソースの割り当てを最適化するのが困難な上、コストや消費電力の増加が生じます。これらの課題に対処するために、ソニーのインテリジェントビジョンセンサー『IMX500』にマイクロソフトの Azure AI のテクノロジーを搭載、もしくはパートナーが独自の AI モデルを搭載することで、コンピュータービジョンのソリューションをより利用しやすくします。これにより、法人向けに使用するためのよりスマートで高度なカメラと、エッジとクラウド間のリソースのより効率的な割り当てが実現し、コストと消費電力の低減につながります。Azure 上で展開するソニーのスマートカメラ管理アプリは、コンピュータービジョンと映像解析ソリューションを専門とする独立系ソフトウェアベンダー (ISV) と、ハードウェア製品に付加価値を提供することを目指すスマートカメラの OEM を対象としています。『IMX500』の機能を補完する本アプリは、ISV や OEM が AI モデルをアップデートし、独自の顧客固有の映像解析とコンピュータービジョンのソリューションを構築するための基盤として機能させることで、法人顧客の要求に対応します。また、主要なワークフローを簡素化し、データのプライバシーやセキュリティを保護するために合理的な手段を講じることで、ISV が日常的なプロビジョニング作業に費やす時間を減らし、顧客の要求を満たすための独自のソリューションの構築により多くの時間を費やすことができます。また、法人顧客においては、映像解析シナリオ向けの AI モデルをより簡単に探し出し、アップデートおよび展開が可能になります。さらにソニーとマイクロソフトは、マイクロソフトの AI&IoT Insider Labs プログラムの一環として、コンピュータービジョン・映像解析分野のパートナーや法人顧客との共同イノベーションの実践を促進します。AI&IoT Insider Labs プログラムは、マイクロソフトの製品部門や研究部門と参加企業が連携して、AI や IoT を活用したソリューションの開発、プロトタイプ、テストなどを支援するプログラムです。両社は、今年後半にマイクロソフトの共同イノベーション拠点において、一部の顧客を対象に取り組みを開始します。ソニーセミコンダクタソリューションズ株式会社 代表取締役社長 清水 照士のコメント:「ソニーの革新的なイメージング&センシングのテクノロジーと、マイクロソフトが強みとする高度なクラウド AI サービスを連携することで、強力で便利なスマートカメラ市場のプラットフォームを提供してまいります。これにより、パートナーの皆様の創造力を支援し、さまざまな産業の課題解決に貢献することを期待しています。」マイクロソフト コーポレートバイスプレジデント コマーシャルチーフマーケティングオフィサー 沼本健のコメント:「映像解析とスマートカメラにより、幅広いビジネスシナリオにおいて洞察力や成果の向上が期待できます。本協業を通じて、マイクロソフトが提供する、信頼性の高いエンタープライズグレードの AI や解析ソリューションの専門知識と、ソニーがイメージセンサーの市場において確立しているリーダーシップを融合し、相互の顧客とパートナーに新たなチャンスを提供できることを期待しています。」マイクロソフトに関する詳細な情報は、下記マイクロソフト Web サイトを通じて入手できます。日本マイクロソフト株式会社 Web サイト http://www.microsoft.com/ja-jp/マイクロソフトコーポレーション Web サイト http://www.microsoft.com/* Microsoft、Azure は、米国 Microsoft Corporation の米国及びその他の国における登録商標または商標です。* その他、記載されている会社名、製品名は、各社の登録商標または商標です。本プレスリリースのすべての内容は、作成日時点でのものであり、予告なく変更される場合があります。正式な社内承認や各社との契約締結が必要な場合は、それまでは確定されるものではありません。また、様々な事由・背景により、一部または全部が変更、キャンセル、実現困難となる場合があります。予めご了承下さい。Tags: Cloud Computing, Digital Transformation, 人工知能(AI)
2020年5月20日	 内閣官房新型コロナウイルス感染症対策推進室と「新型コロナウイルス感染症対策官民連携プロジェクト」の協定を締結 	https://news.microsoft.com/ja-jp/2020/05/20/200520-new-coronavirus-infectious-diseases-control-public-private-collaboration-project/	日本マイクロソフト株式会社 (本社: 東京都港区、代表取締役 社長: 吉田 仁志、以下 日本マイクロソフト) は、本日 2020 年 5 月 20 日に、内閣官房新型コロナウイルス感染症対策推進室と、「新型コロナウイルス感染症対策官民連携プロジェクト」(以下 本プロジェクト) の実施に関する協定を締結しました。本プロジェクトは、両者が連携して、IT 技術の活用拡大により新型コロナウイルス感染症の拡大防止対策を効率的かつ効果的に実施し、的確な情報提供による国民の理解を促進するとともに、新たな経済社会の展開を見据えて、新型コロナウイルス感染収束後の官民における新しい IT 技術活用のモデルを提示するものです。両者は協力して以下の事業を実施します。(1) 内閣官房新型コロナウイルス感染症対策推進室を中心に実施する、新型コロナウイルス感染症対策に関して、関連業務において IT 技術の利用拡大を推進することで、時間と場所に縛られない関連機関等とのシームレスかつ迅速な連携 (業務のバーチャル化)、および業務継続 (BCP) を実現。(2) 国民の不安を解消するための広報活動と現場機関との連携。「新型コロナウイルス感染症対策」Web サイト (https://corona.go.jp/) の充実、チャットボット拡充支援等を行います。日本マイクロソフトは、内閣官房新型コロナウイルス感染症対策推進室と連携して上記事業を実施するとともに、本プロジェクトにおいて、自社製品の無償貸与や、クラウドサービスの無償提供等を行います。参考情報:2020 年 4 月 30 日 日本マイクロソフト プレスリリース「国民に正確な最新情報を提供する、内閣官房「新型コロナウイルス感染症対策」Web サイトの構築を技術支援」https://news.microsoft.com/ja-jp/2020/04/30/200430-new-coronavirus-infection-protection/Microsoft Teams を使って行われた締結式の様子。向かって左: 国務大臣 新型コロナウイルス感染症対策副本部長 西村 康稔 氏、右上段: 日本マイクロソフト株式会社 代表取締役 社長 吉田 仁志、下段: UiPath 株式会社 代表取締役 長谷川 康一 氏西村大臣が Surface に署名されている様子向かって左から、UiPath 株式会社 代表取締役 長谷川 康一 氏、日本マイクロソフト株式会社 代表取締役 社長 吉田 仁志、国務大臣 新型コロナウイルス感染症対策副本部長 西村 康稔 氏【日本マイクロソフト株式会社について】日本マイクロソフト株式会社は、マイクロソフト コーポレーションの日本法人です。マイクロソフトは、インテリジェントクラウド、インテリジェントエッジ時代のデジタルトランスフォーメーションを可能にします。「Empower every person and every organization on the planet to achieve more.(地球上のすべての個人とすべての組織が、より多くのことを達成できるようにする)」を企業ミッションとしています。日本マイクロソフトは、この企業ミッションに基づき、「革新的で、安心して使っていただけるインテリジェントテクノロジを通して、日本の社会変革に貢献する」企業像を目指します。マイクロソフトに関する詳細な情報は、下記マイクロソフト Web サイトを通じて入手できます。日本マイクロソフト株式会社 Web サイト http://www.microsoft.com/ja-jp/マイクロソフトコーポレーション Web サイト http://www.microsoft.com/* Microsoft は、米国 Microsoft Corporation の米国及びその他の国における登録商標または商標です。* その他、記載されている会社名、製品名は、各社の登録商標または商標です。本プレスリリースのすべての内容は、作成日時点でのものであり、予告なく変更される場合があります。正式な社内承認や各社との契約締結が必要な場合は、それまでは確定されるものではありません。また、様々な事由・背景により、一部または全部が変更、キャンセル、実現困難となる場合があります。予めご了承下さい。
2020年6月1日	 役員人事変更について 	https://news.microsoft.com/ja-jp/2020/06/01/200601-announcement/	【日本マイクロソフト株式会社について】日本マイクロソフト株式会社は、マイクロソフト コーポレーションの日本法人です。マイクロソフトは、インテリジェントクラウド、インテリジェントエッジ時代のデジタルトランスフォーメーションを可能にします。「Empower every person and every organization on the planet to achieve more.(地球上のすべての個人とすべての組織が、より多くのことを達成できるようにする)」を企業ミッションとしています。日本マイクロソフトは、この企業ミッションに基づき、「革新的で、安心して使っていただけるインテリジェントテクノロジを通して、日本の社会変革に貢献する」企業像を目指します。マイクロソフトに関する詳細な情報は、下記マイクロソフト Web サイトを通じて入手できます。日本マイクロソフト株式会社 Web サイト http://www.microsoft.com/ja-jp/マイクロソフトコーポレーション Web サイト http://www.microsoft.com/* Microsoft は、米国 Microsoft Corporation の米国及びその他の国における登録商標または商標です。* その他、記載されている会社名、製品名は、各社の登録商標または商標です。本プレスリリースのすべての内容は、作成日時点でのものであり、予告なく変更される場合があります。正式な社内承認や各社との契約締結が必要な場合は、それまでは確定されるものではありません。また、様々な事由・背景により、一部または全部が変更、キャンセル、実現困難となる場合があります。予めご了承下さい。Tags: Corporate News
